Rk,Season,Age,Tm,Lg,Player,G,GS,MP,PER,3PAr,FTr,ORB%,DRB%,TRB%,AST%,STL%,BLK%,TOV%,USG%,ORtg,DRtg,OWS,DWS,WS,WS/48,OBPM,DBPM,BPM,VORP
1,2017-18,20,LAL,NBA,Ivica Zubac,43,0,410,15.3,0.008,0.418,11.8,20.1,16,8.8,0.9,3,15.3,17.6,111,107,0.5,0.5,1,0.118,-2.7,0.5,-2.2,0
2,2017-18,21,CLE,NBA,Ante Zizic,32,2,214,24.2,0,0.433,12.8,18.6,15.7,3.8,0.5,5.2,12.1,18.8,137,111,0.9,0.2,1,0.231,1.3,-1.2,0.1,0.1
3,2017-18,23,CHI,NBA,Paul Zipser,54,12,824,5.2,0.47,0.111,1.6,16,8.5,8,1.2,1.6,14.9,15.2,84,112,-1.2,0.6,-0.6,-0.034,-5.5,-0.3,-5.9,-0.8
4,2017-18,28,TOT,NBA,Tyler Zeller,66,34,1109,16,0.084,0.237,11,19.4,15.2,6.7,0.7,2.5,11.3,16.4,118,111,2,0.9,2.9,0.126,-1.1,-0.5,-1.6,0.1
5,2017-18,25,CHO,NBA,Cody Zeller,33,0,627,15.9,0.019,0.545,11.4,19.3,15.3,7.4,1.1,2.8,14.6,15.7,119,108,1.2,0.7,1.9,0.145,-0.6,1.3,0.7,0.4
6,2017-18,29,IND,NBA,Thaddeus Young,81,81,2607,14.8,0.209,0.106,8,14.1,11.1,8.5,2.6,1.2,10.4,17.3,108,107,2.3,3.2,5.5,0.101,0.1,1.4,1.5,2.3
7,2017-18,32,GSW,NBA,Nick Young,80,8,1393,10,0.668,0.133,1.7,7.9,5,3.5,1.3,0.4,7.2,17.6,106,112,0.8,0.9,1.7,0.058,-0.2,-3.4,-3.7,-0.6
8,2017-18,25,IND,NBA,Joe Young,53,1,558,10.1,0.355,0.156,2.4,10.3,6.4,9.9,1.3,0.2,11.6,18,102,112,0.1,0.4,0.5,0.043,-2.4,-2.3,-4.7,-0.4
9,2017-18,22,PHI,NBA,James Young,6,0,61,4.6,0.714,0.429,0,3.4,1.8,4.3,0,0,5.7,12.3,106,113,0,0,0.1,0.041,-3,-3.6,-6.6,-0.1
10,2017-18,22,BOS,NBA,Guerschon Yabusele,33,4,235,12.3,0.607,0.361,8,16.1,12.1,10,0.9,1.8,14.5,15.7,111,105,0.3,0.3,0.6,0.122,-1,0.2,-0.7,0.1
11,2017-18,25,TOR,NBA,Delon Wright,69,4,1433,16.5,0.354,0.271,3.6,11.7,7.7,19.6,2.5,1.8,13.9,17.2,116,105,2.5,2.1,4.5,0.152,1.2,1.6,2.8,1.7
12,2017-18,30,TOT,NBA,Brandan Wright,28,1,381,19,0,0.324,9.8,19.3,14.4,5.6,1.7,6.4,6.4,14.7,124,107,0.8,0.5,1.3,0.163,-1.3,2.2,0.9,0.3
13,2017-18,26,UTA,NBA,Nate Wolters,5,0,19,-2.9,0,0,6,5.9,6,7.1,0,0,0,14.2,58,112,-0.1,0,-0.1,-0.137,-10.3,-2.1,-12.4,0
14,2017-18,27,DAL,NBA,Jeff Withey,9,0,39,8.3,0.625,0.125,2.8,26.6,14.2,0,0,6.8,10.6,22,80,106,-0.1,0.1,0,-0.054,-9.1,-3.7,-12.8,-0.1
15,2017-18,21,MIA,NBA,Justise Winslow,68,25,1680,11.5,0.264,0.213,4.3,20.4,12.3,13,1.6,1.7,12.6,16.3,101,105,0.2,2.4,2.6,0.075,-2.7,1.7,-1,0.4
16,2017-18,27,LAC,NBA,Jamil Wilson,15,10,274,11.4,0.778,0.049,1.2,11.5,6.4,5.2,0.9,2.4,8.8,14.3,118,112,0.4,0.2,0.5,0.096,1.1,-1.1,0,0.1
17,2017-18,21,MIL,NBA,D.J. Wilson,22,0,71,10.3,0.313,0.125,3.3,13.2,8.3,6.1,2.1,1.2,19.2,13.3,104,111,0,0.1,0.1,0.054,-2.9,-1.2,-4.1,0
18,2017-18,23,TOT,NBA,Troy Williams,21,1,307,15.1,0.349,0.275,8,14.8,11.4,7.7,3.2,1.1,13.5,20.1,105,107,0.2,0.4,0.5,0.085,-0.1,0.2,0,0.2
19,2017-18,24,MIA,NBA,Matt Williams,3,0,11,-0.7,0.833,0,0,10.2,5.1,0,0,0,14.3,28.6,70,113,-0.1,0,0,-0.197,-8.5,-8.6,-17.1,0
20,2017-18,31,CHO,NBA,Marvin Williams,78,78,2006,13.9,0.542,0.218,3.9,16.2,10,7,1.4,1.6,9.7,14.8,118,109,3.1,1.9,5,0.119,1.1,0.5,1.7,1.9
Rk,Season,Age,Tm,Lg,Player,G,GS,MP,PER,3PAr,FTr,ORB%,DRB%,TRB%,AST%,STL%,BLK%,TOV%,USG%,ORtg,DRtg,OWS,DWS,WS,WS/48,OBPM,DBPM,BPM,VORP
21,2017-18,31,LAC,NBA,Lou Williams,79,19,2589,20.2,0.387,0.367,1.7,6.6,4.2,26.3,1.6,0.6,13.1,29.8,112,113,5.5,1.2,6.7,0.125,3.8,-2.9,1,2
22,2017-18,26,LAL,NBA,Derrick Williams,2,0,9,-3.2,0.5,0,0,11.7,5.9,0,0,0,0,18.9,55,114,0,0,0,-0.191,-11.5,-6.6,-18.1,0
23,2017-18,27,LAC,NBA,C.J. Williams,38,17,707,9.5,0.396,0.081,1.9,6.7,4.4,8.5,2.1,1.5,8.9,13.7,105,111,0.3,0.5,0.7,0.051,-1.3,-0.1,-1.4,0.1
24,2017-18,25,PHO,NBA,Alan Williams,5,0,70,9.3,0,0.5,4.5,29.5,16.8,16.3,3.4,1.2,24.2,17.5,86,105,-0.1,0.1,0,-0.004,-6.5,2.8,-3.7,0
25,2017-18,38,IND,NBA,Damien Wilkins,19,1,152,4.9,0.462,0.103,3.7,8.1,5.9,7.8,0.7,0.6,10.9,13.4,89,113,-0.1,0.1,-0.1,-0.019,-4.4,-2.1,-6.5,-0.2
26,2017-18,23,BRK,NBA,Jacob Wiley,5,0,33,8.2,0.5,0.5,6.4,29.2,17.7,8,1.5,0,0,6.4,119,108,0,0,0.1,0.094,-3.9,0.9,-3,0
27,2017-18,22,MIN,NBA,Andrew Wiggins,82,82,2979,13,0.26,0.242,3.1,10.8,6.9,8.2,1.5,1.5,8.8,23.4,101,113,0.5,1.6,2.1,0.034,-1.1,-1.4,-2.5,-0.4
28,2017-18,28,MIA,NBA,Hassan Whiteside,54,54,1364,24.1,0.003,0.315,14.3,36.6,25.4,6.9,1.4,5.9,12.3,24.7,111,99,2.3,3,5.3,0.187,-2.1,2.3,0.2,0.8
29,2017-18,22,BRK,NBA,Isaiah Whitehead,16,0,180,11.5,0.209,0.221,2.3,13.1,7.7,19.6,2.2,0.8,20.3,28.5,90,110,-0.3,0.2,-0.1,-0.035,-4.3,-1.3,-5.6,-0.2
30,2017-18,25,MIA,NBA,Okaro White,6,4,80,8.9,0.688,0.188,4.2,11.2,7.7,3.5,0.6,1.1,5.5,10.3,120,110,0.1,0.1,0.2,0.096,-1.5,-1.3,-2.9,0
31,2017-18,23,SAS,NBA,Derrick White,17,0,139,15.9,0.394,0.606,4,16.9,10.4,9.3,1.5,1.8,12.6,15.4,123,105,0.3,0.2,0.5,0.17,0,0.5,0.5,0.1
32,2017-18,24,ATL,NBA,Andrew White,15,0,209,5.8,0.671,0.055,2.1,16,9.1,4.3,0.7,0.4,9.7,17.3,88,113,-0.2,0.1,-0.1,-0.034,-4.2,-2.9,-7.1,-0.3
33,2017-18,29,OKC,NBA,Russell Westbrook,80,80,2914,24.7,0.193,0.336,5.6,25.7,15.3,49.8,2.5,0.6,16.4,34.1,109,104,5.5,4.5,10.1,0.166,5.1,3.1,8.2,7.5
34,2017-18,37,GSW,NBA,David West,73,0,999,20.9,0.021,0.209,7.7,18.2,13.3,20.5,2.3,5.9,16.2,21.7,113,103,1.8,1.7,3.5,0.168,-0.2,3.2,3,1.3
35,2017-18,25,TOT,NBA,Briante Weber,18,0,237,10.1,0.256,0.233,3.8,13.1,8.4,13.1,3.8,1.9,24,11.7,100,104,0,0.4,0.4,0.072,-3.2,2.9,-0.4,0.1
36,2017-18,24,BRK,NBA,James Webb,10,0,120,2.2,0.792,0,7,14.3,10.6,4.5,0.4,0,14.3,10.1,81,114,-0.1,0,-0.1,-0.041,-5.1,-1.5,-6.6,-0.1
37,2017-18,27,LAL,NBA,Travis Wear,17,0,228,6.9,0.653,0.111,0,17.6,8.9,4.2,0.8,1.8,7.4,15.2,98,109,0,0.2,0.2,0.042,-3.7,-1.3,-5.1,-0.2
38,2017-18,24,PHO,NBA,T.J. Warren,65,65,2142,17.6,0.085,0.24,6.1,10.5,8.3,7.2,1.5,1.5,6.7,24.9,109,114,2.6,0.8,3.4,0.077,-0.1,-1.7,-1.9,0.1
39,2017-18,24,DAL,NBA,Jameel Warney,3,0,27,22.6,0,0.417,15.9,21.3,18.5,0,0,0,6.6,25.6,119,113,0.1,0,0.1,0.157,-3.1,-9.1,-12.2,-0.1
40,2017-18,22,MIA,NBA,Derrick Walton,16,0,147,11.2,0.68,0.24,1.5,10.7,6.1,14.6,2.4,1.7,6.7,9.1,123,106,0.2,0.2,0.4,0.128,-1.5,1,-0.5,0.1
Rk,Season,Age,Tm,Lg,Player,G,GS,MP,PER,3PAr,FTr,ORB%,DRB%,TRB%,AST%,STL%,BLK%,TOV%,USG%,ORtg,DRtg,OWS,DWS,WS,WS/48,OBPM,DBPM,BPM,VORP
41,2017-18,23,ATL,NBA,Taurean Waller-Prince,82,82,2464,12.8,0.469,0.185,2.3,15.3,8.8,13.9,1.7,1.5,15.3,22.1,100,111,0,2,2,0.038,-0.7,0,-0.7,0.8
42,2017-18,23,LAC,NBA,Tyrone Wallace,30,19,851,10.1,0.162,0.316,2.7,10.7,6.8,11.8,1.5,1.3,14.1,16.6,102,112,0.2,0.5,0.7,0.042,-2.1,0.2,-2,0
43,2017-18,27,WAS,NBA,John Wall,41,41,1410,19.1,0.25,0.361,1.8,10.2,6,44.5,2,2.8,17,29.1,105,108,1.2,1.5,2.7,0.092,1.6,0,1.5,1.2
44,2017-18,27,CHO,NBA,Kemba Walker,80,80,2736,20.6,0.441,0.308,1.2,8.7,4.9,27.4,1.6,0.7,10.4,27.4,115,111,6.5,2,8.5,0.15,5.1,-1.9,3.2,3.6
45,2017-18,26,MIA,NBA,Dion Waiters,30,30,918,10.5,0.415,0.168,1,8.5,4.7,19.8,1.3,0.8,13.7,25,94,110,-0.7,0.8,0.1,0.004,-2,-2,-4,-0.5
46,2017-18,36,TOT,NBA,Dwyane Wade,67,3,1536,15,0.163,0.277,3.7,14.6,9.2,23.5,2,2.6,15.5,26.2,98,109,-0.4,1.6,1.1,0.036,-2.4,0.3,-2.1,0
47,2017-18,27,ORL,NBA,Nikola Vucevic,57,57,1683,19.7,0.243,0.112,6.6,27.8,17.1,19.9,1.6,3,11,25.9,105,106,1.3,2.3,3.6,0.102,0.6,2.1,2.7,2
48,2017-18,22,TOT,NBA,Noah Vonleh,54,16,875,12.8,0.282,0.248,8.5,30.2,19.2,5.7,1.1,1.6,10.7,14.5,106,106,0.5,1.2,1.6,0.09,-3.4,0.3,-3.1,-0.2
49,2017-18,21,TOT,NBA,Rashad Vaughn,28,0,212,9.3,0.661,0.107,1.6,9.8,5.7,8.7,1.2,1.2,9.3,13.7,107,113,0.1,0.1,0.2,0.05,-1.9,-2.8,-4.7,-0.1
50,2017-18,23,TOR,NBA,Fred VanVleet,76,0,1520,15.9,0.479,0.185,1.9,11.5,6.8,22.8,2.2,1,11.2,19.1,115,106,2.7,2,4.7,0.149,1.9,0.1,1.9,1.5
51,2017-18,24,CHI,NBA,Denzel Valentine,77,37,2095,12.1,0.513,0.071,2.4,18.3,10.1,17.8,1.5,0.5,11.8,17.5,104,111,1,1.5,2.5,0.057,-0.4,-0.1,-0.5,0.8
52,2017-18,25,TOR,NBA,Jonas Valanciunas,77,77,1727,22.5,0.108,0.307,12.1,30.3,21.4,7.5,0.8,3.2,12.9,22.7,120,103,4.6,3,7.6,0.21,0.7,0.8,1.5,1.5
53,2017-18,22,PHO,NBA,Tyler Ulis,71,43,1658,10.1,0.265,0.183,1.5,6.8,4.1,28,2,0.3,17.6,18.5,96,115,-0.7,0.5,-0.2,-0.006,-2.8,-2.4,-5.2,-1.3
54,2017-18,30,UTA,NBA,Ekpe Udoh,63,3,810,15.2,0.008,0.467,9.6,11.4,10.5,9.1,2.7,7.7,12.1,9.1,126,98,1.3,1.8,3.2,0.187,-1.1,6.8,5.7,1.6
55,2017-18,21,IND,NBA,Myles Turner,65,62,1836,16.6,0.246,0.322,5.8,19.8,12.8,7,1,5.7,11.6,20,110,106,2.2,2.5,4.7,0.122,-1.1,1.8,0.7,1.3
56,2017-18,29,POR,NBA,Evan Turner,79,40,2034,9.9,0.229,0.185,1.6,11.4,6.5,12.4,1.1,1.2,13.7,15.6,103,109,0.5,2.1,2.6,0.061,-2.4,0.6,-1.8,0.1
57,2017-18,32,HOU,NBA,P.J. Tucker,82,34,2281,8.3,0.703,0.136,4.6,17.8,11.3,4.6,1.7,1,13.7,10.5,107,106,1,3,3.9,0.082,-1.5,1.5,0,1.2
58,2017-18,22,MIN,NBA,Karl-Anthony Towns,82,82,2918,24.9,0.243,0.343,9.3,30.9,20,10.8,1.1,3.5,10.5,22.9,127,107,10.6,3.4,14,0.23,4.4,1.1,5.5,5.5
59,2017-18,32,DET,NBA,Anthony Tolliver,79,14,1757,13.9,0.773,0.282,3.1,12.3,7.6,7.5,0.9,1.1,9.9,14.8,126,110,3.8,1.5,5.3,0.146,2.3,-0.8,1.5,1.5
60,2017-18,23,LAC,NBA,Sindarius Thornwell,73,17,1156,8.2,0.262,0.378,3.2,10,6.7,7.8,2,1.8,16.3,12.1,101,111,0.1,0.9,1,0.041,-2.6,1,-1.6,0.1
Rk,Season,Age,Tm,Lg,Player,G,GS,MP,PER,3PAr,FTr,ORB%,DRB%,TRB%,AST%,STL%,BLK%,TOV%,USG%,ORtg,DRtg,OWS,DWS,WS,WS/48,OBPM,DBPM,BPM,VORP
61,2017-18,26,CLE,NBA,Tristan Thompson,53,22,1072,13.6,0,0.336,13.4,23.3,18.4,4.3,0.7,1.3,11.8,12.6,120,112,1.8,0.7,2.5,0.113,-1.6,-0.9,-2.5,-0.1
62,2017-18,27,GSW,NBA,Klay Thompson,73,73,2506,16.1,0.441,0.083,1.5,10.3,6.2,11.2,1.1,1.1,9.5,23.7,110,111,3.2,1.8,4.9,0.094,1.8,-2.4,-0.6,0.9
63,2017-18,29,NYK,NBA,Lance Thomas,73,31,1353,6.3,0.464,0.199,3.6,10.7,7.2,4.2,1.1,0.9,12.1,10.7,103,113,0.3,0.6,0.9,0.031,-2.1,-0.5,-2.6,-0.2
64,2017-18,28,TOT,NBA,Isaiah Thomas,32,15,862,12.6,0.447,0.311,2.2,6.3,4.2,27.1,0.8,0.3,16.6,28.8,99,115,-0.1,0.3,0.2,0.009,-0.9,-4.3,-5.2,-0.7
65,2017-18,25,BOS,NBA,Daniel Theis,63,3,936,16.1,0.249,0.348,10.7,21.2,16,9.1,1.6,4.3,17.2,15.5,117,100,1.6,1.9,3.5,0.178,-0.8,3.4,2.6,1.1
66,2017-18,40,MIL,NBA,Jason Terry,51,4,814,8.1,0.747,0.058,0.7,6.2,3.5,9.7,2.6,1.4,13.7,10.1,103,111,0.1,0.6,0.7,0.042,-1.6,-0.5,-2.1,0
67,2017-18,30,LAC,NBA,Milos Teodosic,45,36,1134,11.6,0.644,0.128,1.6,10.5,6.1,26.2,1,0.4,20.3,18.2,107,114,0.9,0.5,1.4,0.058,0.8,-2.2,-1.4,0.2
68,2017-18,31,SAC,NBA,Garrett Temple,65,35,1615,10.2,0.477,0.164,1.5,9.6,5.4,11.3,1.8,1.6,13.4,16.4,102,112,0.3,0.9,1.2,0.035,-1.3,-0.6,-1.9,0.1
69,2017-18,32,MIL,NBA,Mirza Teletovic,10,0,159,13.5,0.789,0,2.2,14.7,8.5,9.5,1.3,0.5,10.9,18.2,113,113,0.2,0.1,0.3,0.09,1.6,-3.3,-1.6,0
70,2017-18,24,MEM,NBA,Marquis Teague,3,0,74,5.7,0.25,0.313,1.5,8,4.7,24.7,2.7,0,14.2,12.9,83,112,-0.1,0,-0.1,-0.038,-5.8,-1.6,-7.3,-0.1
71,2017-18,29,MIN,NBA,Jeff Teague,70,70,2311,16.4,0.287,0.301,1.2,9.3,5.2,30.6,2.2,0.8,16.4,20.6,111,112,3.4,1.4,4.9,0.101,1.5,-1.3,0.2,1.3
72,2017-18,23,ATL,NBA,Isaiah Taylor,67,9,1167,10.9,0.205,0.362,2.1,6.9,4.5,27,1.4,0.7,15.7,20.1,101,114,0.2,0.5,0.6,0.027,-2.9,-2.5,-5.4,-1
73,2017-18,19,BOS,NBA,Jayson Tatum,80,80,2438,15.3,0.29,0.309,2.3,15.6,9,8.3,1.7,2,10.7,19.5,111,103,3,4,7.1,0.139,-0.5,1.5,1,1.8
74,2017-18,20,POR,NBA,Caleb Swanigan,27,3,189,7.5,0.133,0.3,8.7,22.3,15.6,10.8,1.3,1.3,20.9,20,88,105,-0.3,0.3,0,-0.003,-6,0.6,-5.4,-0.2
75,2017-18,22,IND,NBA,Edmond Sumner,1,0,2,39.8,0,0,0,56.1,28.2,0,0,0,0,22.3,200,101,0,0,0,0.425,4.6,-9.9,-5.3,0
76,2017-18,29,CHO,NBA,Julyan Stone,23,0,175,7.6,1,0.154,0.6,17.6,9,19.2,1.1,1,33.5,5.2,123,110,0.2,0.2,0.3,0.087,-2.1,0.3,-1.8,0
77,2017-18,26,UTA,NBA,David Stockton,3,0,9,33.9,1,1.333,0,0,0,0,0,0,17.4,28.8,162,113,0.1,0,0.1,0.459,14.8,-8.1,6.7,0
78,2017-18,27,IND,NBA,Lance Stephenson,82,7,1850,12.4,0.327,0.179,3.8,22,12.9,18.6,1.2,0.8,14.7,21.6,99,108,-0.3,2,1.8,0.045,-2,-0.1,-2.1,0
79,2017-18,24,TOT,NBA,Nik Stauskas,41,0,523,9,0.649,0.188,0.8,12.3,6.5,11.1,0.8,0.6,13.5,15.9,101,113,0.1,0.3,0.3,0.031,-2.1,-1.8,-4,-0.3
80,2017-18,30,ORL,NBA,Marreese Speights,52,3,675,13.7,0.668,0.158,3.4,18.4,10.8,9.8,0.6,2.6,9.7,26.9,101,111,0.1,0.5,0.6,0.045,0.2,-2.9,-2.8,-0.1
Rk,Season,Age,Tm,Lg,Player,G,GS,MP,PER,3PAr,FTr,ORB%,DRB%,TRB%,AST%,STL%,BLK%,TOV%,USG%,ORtg,DRtg,OWS,DWS,WS,WS/48,OBPM,DBPM,BPM,VORP
81,2017-18,26,MIL,NBA,Tony Snell,75,59,2053,8.5,0.631,0.113,0.5,7.5,4,6.5,1.1,1.2,7.5,10.6,113,114,1.6,0.7,2.4,0.056,-0.5,-1.3,-1.8,0.1
82,2017-18,32,NOP,NBA,Josh Smith,3,0,12,3.5,0,0,28.1,8.7,18.1,0,0,0,0,14.4,94,115,0,0,0,-0.013,-6,-7.4,-13.4,0
83,2017-18,31,WAS,NBA,Jason Smith,33,2,285,8.8,0.278,0.183,7.2,13.9,10.5,7.4,0.5,4,11.4,21.7,93,110,-0.2,0.3,0,0.003,-4.8,-1.1,-6,-0.3
84,2017-18,32,CLE,NBA,J.R. Smith,80,61,2244,8.5,0.64,0.094,1.5,10.1,5.9,8.6,1.5,0.4,11.6,13.8,103,114,0.6,0.9,1.4,0.031,-0.6,-1,-1.7,0.2
85,2017-18,29,DET,NBA,Ish Smith,82,35,2043,15.4,0.126,0.145,1.4,10.9,6.1,28.4,1.6,0.9,11.2,20.8,109,109,2.4,2,4.4,0.102,-0.6,-0.6,-1.2,0.4
86,2017-18,20,DAL,NBA,Dennis Smith,69,69,2049,12.8,0.331,0.189,2.6,11.8,7,29.5,1.7,0.8,15,28.9,93,110,-2.4,1.7,-0.7,-0.017,-1.5,-0.7,-2.3,-0.1
87,2017-18,23,BOS,NBA,Marcus Smart,54,11,1614,10.8,0.483,0.258,3,9.8,6.4,23.7,2.2,1.2,18.4,19.4,97,104,-0.6,2.5,1.9,0.056,-1.6,1.1,-0.5,0.6
88,2017-18,29,OKC,NBA,Kyle Singler,12,0,59,5.9,0.238,0.619,1.8,17.5,9.4,4.8,0.8,0,10.1,21.6,88,111,-0.1,0,0,-0.031,-7.7,-4.2,-11.8,-0.1
89,2017-18,20,MEM,NBA,Kobi Simmons,32,12,643,7.7,0.206,0.132,2.5,6.6,4.5,16.5,1.4,0.7,18,17,94,115,-0.4,0.2,-0.2,-0.013,-3.9,-2.1,-6,-0.6
90,2017-18,28,ORL,NBA,Jonathon Simmons,69,50,2029,12.7,0.268,0.317,3.3,9.7,6.5,13.3,1.4,0.6,14.4,22,103,113,0.8,1.1,1.9,0.045,-1,-1.3,-2.3,-0.2
91,2017-18,21,PHI,NBA,Ben Simmons,81,81,2732,20,0.011,0.342,5.9,19.5,13,37.4,2.5,2.1,19.5,22.3,111,102,4.2,5,9.2,0.162,1,3.6,4.6,4.6
92,2017-18,30,BOS,NBA,Xavier Silas,2,0,7,-4.9,0.667,0,15.8,15.4,15.6,0,7.1,0,0,19.1,27,93,-0.1,0,0,-0.25,-12.6,-0.8,-13.4,0
93,2017-18,23,TOR,NBA,Pascal Siakam,81,5,1679,14.5,0.265,0.175,5.4,18.6,12.1,13.5,1.8,2,11.1,15.7,113,105,2.1,2.5,4.7,0.133,0,2.2,2.1,1.7
94,2017-18,27,CLE,NBA,Iman Shumpert,14,6,276,6.4,0.448,0.259,2.9,13.6,8.3,8.1,1.6,1.2,19.9,12.9,91,112,-0.2,0.2,0,-0.006,-3.9,-0.1,-4,-0.1
95,2017-18,31,TOT,NBA,Ramon Sessions,28,3,392,11.2,0.222,0.487,1.7,9.1,5.4,27.2,1.8,0.4,17.4,19.3,101,112,0.1,0.3,0.3,0.039,-3,-2.2,-5.2,-0.3
96,2017-18,23,MEM,NBA,Wayne Selden,35,9,692,11.8,0.454,0.219,2.6,6.8,4.7,16,1.3,0.7,15.5,22.6,101,115,0.1,0.2,0.3,0.023,-0.7,-3.3,-4,-0.4
97,2017-18,33,UTA,NBA,Thabo Sefolosha,38,6,806,15.8,0.35,0.225,4.1,18.4,11.3,6.3,3.2,1.3,10.2,16.4,113,101,1,1.6,2.6,0.156,-0.3,2.3,1.9,0.8
98,2017-18,29,WAS,NBA,Mike Scott,76,1,1406,13.7,0.311,0.145,4,15.8,9.9,9.1,0.8,0.6,12.4,20,109,111,1.4,1,2.5,0.085,-0.5,-1.8,-2.3,-0.1
99,2017-18,24,ATL,NBA,Dennis Schroder,67,67,2078,17.3,0.229,0.231,2.4,8.8,5.6,36.2,1.7,0.2,12.7,30.4,104,113,1.5,1,2.6,0.059,1.5,-2.2,-0.7,0.7
100,2017-18,26,WAS,NBA,Tomas Satoransky,73,30,1643,15.4,0.263,0.25,5,11.1,8,24.8,1.6,0.8,16.3,13.7,124,111,3.7,1.3,5,0.145,1.3,-0.2,1.1,1.3
101,2017-18,23,PHI,NBA,Dario Saric,78,73,2310,15.8,0.448,0.233,7.5,16.4,12.1,13,1.1,0.7,13.1,20.9,113,107,3.8,2.8,6.6,0.137,1.6,-0.2,1.4,2
102,2017-18,24,SAC,NBA,JaKarr Sampson,22,6,344,13.9,0.123,0.198,6.7,19.7,12.9,3.9,1.2,6.1,8.3,12.5,117,108,0.4,0.4,0.8,0.114,-2.6,1.9,-0.7,0.1
103,2017-18,21,IND,NBA,Domantas Sabonis,74,19,1810,17.5,0.056,0.339,10.4,25.2,17.8,12.7,1.1,1.6,15.3,22.1,110,107,2.5,2.2,4.7,0.126,-0.8,0.5,-0.2,0.8
104,2017-18,21,BRK,NBA,D'Angelo Russell,48,35,1234,15.2,0.414,0.195,2.6,13.8,8.1,35.7,1.4,1,16.8,30.8,98,111,-0.5,0.9,0.4,0.014,0.8,-1.2,-0.4,0.5
105,2017-18,27,UTA,NBA,Ricky Rubio,77,77,2254,15.4,0.33,0.307,2.2,15.3,8.8,28.4,2.7,0.4,18.1,22.9,105,103,1.5,3.8,5.3,0.112,0.1,1.6,1.7,2.1
106,2017-18,23,BOS,NBA,Terry Rozier,80,16,2068,15.1,0.503,0.186,3.4,16.3,9.9,17.5,1.9,0.8,8.5,20.4,109,104,2.2,3.4,5.6,0.13,0.8,1,1.8,2
107,2017-18,26,ORL,NBA,Terrence Ross,24,20,600,9.9,0.487,0.188,1.8,11.6,6.7,9.3,2.2,1.5,12.3,17.3,96,110,-0.2,0.5,0.3,0.025,-2.2,0.1,-2.1,0
108,2017-18,29,TOT,NBA,Derrick Rose,25,7,420,11.5,0.161,0.247,3.5,5.8,4.7,13.6,0.8,0.8,14.5,25.4,97,116,-0.2,0.1,-0.2,-0.018,-3.8,-3.9,-7.8,-0.6
109,2017-18,31,NOP,NBA,Rajon Rondo,65,63,1705,15.3,0.304,0.093,2,14.2,8.4,42.2,2,0.5,22.7,16.9,109,109,1.9,1.7,3.6,0.101,-0.4,-0.7,-1.1,0.4
110,2017-18,24,IND,NBA,Glenn Robinson,23,1,338,10.8,0.4,0.129,3.7,8.6,6.2,6.8,1.9,0.3,5.3,12.5,114,111,0.4,0.3,0.6,0.088,-0.9,-0.9,-1.8,0
111,2017-18,22,WAS,NBA,Devin Robinson,1,0,13,10.5,0,0,17.4,26,21.7,0,3.8,0,0,10.2,103,102,0,0,0,0.098,-5.7,-2.6,-8.2,0
112,2017-18,26,OKC,NBA,Andre Roberson,39,39,1037,10.9,0.222,0.235,7.8,12.2,9.9,6,2.2,3.1,14.4,8.6,114,107,0.8,1.3,2.2,0.1,-1.3,2.8,1.5,0.9
113,2017-18,25,LAC,NBA,Austin Rivers,61,59,2057,12.6,0.447,0.198,1.5,6.2,3.9,17.5,1.7,0.6,11.1,20.6,105,113,1.4,1,2.4,0.056,0.8,-1.7,-0.9,0.6
114,2017-18,22,TOT,NBA,Malachi Richardson,26,4,324,5.9,0.444,0.244,1.7,10.6,6,5.6,1.6,0.3,9.1,15.2,91,114,-0.2,0.1,-0.1,-0.015,-4.3,-2.1,-6.4,-0.4
115,2017-18,24,MIA,NBA,Josh Richardson,81,81,2689,13.6,0.38,0.16,2.9,9,6,13.2,2.3,2.4,12.9,18.2,106,106,1.8,3.5,5.4,0.096,-0.1,1.5,1.4,2.3
116,2017-18,27,TOT,NBA,Willie Reed,42,5,428,19.2,0.017,0.455,9.1,21.8,15.5,3.6,1,4.3,11.6,16.6,125,108,1,0.5,1.5,0.172,-0.8,-0.1,-0.9,0.1
117,2017-18,22,PHO,NBA,Davon Reed,21,1,242,4.8,0.5,0.158,0.9,16.6,8.6,7.6,2,0.7,11,16,80,112,-0.5,0.2,-0.3,-0.059,-5.8,-1,-6.7,-0.3
118,2017-18,33,PHI,NBA,J.J. Redick,70,70,2116,15.9,0.523,0.248,0.5,8.3,4.5,15.1,0.8,0.2,9.6,21.7,119,110,4.8,1.8,6.6,0.15,2.6,-2.6,0,1.1
119,2017-18,23,MEM,NBA,Xavier Rathan-Mayes,5,0,118,0.9,0.333,0.214,0,5,2.5,23,2.6,2.4,19.3,21.7,67,111,-0.5,0.1,-0.4,-0.171,-8.7,-2,-10.7,-0.3
120,2017-18,36,SAC,NBA,Zach Randolph,59,57,1508,17.3,0.193,0.14,7,23.7,15,14.9,1.4,0.6,12.5,27.6,101,111,0.3,1.2,1.5,0.048,-0.6,-1.2,-1.8,0.1
Rk,Season,Age,Tm,Lg,Player,G,GS,MP,PER,3PAr,FTr,ORB%,DRB%,TRB%,AST%,STL%,BLK%,TOV%,USG%,ORtg,DRtg,OWS,DWS,WS,WS/48,OBPM,DBPM,BPM,VORP
121,2017-18,23,LAL,NBA,Julius Randle,82,49,2190,19.9,0.05,0.47,8.9,22.8,15.9,15.8,0.9,1.7,16.3,25.3,112,107,4,2.6,6.6,0.145,0.4,0.6,0.9,1.6
122,2017-18,20,MEM,NBA,Ivan Rabb,36,5,516,16.6,0,0.237,11.6,24.1,17.7,10.4,1.2,2.4,17.3,17.7,112,110,0.7,0.5,1.2,0.109,-1.7,0.3,-1.5,0.1
123,2017-18,23,HOU,NBA,Tim Quarterman,3,0,13,2.9,0.667,0.667,0,25.8,13,10.6,0,0,34,20,78,109,0,0,0,-0.083,-8.9,-1.9,-10.8,0
124,2017-18,22,HOU,NBA,Zhou Qi,18,0,124,1.9,0.594,0.375,5.5,14.4,10,2.1,0.8,9.6,21.2,16.8,61,102,-0.5,0.2,-0.3,-0.104,-10.3,3.1,-7.2,-0.2
125,2017-18,23,ORL,NBA,Rodney Purvis,16,2,290,4.5,0.486,0.14,0.4,9.9,5.1,8.5,0.5,0.8,8.1,18.7,86,115,-0.4,0.1,-0.3,-0.056,-5,-2.9,-7.9,-0.4
126,2017-18,28,PHI,NBA,Jacob Pullen,3,0,6,-2.3,0.5,0,0,0,0,0,0,0,33.3,21.3,60,114,0,0,0,-0.21,-10.5,-4.7,-15.2,0
127,2017-18,24,IND,NBA,Alex Poythress,25,0,104,7.8,0.423,0,7.7,10.8,9.2,2.6,1.4,0.9,7.1,12,108,110,0.1,0.1,0.1,0.066,-2.3,-1.7,-4,-0.1
128,2017-18,24,TOR,NBA,Norman Powell,70,18,1062,8.5,0.497,0.104,1.5,10.9,6.3,11.8,1.7,1.2,14.4,18.9,94,107,-0.6,1.2,0.6,0.027,-2.5,-0.4,-2.8,-0.2
129,2017-18,26,DAL,NBA,Dwight Powell,79,25,1672,18.8,0.195,0.43,8.7,21.3,14.7,8.5,2,1.7,10.3,15.5,129,107,4.6,2.1,6.6,0.191,1.1,1.6,2.7,2
130,2017-18,22,NYK,NBA,Kristaps Porzingis,48,48,1553,20.4,0.256,0.309,4.4,18.1,11.3,6.2,1.1,6.4,8.4,31,105,108,1.4,1.8,3.2,0.099,-0.5,-0.2,-0.7,0.5
131,2017-18,22,CHI,NBA,Bobby Portis,73,4,1643,19.7,0.275,0.192,10,23,16.2,13.2,1.5,1.3,10.5,26,108,110,2,1.5,3.5,0.101,1,-0.6,0.3,1
132,2017-18,24,WAS,NBA,Otto Porter,77,77,2432,18.3,0.354,0.145,4.8,18.1,11.4,10.1,2.4,1.5,7.4,18.4,120,107,5,3.1,8.1,0.161,2.4,1.2,3.6,3.4
133,2017-18,29,CHI,NBA,Quincy Pondexter,23,1,196,4,0.449,0.347,4.2,10.8,7.4,6.3,2,0.9,16.3,15,81,111,-0.3,0.1,-0.2,-0.047,-6.1,-0.6,-6.7,-0.2
134,2017-18,22,TOR,NBA,Jakob Poeltl,82,0,1524,17.5,0.005,0.263,12.4,16.4,14.4,5.4,1.3,5.2,16.6,14.8,122,104,3.1,2.4,5.6,0.176,0.4,2.9,3.3,2
135,2017-18,29,ATL,NBA,Miles Plumlee,55,35,918,10.6,0,0.333,9.4,18.3,13.9,7.2,0.9,2.8,23.4,12.8,102,111,0.1,0.7,0.9,0.046,-3.8,1.3,-2.5,-0.1
136,2017-18,27,DEN,NBA,Mason Plumlee,74,26,1439,16.9,0.003,0.489,10.4,20.9,15.6,14.4,1.7,4.7,18.7,16.6,112,107,1.8,1.8,3.6,0.12,-0.9,2.7,1.8,1.4
137,2017-18,25,MIL,NBA,Marshall Plumlee,8,0,52,10.9,0,5.333,9,29.2,19.2,4.8,0,1.6,23,11.3,128,111,0.1,0,0.2,0.143,-3.7,-1.9,-5.7,0
138,2017-18,22,PHO,NBA,Alec Peters,20,0,225,10.7,0.784,0.135,3.7,14,8.8,7.9,0.4,0.7,4.9,15.5,111,116,0.2,0,0.3,0.055,-0.2,-3.1,-3.3,-0.1
139,2017-18,23,CLE,NBA,London Perrantes,14,0,66,0.7,0.231,0.385,1.7,5,3.4,9.4,1.5,1.3,6.2,10.9,68,115,-0.1,0,-0.1,-0.086,-7.5,-1.3,-8.7,-0.1
140,2017-18,33,CLE,NBA,Kendrick Perkins,1,0,15,8.4,0,1,0,7.4,3.7,17.3,3.3,0,25.8,11.4,97,111,0,0,0,0.026,-4.9,-0.8,-5.7,0
Rk,Season,Age,Tm,Lg,Player,G,GS,MP,PER,3PAr,FTr,ORB%,DRB%,TRB%,AST%,STL%,BLK%,TOV%,USG%,ORtg,DRtg,OWS,DWS,WS,WS/48,OBPM,DBPM,BPM,VORP
141,2017-18,25,TOT,NBA,Gary Payton,23,6,221,9.8,0.338,0.122,6.5,15.5,11,13.7,1.5,1.1,8.2,16.8,99,110,0,0.2,0.2,0.041,-2.7,-0.9,-3.6,-0.1
142,2017-18,23,TOT,NBA,Elfrid Payton,63,63,1808,16.5,0.138,0.252,3.8,12.8,8.2,34.9,2.2,1,18.5,21.9,105,111,1.4,1.4,2.8,0.075,0.1,0,0.1,1
143,2017-18,23,CHI,NBA,Cameron Payne,25,14,582,14,0.423,0.074,3.2,9.8,6.4,29.9,2.2,1.4,14,19.3,104,111,0.3,0.4,0.8,0.063,-0.2,-0.8,-0.9,0.2
144,2017-18,26,ORL,NBA,Adreian Payne,5,0,43,18.8,0.3,0.6,5.1,18,11.5,0,2.3,0,13.7,15,140,109,0.1,0,0.2,0.203,0.1,-4.1,-4.1,0
145,2017-18,32,HOU,NBA,Chris Paul,58,58,1847,24.4,0.475,0.277,2.3,16.7,9.5,40.9,2.6,0.6,12.5,24.5,126,105,7.5,2.7,10.2,0.265,6.2,0.9,7.1,4.3
146,2017-18,26,SAS,NBA,Brandon Paul,64,2,576,7.5,0.425,0.339,1.1,12,6.5,9,2.2,1,16.6,13.6,94,105,-0.3,0.8,0.5,0.044,-3.6,0.9,-2.8,-0.1
147,2017-18,20,MIN,NBA,Justin Patton,1,0,4,19.8,0,0,0,0,0,0,12.5,0,0,22.1,101,92,0,0,0,0.151,-0.7,4,3.3,0
148,2017-18,28,OKC,NBA,Patrick Patterson,82,3,1270,10,0.643,0.173,2.7,14.6,8.4,6.1,1.9,1.6,10.3,10.8,114,108,1.2,1.4,2.6,0.098,-1.6,0.3,-1.3,0.2
149,2017-18,29,MEM,NBA,Chandler Parsons,36,8,691,13.6,0.517,0.115,2.3,13,7.5,16.4,1.3,1.5,12.5,18.3,110,113,0.7,0.4,1.1,0.077,0.4,-1.6,-1.2,0.1
150,2017-18,35,SAS,NBA,Tony Parker,55,21,1071,12.7,0.095,0.201,0.7,9.2,4.9,28.2,1.3,0.1,13.9,20.5,103,109,0.4,1.1,1.4,0.065,-2.4,-1.7,-4.1,-0.6
151,2017-18,22,MIL,NBA,Jabari Parker,31,3,743,17.1,0.244,0.163,6.6,17.1,11.9,13.1,1.7,1.2,11.2,24.4,106,111,0.6,0.6,1.2,0.08,-0.2,-1.6,-1.8,0
152,2017-18,20,TOT,NBA,Georgios Papagiannis,17,0,122,12.2,0,0,11.6,23.4,17.2,11.2,1.6,4.7,16,18.4,91,107,-0.1,0.1,0,0.005,-5.5,1.8,-3.7,-0.1
153,2017-18,24,CHO,NBA,Marcus Paige,5,0,28,9.1,0.571,0.143,0,15.7,7.7,16.1,0,0,0,23,96,114,0,0,0,-0.006,-2.4,-4.4,-6.9,0
154,2017-18,33,GSW,NBA,Zaza Pachulia,69,57,972,17,0.004,0.352,11,25,18.5,15.2,1.9,1.4,19.1,17,117,105,1.8,1.4,3.3,0.161,-0.5,1.3,0.8,0.7
155,2017-18,22,WAS,NBA,Kelly Oubre,81,11,2231,11.9,0.467,0.295,3,15.4,9.2,6.4,1.8,1.4,9.2,19.4,106,109,1.4,2.3,3.7,0.08,-0.8,-0.4,-1.2,0.4
156,2017-18,22,CLE,NBA,Cedi Osman,61,12,672,11,0.468,0.247,3.2,16.6,10,8.7,1.6,0.4,13.4,15.7,108,112,0.5,0.4,0.9,0.064,-1.4,-1.5,-2.9,-0.2
157,2017-18,21,HOU,NBA,Chinanu Onuaku,1,0,22,-3.2,0,0,5.2,15.2,10.2,6.4,0,0,37.5,16.1,62,111,-0.1,0,-0.1,-0.147,-11.1,-1.2,-12.3,-0.1
158,2017-18,26,MIA,NBA,Kelly Olynyk,76,22,1779,17.8,0.44,0.274,5.6,21.6,13.6,18.7,1.7,1.7,17.1,21.7,112,105,2.8,2.7,5.5,0.148,1.6,1.3,2.9,2.2
159,2017-18,25,IND,NBA,Victor Oladipo,75,75,2552,23.1,0.323,0.274,2.1,15.1,8.6,21.2,3.5,2,12.7,30.1,110,104,4.3,4,8.3,0.155,3.6,1.3,4.9,4.5
160,2017-18,22,TOT,NBA,Jahlil Okafor,28,0,353,15.3,0.029,0.21,6.3,19.4,12.8,5.9,0.4,3.9,12.2,21,107,109,0.3,0.3,0.6,0.083,-3.7,-0.8,-4.5,-0.2
Rk,Season,Age,Tm,Lg,Player,G,GS,MP,PER,3PAr,FTr,ORB%,DRB%,TRB%,AST%,STL%,BLK%,TOV%,USG%,ORtg,DRtg,OWS,DWS,WS,WS/48,OBPM,DBPM,BPM,VORP
161,2017-18,35,NOP,NBA,Emeka Okafor,26,19,353,16.4,0,0.232,14.9,21.7,18.4,3.1,1.1,5.6,11,14.4,116,105,0.5,0.5,1,0.14,-2.6,1.3,-1.3,0.1
162,2017-18,23,BOS,NBA,Semi Ojeleye,73,0,1150,4.6,0.665,0.218,3.6,11.6,7.7,2.4,0.9,0.3,10.8,9,97,107,-0.2,1.3,1.2,0.048,-3.6,0.1,-3.5,-0.4
163,2017-18,27,NYK,NBA,Kyle O'Quinn,77,10,1387,20,0.044,0.33,9.7,27.8,18.8,16.8,1.3,6.1,18.5,17,118,105,2.7,2.1,4.8,0.166,0.2,4.3,4.5,2.3
164,2017-18,24,UTA,NBA,Royce O'Neale,69,4,1150,10.8,0.415,0.268,2.5,20.6,11.7,12,1.6,1.2,14.8,14.6,105,104,0.5,1.8,2.4,0.099,-2.4,1.7,-0.6,0.4
165,2017-18,24,CHO,NBA,Johnny O'Bryant,36,0,379,11.9,0.251,0.146,8.1,18.6,13.3,5.9,1.2,1.3,7.6,22.5,99,109,-0.1,0.4,0.3,0.038,-3.2,-2,-5.3,-0.3
166,2017-18,25,CHI,NBA,David Nwaba,70,21,1646,12.2,0.123,0.48,5.6,16,10.6,9.4,1.7,1.6,13.1,15.6,107,110,1.1,1.4,2.4,0.071,-2.5,0.9,-1.6,0.1
167,2017-18,23,POR,NBA,Jusuf Nurkic,79,79,2088,19.2,0.007,0.287,10,26.9,18.5,11.7,1.5,4.3,14.6,26.4,102,101,0.8,3.9,4.7,0.108,-2.6,2.8,0.3,1.2
168,2017-18,19,NYK,NBA,Frank Ntilikina,78,9,1706,7,0.314,0.136,2.4,9.1,5.8,20,1.9,0.9,19.8,16.9,89,112,-2,1.1,-0.9,-0.026,-3.5,-0.5,-3.9,-0.8
169,2017-18,39,DAL,NBA,Dirk Nowitzki,77,77,1900,16.7,0.445,0.142,1.2,25.2,12.8,10.4,1.1,2.1,6,20.5,112,108,2.6,2.2,4.8,0.121,0.1,0.3,0.3,1.1
170,2017-18,25,TOR,NBA,Lucas Nogueira,49,3,418,17.3,0.238,0.35,4.9,18.1,11.7,7.2,2.7,8.2,14.8,11.4,123,98,0.7,1,1.6,0.188,-0.7,6.2,5.4,0.8
171,2017-18,23,DAL,NBA,Nerlens Noel,30,6,472,16.2,0.01,0.267,10.9,29.3,19.8,6.3,3.3,4.1,18.1,13.8,109,100,0.4,1,1.3,0.135,-3.5,4.5,1,0.4
172,2017-18,32,NYK,NBA,Joakim Noah,7,0,40,15.6,0,0.4,16.7,22.1,19.4,14,2.5,4.3,25.4,17.2,100,105,0,0.1,0.1,0.072,-2.4,3.4,1,0
173,2017-18,24,UTA,NBA,Georges Niang,9,0,32,9.2,0.364,0.182,10.8,21.1,16,14,3.1,0,20.2,20.9,81,101,-0.1,0.1,0,-0.029,-5.5,1.4,-4,0
174,2017-18,25,UTA,NBA,Raul Neto,41,0,498,11.9,0.311,0.232,1.6,9.5,5.6,23,1.3,0.7,17.8,18.3,105,108,0.3,0.6,0.9,0.086,-2.1,-1.1,-3.2,-0.1
175,2017-18,35,TOT,NBA,Jameer Nelson,50,0,1013,8.1,0.508,0.082,1.4,9.5,5.6,22.8,1.3,0.3,21,13.7,99,112,-0.1,0.7,0.6,0.028,-2.6,-1.5,-4,-0.5
176,2017-18,26,POR,NBA,Shabazz Napier,74,10,1535,14.2,0.411,0.26,1.9,10.1,6,14.6,2.6,0.7,13.2,19.5,107,106,1.2,2,3.2,0.101,-0.2,0.3,0.2,0.8
177,2017-18,25,TOT,NBA,Larry Nance,66,27,1421,20.2,0.029,0.332,12.4,22,17.3,8.6,3,2.2,9.7,15.9,125,104,3.6,2.3,5.8,0.196,0.9,2.4,3.3,1.9
178,2017-18,24,BOS,NBA,Abdel Nader,48,1,522,5.1,0.436,0.262,2.8,12,7.4,7.1,1.4,1.6,17,17.1,83,105,-0.9,0.8,-0.1,-0.014,-5.9,0.3,-5.6,-0.5
179,2017-18,26,ATL,NBA,Mike Muscala,53,7,1060,14.4,0.535,0.199,5.9,18.3,12.1,7.3,1.4,2.2,11,15.7,115,110,1.5,0.9,2.4,0.11,0,0.2,0.2,0.6
180,2017-18,20,DEN,NBA,Jamal Murray,81,80,2565,16.1,0.411,0.238,3.6,9.4,6.5,16.4,1.5,0.9,12.8,22.8,112,113,4.3,1.2,5.5,0.103,1.8,-2,-0.2,1.2
Rk,Season,Age,Tm,Lg,Player,G,GS,MP,PER,3PAr,FTr,ORB%,DRB%,TRB%,AST%,STL%,BLK%,TOV%,USG%,ORtg,DRtg,OWS,DWS,WS,WS/48,OBPM,DBPM,BPM,VORP
181,2017-18,21,SAS,NBA,Dejounte Murray,81,48,1743,15.1,0.056,0.243,7,22.4,14.6,20.2,2.8,1.5,16.6,20.7,99,101,-0.2,3.4,3.2,0.087,-2.2,3.4,1.2,1.4
182,2017-18,25,MIL,NBA,Xavier Munford,6,0,21,-2.1,0.333,0.333,5.6,0,2.8,24.6,2.4,0,22.5,19.1,64,114,-0.1,0,-0.1,-0.197,-9.4,-4.4,-13.7,-0.1
183,2017-18,25,TOT,NBA,Shabazz Muhammad,43,2,418,15.4,0.144,0.266,6.3,14.8,10.6,5.7,1.1,0.6,2.8,23,109,113,0.5,0.2,0.7,0.081,-1.8,-4.1,-5.9,-0.4
184,2017-18,21,TOT,NBA,Emmanuel Mudiay,64,14,1245,11.5,0.281,0.245,2.3,11.3,6.8,24.5,1.6,0.8,16.2,24.3,96,113,-0.7,0.7,0,-0.002,-2.6,-2.1,-4.7,-0.9
185,2017-18,31,BRK,NBA,Timofey Mozgov,31,13,359,12.3,0.194,0.323,9.4,19.7,14.5,4.8,0.7,2.7,23.7,16.8,103,110,0.1,0.3,0.4,0.055,-3.8,-0.3,-4.1,-0.2
186,2017-18,22,DAL,NBA,Johnathan Motley,11,4,176,17.2,0.08,0.373,8.5,22.9,15.5,7.1,0.9,1,9.3,24.9,106,110,0.1,0.2,0.3,0.084,-2.8,-2.1,-4.9,-0.1
187,2017-18,22,DEN,NBA,Monte Morris,3,0,25,27.1,0.167,0.333,0,9,4.5,41.2,5.9,0,12.7,13.7,151,104,0.1,0,0.2,0.312,3.6,-1.6,2,0
188,2017-18,28,WAS,NBA,Markieff Morris,73,73,1968,13.2,0.301,0.186,4.3,19.2,11.8,11,1.4,1.7,14.6,19.5,105,108,1.2,2.1,3.3,0.08,-1,0.5,-0.5,0.7
189,2017-18,28,BOS,NBA,Marcus Morris,54,21,1447,14.5,0.383,0.252,3.3,18.4,10.9,8.1,1.2,0.7,8.7,23,106,105,1.1,2.2,3.2,0.108,-1,-0.6,-1.7,0.1
190,2017-18,22,ATL,NBA,Jaylen Morris,6,0,98,6.5,0.313,0,2.3,15.9,9.1,10.8,1,0.9,15.8,16.9,83,113,-0.2,0.1,-0.1,-0.053,-6.1,-1,-7.1,-0.1
191,2017-18,26,DET,NBA,Eric Moreland,67,3,805,13.9,0,0.238,10.9,27.6,19.1,13.3,1.9,5.6,23.8,9.7,111,101,0.7,1.6,2.3,0.135,-3.1,5.8,2.6,0.9
192,2017-18,28,NOP,NBA,E'Twaun Moore,82,80,2586,12.1,0.362,0.082,2.5,7.3,5,10.1,1.5,0.4,10.6,16.1,111,112,2.8,1.6,4.4,0.081,0.6,-0.8,-0.2,1.2
193,2017-18,22,IND,NBA,Ben Moore,2,0,9,-2.3,,,0,12.5,6.3,13.1,0,0,,0,222,113,0,0,0,0.072,-5.3,0.3,-5,0
194,2017-18,24,DET,NBA,Luis Montero,2,0,8,-15.5,0,0,0,28.2,13.8,0,0,0,66.7,16.6,0,109,-0.1,0,-0.1,-0.445,-23.7,-2.1,-25.9,0
195,2017-18,27,TOT,NBA,Greg Monroe,51,14,1040,21.2,0,0.308,11.4,25.2,18.3,18.7,2.1,1.8,17.7,22.4,112,105,1.8,1.6,3.4,0.155,0.1,2.3,2.4,1.2
196,2017-18,19,CHO,NBA,Malik Monk,63,0,854,10.3,0.572,0.089,1,7.5,4.2,16.9,1.1,0.9,9.8,24.9,96,112,-0.5,0.5,0,0.001,-1,-3.4,-4.4,-0.5
197,2017-18,24,UTA,NBA,Naz Mitrou-Long,1,0,1,133.8,1,0,0,0,0,0,0,0,0,45,300,113,0.1,0,0.1,2.712,68.6,-14.2,54.4,0
198,2017-18,21,UTA,NBA,Donovan Mitchell,79,71,2638,16.7,0.404,0.218,2.3,10.4,6.4,19.4,2.2,0.9,12.6,29.1,103,105,1.4,3.8,5.2,0.095,1.3,-0.2,1.1,2.1
199,2017-18,26,TOT,NBA,Nikola Mirotic,55,14,1494,18.7,0.523,0.2,4.3,24.9,14.6,8.6,1.4,2.2,7.7,23.4,111,107,2.2,1.8,4,0.128,1.4,-0.7,0.6,1
200,2017-18,32,DEN,NBA,Paul Millsap,38,37,1143,17,0.26,0.37,6.4,17.6,12.1,13.6,1.7,3.2,12.6,22,109,109,1.4,1.1,2.5,0.106,0,0.7,0.7,0.8
201,2017-18,29,SAS,NBA,Patty Mills,82,36,2107,11.8,0.607,0.173,1.4,6.8,4.1,16,1.3,0.4,12.6,17.8,109,109,2,2.1,4.1,0.093,0.9,-1.3,-0.4,0.9
202,2017-18,24,TOR,NBA,Malcolm Miller,15,4,126,8.9,0.75,0.143,3.6,9.6,6.7,3.2,0.4,1.3,14.4,12.1,115,111,0.1,0.1,0.2,0.087,-0.5,-1.5,-2,0
203,2017-18,27,NOP,NBA,Darius Miller,82,3,1944,9.3,0.735,0.138,1,7.9,4.6,7.5,0.7,0.7,10.1,12.8,115,113,2.1,0.9,3,0.075,0.5,-1.6,-1,0.5
204,2017-18,30,TOR,NBA,C.J. Miles,70,3,1337,13,0.758,0.162,1.5,11,6.4,6,1.4,1.3,5.7,22.3,109,108,1.4,1.5,2.9,0.103,1.7,-2.2,-0.5,0.5
205,2017-18,26,MIL,NBA,Khris Middleton,82,82,2982,17.4,0.32,0.285,1.8,15,8.4,17.7,2,0.6,11.8,24.6,111,111,4.6,2.3,6.9,0.111,1.6,-1.2,0.4,1.8
206,2017-18,23,MIA,NBA,Jordan Mickey,23,3,284,10.6,0.195,0.232,7.1,25.3,16.2,4.8,1.1,3,16.6,17.1,96,104,-0.1,0.4,0.3,0.054,-5.5,0.4,-5.1,-0.2
207,2017-18,31,DAL,NBA,Salah Mejri,61,1,729,17.8,0.022,0.482,12.5,25.4,18.7,7.2,1.5,8.2,19,12.8,122,102,1.3,1.3,2.7,0.175,-2.2,5.3,3.1,0.9
208,2017-18,30,WAS,NBA,Jodie Meeks,77,0,1119,12.4,0.534,0.298,1.5,11.2,6.4,9.1,1.3,0.3,7.7,19,111,112,1.3,0.8,2,0.087,-0.4,-2.5,-2.8,-0.2
209,2017-18,30,DAL,NBA,Josh McRoberts,2,0,6,-12.5,1,0,0,0,0,0,0,0,0,7.6,0,117,0,0,0,-0.19,-9.8,-2.4,-12.2,0
210,2017-18,24,MEM,NBA,Ben McLemore,56,17,1091,9.7,0.426,0.172,3.5,11.4,7.4,7.5,1.8,1.3,13.2,19,99,112,-0.2,0.7,0.5,0.023,-2.1,-1.4,-3.6,-0.4
211,2017-18,25,TOR,NBA,Alfonzo McKinnie,14,0,53,10.1,0.6,0.2,2.2,12.4,7.4,2.7,0.9,1.5,15.5,16,108,108,0,0.1,0.1,0.084,-1.3,-1.8,-3.1,0
212,2017-18,27,IND,NBA,Trey McKinney-Jones,1,0,1,0,,,0,0,0,0,0,0,,0,,117,0,0,0,-0.001,-5.8,-0.1,-5.9,0
213,2017-18,26,MIA,NBA,Rodney McGruder,18,2,299,12,0.479,0.11,4.1,7.9,6,8.4,1.3,0.9,5,12.1,124,110,0.5,0.3,0.8,0.125,0.1,-0.7,-0.6,0.1
214,2017-18,30,GSW,NBA,JaVale McGee,65,17,615,22.3,0.027,0.237,11.5,18.7,15.4,8,1.6,7.3,10,19.2,124,103,1.7,1.1,2.7,0.212,0.4,2.1,2.6,0.7
215,2017-18,26,TOT,NBA,Doug McDermott,81,4,1768,10.4,0.425,0.159,2.5,10.2,6.3,6.5,0.5,0.8,9.3,15,111,115,1.7,0.6,2.3,0.063,-0.7,-1.7,-2.4,-0.2
216,2017-18,22,WAS,NBA,Chris McCullough,19,0,90,15.8,0.19,0.333,8.8,22.6,15.7,7.1,0,4.9,4,24.6,104,108,0.1,0.1,0.2,0.081,-3.8,-1.9,-5.7,-0.1
217,2017-18,24,UTA,NBA,Erik McCree,4,0,8,-8.9,0.5,0,0,14,7.1,0,6.3,0,33.3,16.9,0,96,-0.1,0,-0.1,-0.334,-17.2,2.5,-14.7,0
218,2017-18,25,PHI,NBA,T.J. McConnell,76,1,1706,12.5,0.147,0.093,2.4,11.5,7.1,24.5,2.6,0.6,20.4,13.8,109,105,1.3,2.5,3.8,0.108,-1.8,1.1,-0.7,0.5
219,2017-18,26,POR,NBA,CJ McCollum,81,81,2923,17,0.316,0.166,2,9.9,6,15.8,1.3,1,8.6,26.5,108,109,3.7,2.9,6.6,0.108,1.4,-1,0.4,1.8
220,2017-18,22,GSW,NBA,Patrick McCaw,57,10,961,7.4,0.356,0.151,2,7.2,4.8,10.6,2.2,0.8,14.6,12.8,96,110,-0.3,0.8,0.6,0.029,-2.9,-0.5,-3.4,-0.3
Rk,Season,Age,Tm,Lg,Player,G,GS,MP,PER,3PAr,FTr,ORB%,DRB%,TRB%,AST%,STL%,BLK%,TOV%,USG%,ORtg,DRtg,OWS,DWS,WS,WS/48,OBPM,DBPM,BPM,VORP
221,2017-18,25,PHI,NBA,James Michael McAdoo,3,0,18,7.4,1,0.286,0,11.5,6,0,0,4.6,11.3,21,94,108,0,0,0,0.023,-4.3,-4.4,-8.7,0
222,2017-18,31,HOU,NBA,Luc Mbah a Moute,61,15,1564,10.2,0.501,0.275,1.6,11.7,6.7,5,2.3,1.4,15.1,12.9,106,106,0.7,2.1,2.8,0.086,-1.5,1.5,0,0.8
223,2017-18,31,DAL,NBA,Wesley Matthews,63,62,2131,11.4,0.577,0.145,1.4,9.2,5.2,12.3,1.8,0.7,10.1,17.6,105,111,1,1.6,2.6,0.059,0.2,-0.2,0.1,1.1
224,2017-18,25,CHO,NBA,Mangok Mathiang,4,0,20,18,0,0.143,16,38.5,27.1,0,2.4,0,0,16.1,122,103,0,0,0.1,0.183,-4.1,-5.7,-9.8,0
225,2017-18,23,SAC,NBA,Frank Mason,52,2,984,13,0.226,0.303,3.3,12.1,7.5,22.7,1.7,1,13.1,22.6,100,112,0,0.6,0.5,0.027,-2,-1.4,-3.4,-0.4
226,2017-18,23,MEM,NBA,Jarell Martin,73,36,1661,10.5,0.198,0.234,6.6,15.8,11.1,7,1.2,2.8,13.6,17.1,101,111,0.1,1.2,1.3,0.038,-3,0,-3,-0.4
227,2017-18,20,CHI,NBA,Lauri Markkanen,68,68,2020,15.6,0.465,0.193,4,23.7,13.5,6.4,0.9,1.8,8.2,21.9,107,110,1.7,1.6,3.3,0.079,-0.6,-1.3,-1.9,0.1
228,2017-18,29,TOT,NBA,Boban Marjanovic,39,1,337,26,0,0.655,15.7,31.4,23.5,11.2,1.5,2.8,15.9,29.4,116,104,1,0.5,1.5,0.215,-0.3,-0.3,-0.6,0.1
229,2017-18,20,MIL,NBA,Thon Maker,74,12,1238,10.2,0.329,0.294,7.1,14.2,10.6,5.2,1.5,3.7,11,14.6,103,110,0.3,1.1,1.5,0.056,-2.7,0,-2.7,-0.2
230,2017-18,31,WAS,NBA,Ian Mahinmi,77,0,1145,12.2,0.008,0.516,13.4,17.4,15.4,6.6,1.6,3.2,24.7,15.6,107,107,0.8,1.4,2.2,0.093,-2.3,1.6,-0.7,0.4
231,2017-18,28,ATL,NBA,Josh Magette,18,0,216,11.9,0.478,0.174,1,8.8,4.9,36.4,1.8,0.4,15.4,11.8,116,113,0.3,0.1,0.4,0.092,-2.3,-3,-5.4,-0.2
232,2017-18,27,ORL,NBA,Shelvin Mack,69,3,1365,13.3,0.336,0.234,1.8,11.6,6.7,29.5,1.9,0.5,16.3,17.6,106,111,1,1,2,0.069,-1.2,-1.2,-2.4,-0.1
233,2017-18,22,DEN,NBA,Trey Lyles,73,2,1391,17.9,0.396,0.264,4.5,23.5,14,10.1,1.1,2,9,21.1,116,110,2.7,1.2,3.9,0.134,0.6,-1.4,-0.8,0.4
234,2017-18,21,DEN,NBA,Tyler Lydon,1,0,2,0,,,0,0,0,0,0,0,,0,,120,0,0,0,-0.014,-5.7,-0.8,-6.5,0
235,2017-18,22,PHI,NBA,Timothe Luwawu-Cabarrot,52,7,807,7,0.592,0.217,1.9,7.5,4.8,9.3,0.7,0.5,11.5,17.5,101,110,0.1,0.7,0.8,0.046,-2.3,-2.4,-4.7,-0.5
236,2017-18,31,TOR,NBA,Kyle Lowry,78,78,2510,19.5,0.631,0.276,3,16.1,9.7,30.9,1.7,0.6,14.7,21.7,120,107,7,3.1,10.2,0.194,5.4,0.5,5.9,5
237,2017-18,29,CLE,NBA,Kevin Love,59,59,1651,22.4,0.453,0.365,7,29.8,18.6,9.8,1.3,1.2,9.6,25.1,120,109,4.7,1.6,6.4,0.185,2.7,-1.5,1.3,1.4
238,2017-18,29,CHI,NBA,Robin Lopez,64,64,1690,14.7,0.022,0.14,8.2,10.3,9.2,12.3,0.4,2.8,13.5,20.4,106,114,1.2,0.7,1.9,0.055,-1.7,-0.3,-1.9,0
239,2017-18,29,LAL,NBA,Brook Lopez,74,72,1735,16.4,0.41,0.199,4.6,13.4,9,11.6,0.8,4.6,10.2,23.5,108,108,1.9,1.9,3.8,0.105,0.3,0.2,0.5,1.1
240,2017-18,21,GSW,NBA,Kevon Looney,66,4,910,14.8,0.026,0.399,11,15.2,13.2,6,1.8,4.9,12,12.5,121,106,1.5,1.3,2.8,0.145,-0.9,2.1,1.2,0.7
Rk,Season,Age,Tm,Lg,Player,G,GS,MP,PER,3PAr,FTr,ORB%,DRB%,TRB%,AST%,STL%,BLK%,TOV%,USG%,ORtg,DRtg,OWS,DWS,WS,WS/48,OBPM,DBPM,BPM,VORP
241,2017-18,32,GSW,NBA,Shaun Livingston,71,7,1129,11.6,0.015,0.178,3.4,9.2,6.5,16.8,1.5,1.5,13.6,16.7,108,110,0.9,0.9,1.8,0.077,-2.6,-0.9,-3.5,-0.4
242,2017-18,29,BRK,NBA,Jeremy Lin,1,1,25,15.9,0.167,0.583,0,0,0,27.1,0,0,16.6,31.3,110,119,0,0,0,0.087,-3.1,-10.4,-13.5,-0.1
243,2017-18,27,POR,NBA,Damian Lillard,73,73,2670,25.2,0.445,0.38,2.6,10.6,6.6,30.9,1.4,0.8,11.1,30.6,120,109,9.9,2.7,12.6,0.227,7.7,-1,6.7,5.9
244,2017-18,29,TOT,NBA,DeAndre Liggins,58,4,724,6,0.5,0.047,1.1,10.6,5.9,8.4,2.5,1.6,15.6,7.9,95,109,-0.2,0.7,0.5,0.034,-3.4,1.2,-2.2,0
245,2017-18,23,BRK,NBA,Caris LeVert,71,10,1864,14.3,0.333,0.254,3,11.9,7.4,26,2.1,0.9,15.8,22.5,103,110,0.7,1.6,2.3,0.059,-0.3,-0.2,-0.5,0.7
246,2017-18,28,DET,NBA,Jon Leuer,8,0,136,8.9,0.083,0.417,5.6,20.7,13,5.3,0.4,2,14.1,16.1,100,109,0,0.1,0.1,0.051,-5.6,-0.4,-5.9,-0.1
247,2017-18,25,POR,NBA,Meyers Leonard,33,2,254,17.8,0.333,0.141,5.2,24.7,15,10.6,1.4,0,10.8,16.1,129,106,0.7,0.3,1.1,0.2,1.2,-0.2,0.9,0.2
248,2017-18,26,SAS,NBA,Kawhi Leonard,9,9,210,26,0.315,0.342,3.1,19.1,11.1,17.7,4.3,3.6,11.1,30.6,109,97,0.3,0.5,0.9,0.196,2.7,3.2,5.9,0.4
249,2017-18,24,PHO,NBA,Alex Len,69,13,1395,19.4,0.008,0.611,13.2,26.7,19.8,9.1,0.9,3.5,14,17,121,110,3.2,1.3,4.5,0.154,-0.3,1.1,0.8,1
250,2017-18,25,NOP,NBA,"Walt Lemon, Jr.",5,0,35,6.9,0.063,0.188,0,6,3.1,21.1,0,2.3,18.8,26.4,88,114,-0.1,0,-0.1,-0.071,-7.5,-4.2,-11.7,-0.1
251,2017-18,25,ATL,NBA,Damion Lee,15,11,404,12,0.395,0.191,3,16.6,9.8,11.2,2.3,0.2,7.8,19.3,100,110,0,0.4,0.4,0.046,-1.7,-0.4,-2.1,0
252,2017-18,32,NYK,NBA,Courtney Lee,76,69,2310,13,0.368,0.164,1.4,9.3,5.4,11.3,1.7,0.6,9.4,16.9,112,113,2.7,1.2,3.9,0.082,0.8,-0.7,0,1.2
253,2017-18,20,IND,NBA,T.J. Leaf,53,0,459,10.7,0.309,0.118,7.2,13,10.1,2.8,0.5,0.8,6.5,14.9,113,112,0.5,0.3,0.8,0.082,-1.9,-2.9,-4.8,-0.3
254,2017-18,23,POR,NBA,Jake Layman,35,1,160,4.9,0.426,0.064,2.8,8.1,5.5,9.4,1.9,2,9.4,14.6,81,107,-0.3,0.2,-0.1,-0.021,-5.3,0.4,-5,-0.1
255,2017-18,22,CHI,NBA,Zach LaVine,24,24,656,14.6,0.346,0.301,1.4,14.4,7.7,18.6,1.8,0.5,9.7,29.5,99,111,-0.1,0.5,0.3,0.025,-0.6,-2,-2.7,-0.1
256,2017-18,26,SAS,NBA,Joffrey Lauvergne,55,1,534,16.5,0.026,0.247,13,22.6,17.8,12.2,0.9,0.5,13.5,20.4,109,106,0.6,0.7,1.3,0.12,-1.4,-0.1,-1.6,0.1
257,2017-18,25,BOS,NBA,Shane Larkin,54,2,775,10.4,0.393,0.169,2.1,10.7,6.5,18.5,1.9,0.3,12.3,15.5,104,106,0.3,1.1,1.4,0.087,-2.3,0.2,-2.1,0
258,2017-18,25,CHO,NBA,Jeremy Lamb,80,18,1967,17,0.305,0.25,2.7,15.4,8.9,15.4,1.5,1.4,9.1,22.4,112,109,3,1.9,4.9,0.12,1.2,-0.2,0.9,1.5
259,2017-18,21,SAC,NBA,Skal Labissiere,60,28,1240,14.3,0.111,0.258,8.7,18.1,13.2,9.1,1,3.7,12.5,21.1,103,111,0.4,1,1.4,0.054,-2.7,0.1,-2.6,-0.2
260,2017-18,28,NYK,NBA,Mindaugas Kuzminskas,1,0,2,-41.1,0,0,0,0,0,0,0,0,0,43.6,0,120,0,0,0,-1.065,-36.6,-12.7,-49.3,0
Rk,Season,Age,Tm,Lg,Player,G,GS,MP,PER,3PAr,FTr,ORB%,DRB%,TRB%,AST%,STL%,BLK%,TOV%,USG%,ORtg,DRtg,OWS,DWS,WS,WS/48,OBPM,DBPM,BPM,VORP
261,2017-18,22,LAL,NBA,Kyle Kuzma,77,37,2401,14.2,0.418,0.2,3.9,17.4,10.7,9.1,1,1.1,11,22.5,105,109,1.5,2.3,3.8,0.077,-0.3,-1,-1.3,0.4
262,2017-18,28,SAC,NBA,Kosta Koufos,71,13,1391,17.5,0,0.19,11.7,27.6,19.3,9.7,1.7,2.2,10.4,15.2,117,108,2.3,1.5,3.9,0.134,-0.8,1.4,0.5,0.9
263,2017-18,36,CLE,NBA,Kyle Korver,73,4,1574,13.4,0.777,0.149,0.7,10.9,5.9,8,1,1.5,9.6,16,120,114,2.8,0.6,3.4,0.104,2.2,-2,0.1,0.9
264,2017-18,22,NYK,NBA,Luke Kornet,20,1,326,13.6,0.632,0.088,3.8,18,10.9,11.6,0.9,4.2,8.5,19,106,110,0.2,0.3,0.5,0.077,0.1,0.1,0.2,0.2
265,2017-18,20,PHI,NBA,Furkan Korkmaz,14,0,80,3.4,0.607,0.143,2.8,11.7,7.4,6.7,1.2,1,6.3,16.9,86,107,-0.1,0.1,0,-0.006,-5,-1.8,-6.9,-0.1
266,2017-18,26,DAL,NBA,Maxi Kleber,72,36,1206,13.4,0.414,0.191,6.3,15.6,10.8,6.4,1.1,3.5,8.2,13.7,117,109,1.6,1.2,2.8,0.113,-1,1.2,0.2,0.7
267,2017-18,28,TOT,NBA,Sean Kilpatrick,52,1,640,11.6,0.49,0.245,0.8,14.2,7.5,11.3,1,0.7,10.4,24.9,97,113,-0.2,0.3,0.1,0.008,-2.5,-3.6,-6.1,-0.7
268,2017-18,24,CHO,NBA,Michael Kidd-Gilchrist,74,74,1850,12.5,0.004,0.305,4.8,13,8.8,5.9,1.3,1.4,7.8,16.2,109,110,1.6,1.6,3.2,0.084,-2,0.3,-1.8,0.1
269,2017-18,21,DET,NBA,Luke Kennard,73,9,1463,12.1,0.419,0.163,1.6,11.9,6.6,12.7,1.5,0.8,12.2,17.2,108,109,1.1,1.4,2.6,0.085,-1.1,-0.4,-1.5,0.2
270,2017-18,25,NYK,NBA,Enes Kanter,71,71,1830,24,0.003,0.258,16.6,30.6,23.6,9.4,1,1.7,13.3,21.8,122,108,5.5,2.1,7.6,0.198,2.4,0.1,2.5,2.1
271,2017-18,24,CHO,NBA,Frank Kaminsky,79,4,1835,14.4,0.383,0.271,2.7,14.5,8.5,11,1,0.9,7.6,20.5,110,111,2.3,1.3,3.6,0.094,0.3,-1.2,-0.9,0.5
272,2017-18,26,IND,NBA,Cory Joseph,82,17,2210,11,0.315,0.156,2,11.4,6.7,16.1,1.8,0.7,11.9,14.8,106,110,1.2,2,3.1,0.068,-1.3,0.1,-1.2,0.5
273,2017-18,29,LAC,NBA,DeAndre Jordan,77,77,2424,20.2,0,0.54,15.1,37.6,26.5,7.1,0.8,2.4,16.1,15.2,125,105,6,3.4,9.4,0.186,0.5,1.6,2.1,2.5
274,2017-18,21,MIN,NBA,Tyus Jones,82,11,1467,14.1,0.393,0.247,1.2,9.2,5.2,21.2,3.2,0.4,14,12.7,119,110,2.3,1.2,3.6,0.117,0.8,-0.3,0.5,0.9
275,2017-18,24,TOT,NBA,Jalen Jones,16,0,181,10.3,0.382,0.279,7.7,15.7,11.6,3.5,1.4,0.5,8.4,20.9,98,110,0,0.1,0.1,0.027,-3.5,-2.9,-6.4,-0.2
276,2017-18,20,TOT,NBA,Derrick Jones,20,8,245,10.1,0.34,0.453,9.6,7.8,8.7,5.1,0.8,4.4,9.9,12.8,107,109,0.1,0.2,0.4,0.075,-2.7,0.7,-2,0
277,2017-18,22,GSW,NBA,Damian Jones,15,0,89,6.8,0,0.227,6.8,10.6,8.8,2.9,0.5,2.7,14.2,13.9,99,111,0,0.1,0.1,0.031,-4.9,-1.7,-6.6,-0.1
278,2017-18,22,DEN,NBA,Nikola Jokic,75,73,2443,24.4,0.277,0.31,9,27.9,18.5,29.6,1.8,2.1,15.5,24.2,121,107,7.8,2.9,10.7,0.211,4.8,2.3,7.1,5.6
279,2017-18,30,LAC,NBA,Wesley Johnson,74,40,1486,9.8,0.481,0.158,2.2,13.6,8,5.6,2.5,3.5,12.3,13,99,107,-0.1,1.7,1.7,0.055,-2,2.3,0.3,0.9
280,2017-18,25,MIA,NBA,Tyler Johnson,72,39,2052,13,0.456,0.181,1.9,11.7,6.8,12.4,1.5,1.4,9.5,18.6,109,108,1.9,2.3,4.2,0.097,-0.1,-0.1,-0.2,0.9
Rk,Season,Age,Tm,Lg,Player,G,GS,MP,PER,3PAr,FTr,ORB%,DRB%,TRB%,AST%,STL%,BLK%,TOV%,USG%,ORtg,DRtg,OWS,DWS,WS,WS/48,OBPM,DBPM,BPM,VORP
281,2017-18,21,DET,NBA,Stanley Johnson,69,50,1894,9,0.418,0.259,1.9,13,7.3,8.5,2.5,0.7,11,16.4,97,107,-0.6,2.4,1.8,0.046,-2.6,1.1,-1.5,0.2
282,2017-18,28,MEM,NBA,Omari Johnson,4,0,75,10.5,0.571,0,6,11.1,8.5,14.5,1.3,0,12.5,14.4,108,114,0.1,0,0.1,0.053,-0.6,-2.2,-2.8,0
283,2017-18,36,TOT,NBA,Joe Johnson,55,4,1205,8.1,0.403,0.125,1.3,14.7,8.1,10.2,0.7,0.5,11.4,15.9,98,109,-0.3,1.3,1,0.04,-3.4,-0.4,-3.8,-0.5
284,2017-18,30,MIA,NBA,James Johnson,73,41,1943,15.8,0.301,0.264,3.5,17.2,10.3,22.5,1.8,2.2,17.2,19.1,109,105,2.2,2.8,4.9,0.122,-0.1,1.7,1.7,1.8
285,2017-18,22,OKC,NBA,Dakari Johnson,31,6,161,16.4,0,0.513,10.7,12.8,11.7,7.2,1.8,4.5,5.9,13.5,128,106,0.4,0.2,0.6,0.178,-0.9,1.2,0.3,0.1
286,2017-18,23,TOT,NBA,Brice Johnson,18,0,98,18.2,0.024,0.119,10.4,25.5,17.9,3.4,4.5,5.5,10.2,22.3,96,99,0,0.2,0.2,0.082,-4.9,2,-2.8,0
287,2017-18,30,PHI,NBA,Amir Johnson,74,18,1171,14.8,0.123,0.327,11.8,18.3,15.2,13.9,1.8,3.1,15.6,12.8,121,103,2.1,2,4.1,0.169,-0.2,3.1,2.9,1.5
288,2017-18,30,UTA,NBA,Jonas Jerebko,74,19,1134,13.2,0.46,0.167,5.4,19.1,12.3,5.7,1.1,0.9,6.9,15.6,118,106,1.8,1.6,3.4,0.144,-0.3,-0.3,-0.6,0.4
289,2017-18,28,MIL,NBA,Brandon Jennings,14,0,205,12.7,0.458,0.139,2.9,14.8,8.9,31.1,1.5,1.7,19.1,20.8,99,111,0,0.1,0.1,0.026,-2,-1.7,-3.8,-0.1
290,2017-18,37,DEN,NBA,Richard Jefferson,20,0,163,6.4,0.259,0.259,1.4,10.3,5.9,12,0.6,0.5,14.3,9.4,106,115,0.1,0,0.1,0.029,-3.8,-2,-5.9,-0.2
291,2017-18,33,IND,NBA,Al Jefferson,36,1,484,20.2,0.014,0.173,7,26.2,16.7,10,1.7,4.2,8.6,22.5,113,104,0.8,0.8,1.6,0.158,-1.7,1.3,-0.5,0.2
292,2017-18,27,TOT,NBA,Mike James,36,10,687,13.9,0.305,0.262,2,12.2,7,29.4,2,0.8,12,25.1,99,113,-0.1,0.3,0.2,0.017,-0.9,-1.8,-2.6,-0.1
293,2017-18,33,CLE,NBA,LeBron James,82,82,3026,28.6,0.257,0.336,3.7,22.3,13.1,44.4,1.9,2,16.1,31.6,118,109,11,3,14,0.221,7.6,2,9.6,8.9
294,2017-18,27,DET,NBA,Reggie Jackson,45,45,1201,15.9,0.293,0.232,2.6,9,5.7,32.8,1.1,0.3,13.5,27.1,105,111,1.1,0.9,2,0.078,0.8,-2.3,-1.5,0.2
295,2017-18,22,SAC,NBA,Justin Jackson,68,41,1506,9.2,0.442,0.086,2,12.6,7.1,7.2,0.9,0.8,8.4,14.2,103,114,0.4,0.5,1,0.031,-2,-1.5,-3.5,-0.6
296,2017-18,20,PHO,NBA,Josh Jackson,77,35,1959,11.8,0.233,0.299,5.1,14.2,9.6,10.1,2,1.4,12.2,26,93,112,-2,1.2,-0.7,-0.018,-3.1,-1.2,-4.3,-1.1
297,2017-18,23,TOT,NBA,Demetrius Jackson,15,0,80,5.4,0.389,0.111,7.1,9.8,8.4,15.9,3.1,1.1,34.6,15.8,77,105,-0.2,0.1,-0.1,-0.047,-6.4,1,-5.5,-0.1
298,2017-18,31,HOU,NBA,Aaron Jackson,1,0,35,2.4,0.444,0.222,6.5,3.2,4.8,4,0,0,9.2,13.7,91,114,0,0,0,-0.017,-4.6,-3,-7.7,-0.1
299,2017-18,34,NYK,NBA,Jarrett Jack,62,56,1548,11.5,0.194,0.169,1.6,12.1,6.8,31.3,1.1,0.2,19.5,16.7,103,114,0.5,0.7,1.2,0.036,-1.9,-1.7,-3.5,-0.6
300,2017-18,23,ORL,NBA,Wesley Iwundu,62,12,1020,7.8,0.211,0.216,3.9,11,7.4,7.8,1.6,0.9,11.2,11.6,100,112,0,0.7,0.7,0.032,-3.7,0.2,-3.5,-0.4
301,2017-18,20,ORL,NBA,Jonathan Isaac,27,10,536,9.8,0.317,0.172,3.3,17.2,10.2,4.8,3,4.5,14.8,15,87,104,-0.6,0.8,0.2,0.021,-4.9,3.1,-1.8,0
302,2017-18,25,BOS,NBA,Kyrie Irving,60,60,1931,25,0.374,0.24,1.9,10.8,6.4,30.7,1.7,0.7,10.4,31,118,106,6.3,2.7,8.9,0.222,6.9,-0.7,6.2,4
303,2017-18,20,LAL,NBA,Brandon Ingram,59,59,1975,13.8,0.138,0.371,3.1,13.8,8.5,17.7,1.1,1.8,14.4,22.2,104,109,1,1.8,2.8,0.068,-1.6,0.3,-1.3,0.4
304,2017-18,32,LAL,NBA,Andre Ingram,2,0,64,16.3,0.529,0.176,1.7,8.3,5,15.3,2.2,3.8,14.1,14.1,124,107,0.1,0.1,0.2,0.157,0.4,0.9,1.3,0.1
305,2017-18,30,UTA,NBA,Joe Ingles,82,81,2578,14.4,0.646,0.116,1.1,13.9,7.6,22.9,1.8,0.7,17.4,15.9,115,106,4,3.6,7.6,0.141,2.1,1,3.1,3.3
306,2017-18,30,TOT,NBA,Ersan Ilyasova,69,43,1729,14.9,0.413,0.22,7.6,18,12.9,7.9,1.7,1.3,9.7,18.7,111,108,2.2,1.9,4,0.112,0.2,-0.1,0.1,0.9
307,2017-18,34,GSW,NBA,Andre Iguodala,64,7,1622,11.2,0.366,0.272,3.7,12.6,8.5,16.2,1.6,1.9,15.8,11.5,113,109,1.6,1.6,3.2,0.094,-0.7,0.9,0.2,0.9
308,2017-18,28,TOR,NBA,Serge Ibaka,76,76,2093,14.7,0.379,0.151,4.3,21,12.8,4.4,0.7,3.8,9.7,19.4,109,105,2.1,3,5.1,0.117,-0.8,0.6,-0.2,1
309,2017-18,23,MEM,NBA,Vince Hunter,4,0,7,35.8,0,0,32.3,16.9,24.8,0,0,13.4,16.7,38.5,104,107,0,0,0,0.097,-3.1,-5.9,-9,0
310,2017-18,24,HOU,NBA,R.J. Hunter,5,1,45,8.5,0.7,0.1,0,12.4,6.3,10.3,3.3,0,8.7,22.5,92,105,0,0.1,0,0.022,-3,-1.6,-4.5,0
311,2017-18,26,OKC,NBA,Josh Huestis,69,10,982,5.4,0.632,0.11,4.6,13.9,9.1,2.7,0.8,4,12,9.5,91,109,-0.5,1,0.5,0.024,-4.6,0.7,-3.9,-0.5
312,2017-18,32,CHO,NBA,Dwight Howard,81,81,2463,20.5,0.008,0.639,11,33.8,22.2,7.1,1,4.4,15.1,24.2,108,104,2.9,3.9,6.8,0.132,-2,1.7,-0.3,1.1
313,2017-18,24,PHO,NBA,Danuel House,23,3,403,12.4,0.45,0.24,3.4,17,10.1,9.4,0.8,1.2,7.2,16.2,111,114,0.4,0.1,0.6,0.066,-1.2,-1.5,-2.7,-0.1
314,2017-18,31,BOS,NBA,Al Horford,72,72,2277,17.6,0.3,0.159,5,20.2,12.7,23.6,0.9,2.9,14.1,18.4,115,103,4,3.8,7.8,0.165,1.1,2.9,4,3.5
315,2017-18,28,DAL,NBA,Scotty Hopson,1,0,8,-4.6,0,2,0,0,0,15.8,0,0,34.7,16.3,53,118,0,0,0,-0.238,-14.7,-6,-20.7,0
316,2017-18,25,TOT,NBA,Rodney Hood,60,23,1616,14.3,0.443,0.172,1.6,9.9,5.8,9.7,1.4,0.6,8,24.3,106,110,1.2,1.5,2.7,0.081,0.2,-2.2,-2,0
317,2017-18,24,PHI,NBA,Richaun Holmes,48,2,746,17.4,0.129,0.232,8.6,21.4,15.2,12.3,1.3,3.2,8.6,16.6,121,103,1.6,1.3,2.8,0.183,-0.2,1.9,1.7,0.7
318,2017-18,23,BRK,NBA,Rondae Hollis-Jefferson,68,59,1920,16.9,0.075,0.436,5.5,20,12.7,14.2,1.6,1.9,12.3,22.2,108,109,2.1,2,4.1,0.103,-1.5,1.1,-0.4,0.8
319,2017-18,29,CLE,NBA,John Holland,24,0,174,5.9,0.61,0.22,3.9,11.4,7.7,3.9,2,1,11,18.5,84,112,-0.3,0.1,-0.2,-0.05,-4.7,-2.6,-7.3,-0.2
320,2017-18,28,CHI,NBA,Justin Holiday,72,72,2265,10.8,0.574,0.21,1.4,12.8,6.9,10.1,1.7,1.2,9.8,18.2,100,111,0.1,1.6,1.7,0.036,-1,-0.3,-1.3,0.4
Rk,Season,Age,Tm,Lg,Player,G,GS,MP,PER,3PAr,FTr,ORB%,DRB%,TRB%,AST%,STL%,BLK%,TOV%,USG%,ORtg,DRtg,OWS,DWS,WS,WS/48,OBPM,DBPM,BPM,VORP
321,2017-18,27,NOP,NBA,Jrue Holiday,81,81,2927,17.8,0.286,0.191,2.4,10.8,6.8,24.9,2,1.7,13.6,23.1,110,109,4.2,2.9,7.1,0.116,1.8,0.3,2.1,3
322,2017-18,24,SAS,NBA,Darrun Hilliard,14,0,95,3.4,0.316,0.368,0,8.2,4.1,15.3,1.1,0,15.3,12.3,84,110,-0.1,0.1,0,-0.015,-6.2,-1.3,-7.5,-0.1
323,2017-18,26,NOP,NBA,Solomon Hill,12,1,187,4.8,0.512,0.146,5.4,15.1,10.4,14.4,1.8,0.4,17.1,12.2,84,109,-0.2,0.2,-0.1,-0.014,-4.4,0.6,-3.8,-0.1
324,2017-18,31,TOT,NBA,George Hill,67,60,1812,13.3,0.4,0.273,2.6,8.9,5.7,15,1.7,1.3,13.3,16.3,113,113,2.3,0.9,3.2,0.085,0.3,-0.9,-0.6,0.6
325,2017-18,35,HOU,NBA,Nene Hilario,52,4,758,16.4,0.008,0.448,8.1,18,13.1,9.5,1.8,1.6,11.7,18.9,117,105,1.5,1.1,2.6,0.163,-1.5,0.7,-0.8,0.2
326,2017-18,24,SAC,NBA,Buddy Hield,80,12,2024,16.1,0.437,0.087,3,14.8,8.6,12.8,2.1,1,11.3,24.3,104,111,1.3,1.5,2.8,0.067,1.2,-1.4,-0.2,0.9
327,2017-18,23,NYK,NBA,Isaiah Hicks,18,0,240,6.8,0.125,0.25,4.6,14.3,9.5,9.5,0.4,1.4,16.7,17.4,95,113,-0.1,0.1,0,-0.003,-4.3,-1.4,-5.6,-0.2
328,2017-18,22,ORL,NBA,Mario Hezonja,75,30,1657,13.7,0.433,0.17,2.7,16.1,9.3,10,2.4,1.5,11.5,19.9,103,108,0.5,1.8,2.3,0.066,-1,0.2,-0.8,0.5
329,2017-18,23,TOT,NBA,Willy Hernangomez,48,1,495,21.2,0.073,0.549,13.3,27.2,20.2,10.5,1.8,2.7,14.7,21,117,106,1.1,0.7,1.8,0.174,0.1,0.8,0.9,0.4
330,2017-18,22,DEN,NBA,Juan Hernangomez,25,3,277,9.7,0.667,0.16,7.4,14.6,11,5.9,1.1,0.9,10.1,14,109,113,0.2,0.1,0.4,0.061,-1,-2.2,-3.3,-0.1
331,2017-18,27,MIL,NBA,John Henson,76,69,1970,15.7,0.014,0.315,9,21.5,15.3,8.6,1.1,4.7,12.8,15,115,108,2.8,2.2,4.9,0.12,-1.4,1.8,0.4,1.2
332,2017-18,25,MEM,NBA,Myke Henry,20,0,378,9.7,0.532,0.092,3,8.8,5.8,8.9,4.1,1.5,14.4,15.7,91,107,-0.3,0.4,0.1,0.017,-2.3,1.1,-1.3,0.1
333,2017-18,26,DET,NBA,Reggie Hearn,3,0,7,13.1,1,0,0,0,0,0,0,0,0,12.7,143,116,0,0,0,0.132,2.8,-5.1,-2.3,0
334,2017-18,27,BOS,NBA,Gordon Hayward,1,1,5,7.3,0.5,0,0,21.6,10.9,0,0,0,0,17.9,99,107,0,0,0,0.056,-5.9,-6.1,-12,0
335,2017-18,23,TOT,NBA,Nigel Hayes,9,0,122,6.4,0.485,0.091,3.6,17.5,10.3,6.7,0.8,2.3,5.5,13.3,82,112,-0.2,0.1,-0.1,-0.034,-5.1,-1.3,-6.4,-0.1
336,2017-18,37,MIA,NBA,Udonis Haslem,14,0,72,1.8,0.533,0.133,4.7,10.9,7.8,9.2,0,2.4,11.2,11.1,71,111,-0.1,0.1,-0.1,-0.059,-7.1,-0.4,-7.5,-0.1
337,2017-18,22,LAL,NBA,Josh Hart,63,23,1461,12.2,0.525,0.251,3.1,16,9.6,7.6,1.5,0.9,10.1,13.5,116,109,1.9,1.5,3.4,0.111,-0.3,0.2,-0.1,0.7
338,2017-18,24,PHO,NBA,Shaquille Harrison,23,2,384,15.6,0.21,0.306,2.5,14.7,8.5,22.2,3.2,1.5,13.5,18,109,109,0.4,0.4,0.8,0.094,-0.7,0.9,0.2,0.2
339,2017-18,23,MEM,NBA,Andrew Harrison,56,46,1326,12.7,0.331,0.371,2,9.7,5.7,21.3,1.4,1.8,14,19.6,106,113,1,0.7,1.7,0.062,-0.9,-1.5,-2.5,-0.2
340,2017-18,23,DAL,NBA,Aaron Harrison,9,3,233,5.1,0.623,0.246,1.8,9.9,5.7,6.7,1.9,0.8,3.8,15.5,87,110,-0.3,0.2,-0.1,-0.014,-3.6,-0.5,-4.1,-0.1
Rk,Season,Age,Tm,Lg,Player,G,GS,MP,PER,3PAr,FTr,ORB%,DRB%,TRB%,AST%,STL%,BLK%,TOV%,USG%,ORtg,DRtg,OWS,DWS,WS,WS/48,OBPM,DBPM,BPM,VORP
341,2017-18,25,TOT,NBA,Tobias Harris,80,80,2668,17.1,0.364,0.177,2.4,15.7,9,11.8,1.3,1.1,7.4,23.3,112,110,4.2,2.5,6.7,0.12,1.5,-0.8,0.7,1.8
342,2017-18,26,BRK,NBA,Joe Harris,78,14,1975,13.3,0.576,0.167,2.7,11.3,7,10.2,0.9,0.8,12,16.6,116,113,3,0.9,4,0.097,1.3,-1.2,0.1,1.1
343,2017-18,23,DEN,NBA,Gary Harris,67,65,2304,16.5,0.434,0.178,1.8,6.8,4.3,13,2.6,0.5,10.8,20.7,115,112,3.9,1.5,5.5,0.114,2.4,-1.5,0.9,1.7
344,2017-18,34,TOT,NBA,Devin Harris,71,1,1340,13,0.5,0.374,1,9.8,5.3,16.9,1.8,0.8,12.6,20.2,110,111,1.6,0.9,2.5,0.09,-0.1,-1.9,-2,0
345,2017-18,24,LAC,NBA,Montrezl Harrell,76,3,1293,24.7,0.013,0.405,8.9,17,13,10.1,1.4,3.4,9.5,23.8,124,109,4.3,1.3,5.5,0.205,2.4,0,2.4,1.5
346,2017-18,24,POR,NBA,Maurice Harkless,59,36,1264,12.6,0.397,0.199,4,9.9,7,6,1.9,2.8,11,12.6,117,106,1.6,1.7,3.2,0.123,-0.2,2,1.8,1.2
347,2017-18,28,HOU,NBA,James Harden,72,72,2551,29.8,0.498,0.502,1.8,15.2,8.6,45.1,2.4,1.7,15.1,36.1,120,105,11.6,3.8,15.4,0.289,9.6,1.3,10.9,8.3
348,2017-18,25,NYK,NBA,Tim Hardaway,57,54,1885,14.4,0.479,0.209,1.9,11.3,6.6,12.7,1.6,0.5,9,23.8,106,113,1.6,1.1,2.6,0.067,1.7,-1.8,-0.1,0.9
349,2017-18,22,OKC,NBA,Daniel Hamilton,6,0,28,18.2,0.455,0,0,20.5,9.9,44.2,1.8,0,15.4,19.9,118,108,0.1,0,0.1,0.169,0.8,-2.4,-1.6,0
350,2017-18,28,TOT,NBA,Blake Griffin,58,58,1970,19.6,0.323,0.331,4.1,19.8,12,28.1,1,0.8,12.6,28.9,109,110,3.2,1.8,4.9,0.12,2.9,-0.1,2.8,2.4
351,2017-18,31,CLE,NBA,Jeff Green,78,13,1828,14.8,0.275,0.379,3.7,11.2,7.6,8,1.1,1.6,9.4,19.3,115,114,3.1,0.8,3.9,0.103,-0.2,-1.7,-1.9,0.1
352,2017-18,27,MEM,NBA,JaMychal Green,55,54,1542,14,0.26,0.227,10.8,24.4,17.4,8.3,1,1.5,12.4,17.8,108,110,1.3,1.3,2.6,0.079,-1.2,-0.4,-1.5,0.2
353,2017-18,32,HOU,NBA,Gerald Green,41,2,929,14.1,0.722,0.145,1.8,14.2,8.1,4.3,1.3,1.4,6.6,22.4,109,108,1,1,2.1,0.107,0.5,-2.4,-1.9,0
354,2017-18,27,GSW,NBA,Draymond Green,70,70,2287,16.1,0.414,0.279,3.9,21.1,13.1,29,2,3.1,22.5,17.2,110,105,2.6,3.4,6.1,0.127,0.4,2.7,3.2,3
355,2017-18,30,SAS,NBA,Danny Green,70,60,1791,11.4,0.57,0.116,2.5,13,7.7,8.9,1.8,3.7,11.2,16.6,100,104,0.1,2.9,2.9,0.078,-1.1,2.2,1.2,1.4
356,2017-18,24,PHO,NBA,Josh Gray,5,0,86,7.2,0.317,0.268,2.4,10.1,6.2,20.8,4.5,1.9,13.2,26.1,76,107,-0.3,0.1,-0.2,-0.118,-5.9,0.4,-5.5,-0.1
357,2017-18,25,CHI,NBA,Jerian Grant,74,26,1686,14.3,0.373,0.373,1.9,9.3,5.5,30.1,1.8,0.4,13.2,17.4,112,112,2.3,1,3.3,0.094,-0.1,-1.8,-2,0
358,2017-18,23,OKC,NBA,Jerami Grant,81,1,1647,16.2,0.241,0.526,5.6,16.3,10.7,5.1,0.9,4.2,8.8,16,122,108,3.5,1.9,5.4,0.156,-0.8,0.2,-0.6,0.6
359,2017-18,24,CHO,NBA,Treveon Graham,63,2,1050,9,0.439,0.267,4.3,8.3,6.2,7.8,1.5,0.2,9.9,11.3,114,112,1.1,0.7,1.8,0.08,-0.6,-0.3,-0.9,0.3
360,2017-18,33,WAS,NBA,Marcin Gortat,82,82,2075,14.7,0,0.291,9.9,24,17,10.6,1,2.6,13.5,15.5,112,107,2.4,2.4,4.9,0.113,-1.6,1.9,0.3,1.2
Rk,Season,Age,Tm,Lg,Player,G,GS,MP,PER,3PAr,FTr,ORB%,DRB%,TRB%,AST%,STL%,BLK%,TOV%,USG%,ORtg,DRtg,OWS,DWS,WS,WS/48,OBPM,DBPM,BPM,VORP
361,2017-18,29,HOU,NBA,Eric Gordon,69,30,2154,15.2,0.627,0.248,1.3,7.5,4.4,11.7,1,1.1,10.8,24.7,110,110,2.9,1.8,4.7,0.105,1.4,-2.4,-1,0.5
362,2017-18,22,ORL,NBA,Aaron Gordon,58,57,1909,16.5,0.395,0.26,5,21.5,13.2,11.7,1.5,1.9,10,24.7,103,109,0.9,2,2.9,0.072,0,0,0,1
363,2017-18,25,UTA,NBA,Rudy Gobert,56,56,1816,20.7,0,0.673,10.4,27,18.8,6.9,1.2,6,15.7,16.9,122,99,4.2,3.9,8.1,0.214,-0.3,4.6,4.3,2.9
364,2017-18,40,SAS,NBA,Manu Ginobili,65,0,1299,12.9,0.415,0.283,1.6,10.6,6.1,19.1,1.7,1,16.8,21.5,103,107,0.6,1.6,2.2,0.082,-0.5,-0.5,-1,0.3
365,2017-18,32,MIN,NBA,Taj Gibson,82,82,2726,15.4,0.047,0.251,8.1,16.7,12.4,5.2,1.1,1.9,9.8,14.7,123,112,5.4,1.7,7.2,0.126,0.9,0.2,1.1,2.1
366,2017-18,30,BOS,NBA,Jonathan Gibson,4,0,40,25.4,0.522,0,0,8.1,4.1,22.6,0,0,11.5,29,122,111,0.1,0,0.2,0.195,7.2,-5.3,1.9,0
367,2017-18,23,MIN,NBA,Marcus Georges-Hunt,42,0,224,6.9,0.313,0.438,3.6,4.7,4.1,4.1,1.3,0,5,11.9,112,116,0.2,0,0.2,0.049,-1.7,-2.7,-4.4,-0.1
368,2017-18,27,OKC,NBA,Paul George,79,79,2891,18.7,0.454,0.308,2.7,14.9,8.6,14.5,2.8,1.2,12.2,25.7,112,106,5,3.9,8.9,0.148,2.5,0,2.6,3.3
369,2017-18,31,SAS,NBA,Rudy Gay,57,6,1231,18,0.22,0.27,6.8,19.5,13.1,9.8,1.9,2.6,11.5,24.6,106,103,1,2.1,3.1,0.123,-0.7,1,0.3,0.7
370,2017-18,37,SAS,NBA,Pau Gasol,77,63,1812,18.9,0.191,0.333,7.8,30.2,19,20.1,0.7,3.6,13.1,20.4,112,102,2.7,3.3,6,0.159,-0.1,3.3,3.2,2.4
371,2017-18,33,MEM,NBA,Marc Gasol,73,73,2408,17.4,0.31,0.326,3.7,25.3,14.2,21.7,1.1,3.9,14.1,25.6,104,108,1.5,2.6,4,0.08,-0.1,1.6,1.5,2.1
372,2017-18,26,DET,NBA,Langston Galloway,58,2,863,12.2,0.641,0.121,1.6,10.3,5.9,10.1,2,0.5,4.8,19.3,106,109,0.5,0.9,1.4,0.08,-0.2,-1.6,-1.7,0.1
373,2017-18,29,LAC,NBA,Danilo Gallinari,21,21,671,13.8,0.434,0.34,1.5,14.9,8.3,8.9,0.9,1.2,8.1,20.6,111,112,0.8,0.4,1.2,0.088,0,-1.4,-1.4,0.1
374,2017-18,19,PHI,NBA,Markelle Fultz,14,0,253,12.4,0.009,0.189,4.9,13.1,9.2,31.3,2.3,1.3,12.4,23.1,96,105,-0.2,0.4,0.2,0.043,-3.8,0.8,-3,-0.1
375,2017-18,34,TOT,NBA,Channing Frye,53,1,695,13.1,0.542,0.09,1.9,19.4,10.8,7.9,1.3,1.6,8.7,15.2,115,111,0.9,0.6,1.5,0.101,-0.7,-1,-1.7,0.1
376,2017-18,27,WAS,NBA,Tim Frazier,59,11,838,11.3,0.326,0.174,2.4,13.1,7.8,31.1,2.8,0.7,23.5,12.8,105,107,0.4,1,1.4,0.08,-2.4,0.3,-2.1,0
377,2017-18,20,SAC,NBA,De'Aaron Fox,73,60,2026,11.2,0.192,0.245,1.8,10,5.7,24.6,1.7,0.9,16.4,23.4,94,113,-1.7,1.1,-0.6,-0.014,-2.8,-1.5,-4.4,-1.2
378,2017-18,25,ORL,NBA,Evan Fournier,57,57,1837,15.5,0.418,0.216,1.4,9.5,5.4,14.8,1.3,0.7,9.8,23.3,110,113,2.4,0.9,3.3,0.087,1.6,-2.1,-0.4,0.7
379,2017-18,24,SAS,NBA,Bryn Forbes,80,12,1517,9.1,0.459,0.145,0.9,7.2,4,7.8,0.9,0.1,6.5,16.7,106,110,0.8,1.3,2.1,0.067,-1.2,-1.9,-3.1,-0.4
380,2017-18,24,DAL,NBA,Dorian Finney-Smith,21,13,448,7.6,0.554,0.124,5.3,13.6,9.3,8.4,1.1,0.8,14.1,15.1,96,111,-0.2,0.3,0.1,0.015,-2.8,-0.3,-3.1,-0.1
Rk,Season,Age,Tm,Lg,Player,G,GS,MP,PER,3PAr,FTr,ORB%,DRB%,TRB%,AST%,STL%,BLK%,TOV%,USG%,ORtg,DRtg,OWS,DWS,WS,WS/48,OBPM,DBPM,BPM,VORP
381,2017-18,24,DAL,NBA,Yogi Ferrell,82,21,2282,11.4,0.492,0.141,1.2,11.2,6.1,13.5,1.4,0.4,9.1,17,107,112,1.5,1.5,3,0.064,-0.4,-0.6,-1,0.6
382,2017-18,19,OKC,NBA,Terrance Ferguson,61,12,763,7.4,0.71,0.059,2.7,4.2,3.4,3.4,1.6,1.2,6,10.4,115,111,0.7,0.5,1.2,0.077,-1.2,-1.3,-2.5,-0.1
383,2017-18,33,OKC,NBA,Raymond Felton,82,2,1365,13,0.417,0.08,2,11,6.3,22.5,1.8,1.1,11.7,20.4,105,109,0.9,1.3,2.2,0.078,-1.1,-1.7,-2.8,-0.3
384,2017-18,25,CHI,NBA,Cristiano Felicio,55,16,977,12.5,0.009,0.377,8.8,17.1,12.8,8.4,0.8,1,17.7,13.6,114,113,1.2,0.5,1.7,0.086,-2.3,-0.1,-2.4,-0.1
385,2017-18,22,TOT,NBA,Kay Felder,16,0,140,3.6,0.271,0.171,2.3,12,6.9,22,1,0.6,17.5,28.4,76,113,-0.6,0.1,-0.5,-0.175,-8.6,-3.8,-12.4,-0.4
386,2017-18,26,UTA,NBA,Derrick Favors,77,77,2153,18.8,0.09,0.306,10.6,18.5,14.6,7.8,1.3,3.2,9.9,18.5,119,104,4.5,3.5,8,0.179,0.5,2.2,2.7,2.5
387,2017-18,28,DEN,NBA,Kenneth Faried,32,7,461,17.4,0.007,0.345,16.7,20.7,18.7,5.8,1.3,2.4,11.9,18.3,116,110,0.9,0.4,1.3,0.132,-1.1,-1.1,-2.3,0
388,2017-18,22,UTA,NBA,Dante Exum,14,0,235,16.7,0.207,0.356,2,10.5,6.3,29.7,1.7,1.1,16.6,23.1,110,106,0.3,0.3,0.7,0.133,-0.5,-0.7,-1.2,0
389,2017-18,28,MEM,NBA,Tyreke Evans,52,32,1607,21.1,0.354,0.258,3.1,16.3,9.5,31.2,1.8,1,11.5,28.4,111,111,3.1,1.2,4.2,0.126,4.4,-0.8,3.6,2.3
390,2017-18,30,ATL,NBA,Jeremy Evans,1,0,5,10.4,0,0,22.3,0,11.2,0,0,0,50,17.5,96,119,0,0,0,-0.028,-2.3,-6,-8.3,0
391,2017-18,21,LAC,NBA,Jawun Evans,48,4,778,7.2,0.213,0.194,1.3,10.4,5.9,17.8,2.3,0.6,13.8,17.7,90,111,-0.8,0.6,-0.2,-0.011,-4.2,-0.5,-4.7,-0.5
392,2017-18,23,LAL,NBA,Tyler Ennis,54,11,683,11.1,0.25,0.129,3,11.8,7.4,21.9,2.1,1.2,13.8,17.1,101,108,0.1,0.7,0.8,0.058,-2.8,-0.1,-2.9,-0.1
393,2017-18,27,TOT,NBA,James Ennis,72,22,1604,11.6,0.398,0.302,5.1,11,8,6.6,1.5,1,11.4,13.7,115,112,2,1.1,3.1,0.092,-0.6,-0.5,-1.1,0.4
394,2017-18,23,PHI,NBA,Joel Embiid,63,63,1912,22.9,0.203,0.442,8.4,29.7,19.4,18,1,4.8,15.6,33.4,106,100,2.3,3.8,6.2,0.155,0.1,2.5,2.6,2.2
395,2017-18,30,MIA,NBA,Wayne Ellington,77,2,2041,12.5,0.827,0.111,1.3,10.7,6,5.9,1.3,0.3,6.6,17.3,113,110,2.6,1.9,4.5,0.105,1.8,-1.8,0,1
396,2017-18,21,DET,NBA,Henry Ellenson,38,0,329,10.5,0.411,0.199,3.3,24.3,13.6,9.4,0.8,0,10.2,23.8,95,108,-0.2,0.4,0.1,0.02,-4.3,-2.6,-6.8,-0.4
397,2017-18,26,TOT,NBA,Jarell Eddie,3,0,9,-1.9,1,0,0,12,6.1,0,5.6,0,0,9.8,0,100,0,0,0,-0.142,-10,1.6,-8.4,0
398,2017-18,29,GSW,NBA,Kevin Durant,68,68,2325,26,0.338,0.331,1.6,19.5,11.2,25.5,1,4,12.9,30.4,119,107,7.5,2.9,10.4,0.215,5,0.7,5.6,4.5
399,2017-18,23,CHI,NBA,Kris Dunn,52,43,1525,14.5,0.201,0.173,1.6,14.4,7.8,33.3,3.3,1.6,17.3,24.7,96,107,-1,1.9,0.8,0.027,-1.4,1.4,-0.1,0.7
400,2017-18,32,PHO,NBA,Jared Dudley,48,0,686,8.8,0.656,0.287,1.2,13.6,7.3,15.6,1.7,1.3,16.9,10.2,110,113,0.5,0.4,0.8,0.058,-1.9,0,-1.9,0
401,2017-18,24,DET,NBA,Andre Drummond,78,78,2625,22.9,0.012,0.448,16.4,36.4,26.2,14.3,2.2,4.3,15.9,21.2,113,99,4.6,5.7,10.3,0.189,0.2,5.3,5.5,5
402,2017-18,27,TOT,NBA,Larry Drew,10,0,70,2.9,0.375,0,4.8,0,2.3,18.5,0,0,11.1,16.6,87,117,-0.1,0,-0.1,-0.061,-5.4,-5.3,-10.7,-0.2
403,2017-18,31,MIA,NBA,Goran Dragic,75,75,2378,16.6,0.279,0.252,2.5,12,7.2,25.4,1.3,0.4,12.2,25.7,108,109,2.9,2.3,5.3,0.106,1,-1.1,-0.1,1.2
404,2017-18,21,OKC,NBA,PJ Dozier,2,0,3,-5,0,0,0,38.3,18.5,0,0,0,33.3,42.9,59,107,0,0,0,-0.404,-23.5,-10.5,-34,0
405,2017-18,24,BRK,NBA,Milton Doyle,10,0,125,5.2,0.489,0.17,2.5,12.9,7.6,11.7,2.3,1.2,3.8,18.2,81,109,-0.3,0.1,-0.1,-0.052,-5.2,-0.6,-5.8,-0.1
406,2017-18,23,NYK,NBA,Damyean Dotson,44,2,474,11.6,0.422,0.143,2.1,17.5,9.8,9.5,1.3,0.4,9,17.3,106,112,0.3,0.3,0.6,0.06,-1.4,-1.7,-3.1,-0.1
407,2017-18,21,ATL,NBA,Tyler Dorsey,56,5,974,10,0.521,0.165,2,12.9,7.4,12.5,0.9,0.4,8.3,20,100,114,0,0.4,0.4,0.02,-1.8,-2.5,-4.2,-0.5
408,2017-18,24,BRK,NBA,Spencer Dinwiddie,80,58,2306,15.9,0.517,0.32,1.8,10.2,6,35,1.4,0.7,11.8,20.3,114,112,4.3,1.4,5.7,0.118,2.1,-1.8,0.2,1.3
409,2017-18,28,MIN,NBA,Gorgui Dieng,79,0,1333,14.7,0.157,0.263,9.1,22.2,15.6,7.5,1.7,2.6,12,16.3,112,109,1.6,1.3,2.9,0.105,-1,0.6,-0.4,0.5
410,2017-18,21,NOP,NBA,Cheick Diallo,52,0,581,17,0,0.375,9.1,29.6,19.7,4.7,0.9,2.9,12,17.4,118,105,1.1,0.8,1.9,0.157,-2.8,-0.3,-3.1,-0.2
411,2017-18,28,TOR,NBA,DeMar DeRozan,80,80,2711,21,0.202,0.396,2.5,10.4,6.5,25,1.5,0.6,9.5,29.6,114,109,6.8,2.8,9.6,0.17,2.7,-0.9,1.8,2.6
412,2017-18,32,LAL,NBA,Luol Deng,1,1,13,5.5,0,0,0,0,0,10.1,3.7,0,33.3,9.8,77,109,0,0,0,-0.018,-7.2,-1.3,-8.5,0
413,2017-18,27,MIL,NBA,Matthew Dellavedova,38,3,712,8.6,0.513,0.178,2.3,8.2,5.3,27.4,1,0,23,13.5,104,115,0.3,0.2,0.5,0.032,-2.3,-3.6,-5.9,-0.7
414,2017-18,28,ATL,NBA,Malcolm Delaney,54,3,1014,10.6,0.435,0.323,1,10,5.5,23.4,1.7,0.5,16.9,16.9,104,113,0.4,0.6,1,0.047,-2,-1.5,-3.6,-0.4
415,2017-18,23,LAC,NBA,Sam Dekker,73,1,883,11.5,0.232,0.216,5.6,16,10.8,6.2,1.3,0.9,10.4,15.5,107,111,0.6,0.6,1.2,0.066,-2.1,-1,-3.1,-0.2
416,2017-18,28,ATL,NBA,Dewayne Dedmon,62,46,1542,15.8,0.296,0.18,7.2,28.1,17.7,9.2,1.3,2.8,14.3,17,111,107,1.8,1.9,3.7,0.114,-1,1.6,0.5,1
417,2017-18,28,POR,NBA,Ed Davis,78,0,1471,15.5,0.003,0.38,13.7,28.8,21.3,3.9,1.1,2.9,16.2,12.1,121,103,2.5,2.5,5,0.164,-1.8,1.8,0,0.7
418,2017-18,21,MEM,NBA,Deyonta Davis,62,6,943,16.6,0,0.215,9,22,15.3,7.1,0.8,3.9,9.9,15.3,122,110,1.9,0.8,2.7,0.138,-1.3,0.4,-0.9,0.3
419,2017-18,24,NOP,NBA,Anthony Davis,75,75,2727,28.9,0.111,0.409,7.7,24.8,16.5,10.8,2,5.6,8.6,30,119,102,8.8,4.9,13.7,0.241,2.8,2.3,5.2,4.9
420,2017-18,26,PHO,NBA,Troy Daniels,79,15,1622,9.8,0.797,0.111,0.8,7.7,4.2,4.5,0.8,0.2,8.5,17.2,109,117,1.4,0,1.4,0.042,0.7,-3.6,-2.9,-0.4
Rk,Season,Age,Tm,Lg,Player,G,GS,MP,PER,3PAr,FTr,ORB%,DRB%,TRB%,AST%,STL%,BLK%,TOV%,USG%,ORtg,DRtg,OWS,DWS,WS,WS/48,OBPM,DBPM,BPM,VORP
421,2017-18,29,GSW,NBA,Stephen Curry,51,51,1631,28.2,0.58,0.35,2.7,14.4,9,30.3,2.4,0.4,13.3,31,125,108,7.2,1.8,9.1,0.267,9.9,-1.3,8.6,4.4
422,2017-18,30,TOT,NBA,Dante Cunningham,73,25,1562,10,0.462,0.143,5.5,14.9,10.3,4.3,1.2,1.5,7.9,11.6,110,110,1.1,1.3,2.4,0.074,-1.4,0.1,-1.4,0.2
423,2017-18,27,TOT,NBA,Jae Crowder,80,47,2090,10.4,0.508,0.221,3.2,11.5,7.4,6.9,1.5,0.9,9.1,17.3,105,111,1,1.6,2.6,0.06,-0.8,-0.9,-1.7,0.1
424,2017-18,29,NOP,NBA,Jordan Crawford,5,0,53,19.1,0.519,0.037,4.2,4,4.1,37.7,0.9,1.5,15.4,26.5,116,113,0.1,0,0.2,0.15,3.9,-4.8,-0.9,0
425,2017-18,37,MIN,NBA,Jamal Crawford,80,0,1653,13,0.423,0.152,1.4,5.5,3.5,16.9,1.2,0.5,10.7,23.7,104,116,0.9,0.3,1.3,0.037,0,-4,-3.9,-0.8
426,2017-18,27,DEN,NBA,Torrey Craig,39,5,629,9.8,0.423,0.255,7.2,15.5,11.4,5.4,0.9,2,11.6,11.9,111,112,0.5,0.4,0.9,0.069,-1.7,-0.8,-2.5,-0.1
427,2017-18,25,BRK,NBA,Allen Crabbe,75,68,2197,12.3,0.643,0.163,1.3,14.4,7.8,8.4,1,1.2,8.1,19,108,112,1.8,1.4,3.2,0.07,0.4,-1.2,-0.8,0.7
428,2017-18,27,PHI,NBA,Robert Covington,80,80,2532,12.9,0.658,0.163,2.4,15.5,9.2,8.7,2.6,2.4,12.3,17.2,107,103,1.6,4.5,6.1,0.116,0.4,2.1,2.5,2.9
429,2017-18,27,NOP,NBA,DeMarcus Cousins,48,48,1737,22.6,0.34,0.456,6.8,30.9,19.2,23,2.2,3.5,18.9,31.9,104,102,1.5,3.2,4.7,0.13,1.9,3.6,5.5,3.3
430,2017-18,24,SAS,NBA,Matt Costello,4,0,32,9.7,0,0,3.4,27.9,15.6,8.3,3.2,5.2,20,7,101,96,0,0.1,0.1,0.127,-5,6.6,1.6,0
431,2017-18,26,SAC,NBA,Jack Cooley,7,0,87,19.7,0,0.704,17.6,21.9,19.6,10.5,0.6,0,7.8,19.8,126,113,0.3,0,0.3,0.182,0.9,-2.5,-1.6,0
432,2017-18,23,NOP,NBA,Charles Cooke,13,0,38,-5.1,0.571,0.143,0,5.5,2.9,3.2,1.3,0,6.3,18.1,45,113,-0.2,0,-0.2,-0.239,-10.8,-3.8,-14.6,-0.1
433,2017-18,24,GSW,NBA,Quinn Cook,33,18,740,12.8,0.413,0.099,1.6,10.2,6.2,16.6,0.8,0.1,10.8,17.5,115,113,1.1,0.4,1.6,0.101,0.6,-2.8,-2.2,0
434,2017-18,25,POR,NBA,Pat Connaughton,82,5,1488,9.3,0.538,0.113,2.7,9.1,5.9,8.7,0.8,1.2,9.5,13.4,110,110,1.2,1.3,2.5,0.08,-0.9,-0.4,-1.3,0.3
435,2017-18,30,MEM,NBA,Mike Conley,12,12,373,15.4,0.458,0.393,0,8.6,4.2,22.2,1.6,0.8,8.4,25.9,108,114,0.4,0.2,0.6,0.077,1.2,-3.5,-2.3,0
436,2017-18,37,OKC,NBA,Nick Collison,15,0,75,13.2,0,0.684,10,19.9,14.8,8.2,0,0,22.1,18.2,106,112,0.1,0,0.1,0.064,-3.5,-2.9,-6.5,-0.1
437,2017-18,30,IND,NBA,Darren Collison,69,64,2018,18.8,0.321,0.226,2.1,7.8,5,26.4,2.3,0.7,10.9,17.4,126,110,5.8,1.8,7.6,0.181,3.1,-1,2.2,2.1
438,2017-18,26,DAL,NBA,Kyle Collinsworth,32,2,480,10,0.172,0.404,7.2,18,12.4,16.4,1.8,1.7,17.1,13.3,98,108,-0.1,0.5,0.5,0.046,-4,2.2,-1.8,0
439,2017-18,20,POR,NBA,Zach Collins,66,1,1045,7.5,0.391,0.145,4.7,18.2,11.5,7.1,0.8,2.4,15.9,15.4,93,107,-0.7,1.3,0.6,0.03,-4.1,0.9,-3.2,-0.3
440,2017-18,20,ATL,NBA,John Collins,74,26,1785,18.3,0.086,0.341,11,22.8,16.9,8.9,1.3,3.8,14.3,17.9,117,108,3.4,2,5.4,0.145,-0.2,1.9,1.7,1.7
Rk,Season,Age,Tm,Lg,Player,G,GS,MP,PER,3PAr,FTr,ORB%,DRB%,TRB%,AST%,STL%,BLK%,TOV%,USG%,ORtg,DRtg,OWS,DWS,WS,WS/48,OBPM,DBPM,BPM,VORP
441,2017-18,23,TOT,NBA,Antonius Cleveland,17,0,123,4.5,0.19,0.286,2.7,10.2,6.3,2.2,2.8,3.6,22.8,11.1,78,107,-0.2,0.2,0,-0.006,-6.7,2.2,-4.5,-0.1
442,2017-18,24,DAL,NBA,Gian Clavell,7,0,64,7.4,0.833,0.111,1.7,10.8,6.1,6.7,1.6,0,9.6,14.8,102,111,0,0,0.1,0.042,-1.7,-1.9,-3.6,0
443,2017-18,25,TOT,NBA,Jordan Clarkson,81,2,1888,16.4,0.333,0.199,3.3,9.1,6.2,19.3,1.5,0.3,10.9,26.5,106,112,1.9,1.2,3,0.077,0.8,-2.7,-1.9,0.1
444,2017-18,26,NOP,NBA,Ian Clark,74,2,1455,9.4,0.394,0.119,0.8,8.4,4.7,10.4,1.1,0.5,9.9,17.2,102,112,0.3,0.8,1.1,0.037,-2,-2,-3.9,-0.7
445,2017-18,20,PHO,NBA,Marquese Chriss,72,49,1527,11.1,0.398,0.331,5.2,22.7,13.8,8.1,1.6,3.7,16.4,18.1,95,109,-0.8,1.5,0.7,0.023,-3.3,1.3,-2,0
446,2017-18,30,DEN,NBA,Wilson Chandler,74,71,2346,11,0.39,0.181,4.9,14.1,9.6,9.5,0.9,1.4,11.9,14.3,110,113,2.1,1.2,3.3,0.067,-0.5,-0.4,-0.9,0.6
447,2017-18,35,PHO,NBA,Tyson Chandler,46,46,1151,14.2,0,0.503,12.2,26.8,19.4,6.6,0.7,1.9,20.5,10.6,122,111,1.9,0.8,2.7,0.111,-1.3,1,-0.3,0.5
448,2017-18,31,MEM,NBA,Mario Chalmers,66,10,1421,10.4,0.431,0.312,1,12,6.4,21.5,2.8,0.9,18.8,19.6,96,110,-0.6,1.3,0.6,0.021,-2.2,-0.5,-2.7,-0.3
449,2017-18,23,ATL,NBA,Tyler Cavanaugh,39,1,518,13,0.586,0.138,9.7,17.7,13.7,7.8,0.8,0.7,8,14.8,119,112,0.9,0.3,1.2,0.109,0.5,-1.5,-1,0.1
450,2017-18,24,SAC,NBA,Willie Cauley-Stein,73,58,2044,17.6,0.016,0.32,7,22,14.2,13.7,1.9,3.1,11,21.8,106,108,1.7,2.2,3.9,0.092,-1.3,1.7,0.4,1.2
451,2017-18,29,GSW,NBA,Omri Casspi,53,7,740,15.5,0.106,0.333,4.9,24,15.1,9.5,1.2,2,13.5,16.3,117,107,1.2,1,2.2,0.14,-1.5,0,-1.4,0.1
452,2017-18,23,LAL,NBA,Alex Caruso,37,7,562,8.7,0.371,0.259,2.9,9.4,6.2,17.8,2,1.4,24.5,12.9,98,109,-0.1,0.6,0.5,0.041,-3.4,0.5,-2.9,-0.1
453,2017-18,26,CHO,NBA,Michael Carter-Williams,52,2,835,10.8,0.258,0.389,4.7,13.3,8.9,19.4,2.6,2.3,16.2,16.6,98,107,-0.2,1.1,0.9,0.05,-2.6,2,-0.6,0.3
454,2017-18,41,SAC,NBA,Vince Carter,58,5,1026,10.8,0.583,0.131,1.9,15.1,8.2,9.7,2.1,2.4,10.7,14.7,103,110,0.3,0.9,1.2,0.056,-1.5,0.4,-1.1,0.2
455,2017-18,31,BRK,NBA,DeMarre Carroll,73,73,2180,14.3,0.498,0.313,5.1,18.4,11.7,10.5,1.3,1,10.3,19.8,109,110,2.3,1.8,4.1,0.091,0.4,-0.3,0.2,1.2
456,2017-18,23,HOU,NBA,Clint Capela,74,74,2034,24.5,0.001,0.38,13.5,30.8,22.2,5.7,1.4,5.7,11.5,19.4,126,101,6.2,4.1,10.2,0.242,0.1,2.9,3,2.6
457,2017-18,26,TOT,NBA,Isaiah Canaan,20,1,422,13.5,0.482,0.372,1.5,10,5.7,26.7,1.8,0.2,15.4,18.9,110,114,0.5,0.1,0.6,0.072,0.1,-2.5,-2.4,0
458,2017-18,24,LAL,NBA,Kentavious Caldwell-Pope,74,74,2458,13.2,0.52,0.243,2.6,14.1,8.4,9.4,2.1,0.5,9.9,16.9,111,108,2.6,2.7,5.3,0.103,0.6,0.4,1,1.9
459,2017-18,36,CLE,NBA,Jose Calderon,57,32,914,11.3,0.524,0.162,1.7,8.5,5.2,17.4,1.4,0.2,17.1,11.6,122,115,1.5,0.3,1.8,0.095,0.1,-2,-1.9,0
460,2017-18,22,TOT,NBA,Bruno Caboclo,12,0,107,7.7,0.548,0.194,7.1,16.6,11.7,6.3,1.4,3.5,10.6,15.8,87,110,-0.1,0.1,0,-0.017,-4.7,-0.2,-4.9,-0.1
Rk,Season,Age,Tm,Lg,Player,G,GS,MP,PER,3PAr,FTr,ORB%,DRB%,TRB%,AST%,STL%,BLK%,TOV%,USG%,ORtg,DRtg,OWS,DWS,WS,WS/48,OBPM,DBPM,BPM,VORP
461,2017-18,28,DET,NBA,Dwight Buycks,29,0,427,12.8,0.227,0.207,3,7.7,5.3,22.4,2.2,0.4,15.3,26.4,97,109,-0.2,0.4,0.2,0.027,-2.5,-1.8,-4.3,-0.2
462,2017-18,28,MIN,NBA,Jimmy Butler,59,59,2164,23.7,0.217,0.461,4.2,12.7,8.4,20.6,2.7,1,8.9,24.9,122,110,7.1,1.8,8.9,0.198,4.9,0.1,5,3.8
463,2017-18,26,UTA,NBA,Alec Burks,64,1,1059,13.1,0.343,0.3,2.1,18.4,10.3,10,1.8,0.6,11.4,22.5,102,105,0.2,1.6,1.9,0.084,-2.5,-0.3,-2.8,-0.2
464,2017-18,25,NYK,NBA,Trey Burke,36,9,785,21,0.273,0.148,1.8,8.2,5,36.4,1.5,0.4,9.5,25.1,117,114,2,0.3,2.4,0.145,4.2,-3.2,1,0.6
465,2017-18,26,DET,NBA,Reggie Bullock,62,52,1732,13.6,0.515,0.09,1.7,8.3,4.9,8.4,1.4,0.7,7.6,15.7,118,110,2.8,1.4,4.2,0.117,1.3,-0.7,0.7,1.2
466,2017-18,20,LAL,NBA,Thomas Bryant,15,0,72,9.9,0.476,0.429,4.5,20.6,12.6,11.5,0.7,2.3,7.4,15.9,100,108,0,0.1,0.1,0.05,-3.8,-0.4,-4.2,0
467,2017-18,24,ATL,NBA,Nicolas Brussino,4,0,10,-4.6,1,0,0,33.5,16.7,0,0,0,0,8.7,0,111,0,0,0,-0.18,-13.8,-4.7,-18.5,0
468,2017-18,22,MIL,NBA,Sterling Brown,54,4,776,9.1,0.444,0.117,4.1,17.5,10.8,4.5,2,1.4,10.4,14,100,110,0,0.7,0.7,0.043,-3.1,-1,-4,-0.4
469,2017-18,26,HOU,NBA,Markel Brown,4,0,31,-1.2,0.714,0,3.7,14.4,9.1,8.7,0,0,22.2,12.8,74,111,-0.1,0,0,-0.063,-6.7,-1.7,-8.4,-0.1
470,2017-18,27,TOR,NBA,Lorenzo Brown,14,0,139,8.2,0.353,0.059,0.8,11.1,6,12.4,1.8,0,7.9,11.9,102,108,0,0.1,0.2,0.06,-2.8,-0.2,-3,0
471,2017-18,21,BOS,NBA,Jaylen Brown,70,70,2152,13.6,0.381,0.29,3.4,14,8.8,8.5,1.6,1,12,21.4,105,105,1.2,3.2,4.5,0.1,-0.6,0.4,-0.2,1
472,2017-18,33,HOU,NBA,Bobby Brown,20,0,115,5.5,0.69,0.034,0,6.8,3.4,15,1.7,0,13.3,26.1,83,110,-0.3,0.1,-0.2,-0.08,-5,-4.2,-9.3,-0.2
473,2017-18,25,MIN,NBA,Anthony Brown,1,0,4,41.9,1,0,0,0,0,41.7,0,0,0,11.1,279,120,0,0,0,0.571,17.1,-15,2.1,0
474,2017-18,29,MEM,NBA,MarShon Brooks,7,1,193,26.1,0.314,0.225,4.7,8,6.3,25.9,2.9,1.5,12.5,29.8,117,111,0.6,0.2,0.7,0.179,5.7,-1.7,4.1,0.3
475,2017-18,22,MEM,NBA,Dillon Brooks,82,74,2350,9.8,0.342,0.215,2.4,10.5,6.3,9.3,1.6,0.7,12.8,18.5,100,113,0.1,1.1,1.2,0.024,-1.8,-1.3,-3.1,-0.7
476,2017-18,33,MIN,NBA,Aaron Brooks,32,1,189,9.8,0.449,0.159,4.2,6.2,5.2,15.1,1.6,0,13,19.9,103,115,0.1,0.1,0.1,0.033,-0.8,-3.6,-4.3,-0.1
477,2017-18,25,MIL,NBA,Malcolm Brogdon,48,20,1436,14.3,0.32,0.169,1.9,10.8,6.4,16.3,1.4,0.8,10.9,19.1,112,113,2,0.7,2.7,0.091,0.6,-1.9,-1.3,0.2
478,2017-18,31,TOT,NBA,Corey Brewer,72,18,1208,11.2,0.348,0.285,3.8,10,6.9,7.5,3.2,1,12.1,14.3,107,106,0.7,1.6,2.3,0.091,-1.6,1,-0.6,0.4
479,2017-18,20,UTA,NBA,Tony Bradley,9,0,29,9.5,0.091,0.182,15.8,27.1,21.5,5,0,0,0,18.4,95,107,0,0,0,0.033,-6.6,-3,-9.6,-0.1
480,2017-18,27,TOT,NBA,Avery Bradley,46,46,1433,9.6,0.325,0.131,1.7,7.3,4.5,10.4,1.8,0.5,13.3,23.5,92,110,-1.4,1.2,-0.2,-0.007,-2.8,-1.4,-4.2,-0.8
Rk,Season,Age,Tm,Lg,Player,G,GS,MP,PER,3PAr,FTr,ORB%,DRB%,TRB%,AST%,STL%,BLK%,TOV%,USG%,ORtg,DRtg,OWS,DWS,WS,WS/48,OBPM,DBPM,BPM,VORP
481,2017-18,25,GSW,NBA,Chris Boucher,1,0,1,-28.5,1,0,0,100,55.9,0,0,0,0,43.9,0,88,0,0,0,-0.899,-38.9,-20.1,-59,0
482,2017-18,30,TOT,NBA,Trevor Booker,68,7,1158,14.9,0.096,0.271,11.1,18.6,14.9,10.8,1.2,1.5,13.3,16.6,114,108,1.6,1.3,2.9,0.121,-1,0.5,-0.5,0.4
483,2017-18,21,PHO,NBA,Devin Booker,54,54,1865,18.1,0.364,0.312,1.5,12.7,7,24.4,1.2,0.6,13.9,31.7,105,115,1.9,0.6,2.4,0.063,2.9,-2.4,0.4,1.2
484,2017-18,24,MIL,NBA,Joel Bolomboy,6,0,38,11.7,0.167,1,18.6,12.3,15.4,0,2.6,0,18.8,12.6,109,111,0,0,0.1,0.079,-3.1,-4.6,-7.7,-0.1
485,2017-18,33,LAL,NBA,Andrew Bogut,23,5,216,10.9,0,0.08,12.9,25.4,19.2,9.1,0.9,4.9,42.3,8.8,106,104,0.1,0.3,0.4,0.094,-3.6,3.6,0,0.1
486,2017-18,28,IND,NBA,Bojan Bogdanovic,80,80,2464,13.9,0.453,0.241,1.4,10.9,6.2,7.1,1.1,0.3,10.1,19,114,112,3.8,1.6,5.4,0.105,1.1,-1.9,-0.7,0.8
487,2017-18,25,SAC,NBA,Bogdan Bogdanovic,78,53,2175,13.5,0.426,0.154,1.6,10.5,5.8,18.3,1.7,0.7,13.2,19.6,107,113,1.8,1.1,2.9,0.064,0.5,-1.5,-1,0.6
488,2017-18,25,LAL,NBA,Vander Blue,5,0,45,-1.8,0.4,0.4,0,2.3,1.2,8.2,1.1,0,33.8,8.4,52,114,-0.1,0,-0.1,-0.103,-8.7,-1.3,-10,-0.1
489,2017-18,28,TOT,NBA,Eric Bledsoe,74,74,2322,19.7,0.364,0.322,2.6,11.7,7.1,25.7,3.2,1.5,16.1,26.1,108,108,3.1,2.5,5.6,0.116,2.4,-0.3,2.1,2.4
490,2017-18,21,CHI,NBA,Antonio Blakeney,19,0,314,10.1,0.364,0.273,1.3,10.3,5.6,10.1,1.1,0.3,6.4,23.7,96,114,-0.2,0.1,0,-0.006,-3.2,-3.6,-6.8,-0.4
491,2017-18,26,HOU,NBA,Tarik Black,51,2,536,14.3,0.087,0.496,13.4,20.9,17.1,3.7,1.9,4.8,18.4,15.6,110,102,0.5,1,1.5,0.136,-3,2.1,-1,0.1
492,2017-18,29,MIN,NBA,Nemanja Bjelica,67,21,1371,12.6,0.493,0.121,4.4,18.8,11.5,8.7,1.8,1,11.7,14.3,114,110,1.7,1.1,2.8,0.097,0.6,-0.1,0.5,0.9
493,2017-18,25,ORL,NBA,Bismack Biyombo,82,25,1495,14.1,0.003,0.446,10.5,24,17.2,6.5,0.7,5.1,16.6,14.9,108,107,1.1,1.8,2.9,0.094,-3.7,2.1,-1.6,0.2
494,2017-18,23,BOS,NBA,Jabari Bird,13,1,115,12.1,0.269,0.5,5.8,12.2,9,10.5,1.3,0.7,20.1,15.4,107,106,0.1,0.2,0.2,0.098,-2.3,0.1,-2.1,0
495,2017-18,25,ORL,NBA,Khem Birch,42,0,578,16.4,0,0.484,13.2,21.1,17.1,8.5,1.3,2.9,12.1,13.2,123,108,1.2,0.6,1.8,0.15,-1.1,1.4,0.3,0.3
496,2017-18,29,LAC,NBA,Patrick Beverley,11,11,334,12.3,0.504,0.143,5.3,9.4,7.4,13.8,2.6,1.3,16.5,19.6,102,110,0.1,0.3,0.4,0.054,0.4,0.2,0.6,0.2
497,2017-18,25,SAS,NBA,Davis Bertans,77,10,1086,14.1,0.689,0.134,1.8,13.9,7.8,10.3,1.2,2.1,8.5,17.4,115,106,1.6,1.4,3.1,0.135,1.2,-0.3,1,0.8
498,2017-18,20,PHO,NBA,Dragan Bender,82,37,2069,7.1,0.665,0.105,2,16.8,9.3,8.9,0.5,2.1,18.1,12.7,95,114,-0.7,0.8,0.1,0.001,-2.7,0,-2.7,-0.4
499,2017-18,23,ATL,NBA,DeAndre' Bembry,26,3,455,7.6,0.234,0.258,2,15.7,8.8,15.9,2.3,2.3,24.8,18.2,83,109,-0.9,0.5,-0.4,-0.04,-5.9,1.5,-4.4,-0.3
500,2017-18,23,GSW,NBA,Jordan Bell,57,13,809,18,0.022,0.238,8.9,19,14.3,16.9,2.1,5.5,20,13.9,121,103,1.6,1.4,2.9,0.174,0,3.7,3.7,1.2
501,2017-18,31,TOT,NBA,Marco Belinelli,80,2,1947,14.1,0.518,0.214,1.1,7.3,4.2,11.9,1.6,0.5,10.1,20.7,111,111,2.4,1.3,3.7,0.092,0.8,-2.1,-1.3,0.3
502,2017-18,29,NYK,NBA,Michael Beasley,74,30,1653,17.8,0.107,0.197,6.5,21.2,13.9,12.5,1.1,2.3,14,26.9,103,110,0.9,1.5,2.4,0.069,-1,-0.4,-1.5,0.2
503,2017-18,21,DEN,NBA,Malik Beasley,62,0,583,9,0.461,0.185,2.7,11,6.9,7.4,1.3,1,11.1,16.2,101,113,0.1,0.3,0.3,0.028,-2.8,-2.4,-5.1,-0.5
504,2017-18,24,WAS,NBA,Bradley Beal,82,82,2977,18.4,0.357,0.248,2.3,11.5,6.9,21,1.6,1.1,11.5,27.6,109,110,4.4,2.5,6.9,0.112,2.7,-1,1.7,2.7
505,2017-18,28,ATL,NBA,Kent Bazemore,65,65,1789,14.5,0.405,0.297,1.6,13.9,7.7,20.1,2.7,2.2,17,22.5,101,108,0.2,2,2.2,0.059,-0.6,1.1,0.4,1.1
506,2017-18,31,BOS,NBA,Aron Baynes,81,67,1485,12.1,0.047,0.175,9.7,22.1,16,9.6,0.7,2.9,14.3,16.8,103,103,0.5,2.5,3,0.097,-3.8,2.1,-1.7,0.1
507,2017-18,29,PHI,NBA,Jerryd Bayless,39,11,925,7.5,0.557,0.168,1.8,7.3,4.7,8,1.2,0.5,14.1,15.1,102,109,0.2,0.9,1.1,0.055,-1.8,-1,-2.7,-0.2
508,2017-18,29,CHO,NBA,Nicolas Batum,64,64,1981,14.4,0.422,0.2,3.1,13.8,8.4,26.2,1.6,1,15.6,18.3,107,110,1.7,1.8,3.5,0.084,0.9,0.5,1.4,1.7
509,2017-18,27,DEN,NBA,Will Barton,81,40,2683,16.2,0.411,0.22,3,14.2,8.6,18.5,1.5,1.6,11.7,20.7,113,112,4.4,1.8,6.2,0.111,1.6,-0.6,1,2
510,2017-18,25,DAL,NBA,Harrison Barnes,77,77,2634,15.8,0.276,0.259,3.1,17.1,9.9,9.9,0.9,0.5,8.1,25.2,105,111,2,1.9,3.8,0.07,-0.7,-1.4,-2.1,-0.1
511,2017-18,33,DAL,NBA,J.J. Barea,69,10,1603,17.8,0.454,0.148,1,13.4,7,45.1,1.1,0.2,16.3,24.9,109,112,2.3,1,3.3,0.098,2.4,-2.3,0.1,0.8
512,2017-18,20,LAL,NBA,Lonzo Ball,52,50,1780,12.5,0.523,0.126,4.2,17.3,10.8,29.2,2.4,2,18.6,17.4,97,106,-0.5,2.5,2,0.053,-0.8,2.5,1.7,1.7
513,2017-18,21,POR,NBA,Wade Baldwin,7,0,80,16.6,0.238,0.476,1.4,9.5,5.5,9.8,1.2,1,13.6,16.1,131,109,0.2,0.1,0.3,0.187,1.1,-1.1,0,0
514,2017-18,24,NYK,NBA,Ron Baker,29,1,385,9.3,0.559,0.441,1.4,7.2,4.3,15.5,3.3,1.3,20.4,10,104,109,0.1,0.4,0.5,0.059,-1.9,0.9,-1,0.1
515,2017-18,22,CHO,NBA,Dwayne Bacon,53,6,713,5.8,0.224,0.13,0.6,18.5,9.4,7.5,1.1,0.2,10.2,13.7,88,111,-0.7,0.6,-0.1,-0.007,-5.4,-0.3,-5.7,-0.7
516,2017-18,28,TOT,NBA,Luke Babbitt,50,14,715,9.8,0.726,0.102,1.1,13.9,7.5,6.5,0.5,0.8,7.8,15,109,113,0.5,0.4,0.9,0.06,-1,-2.2,-3.2,-0.2
517,2017-18,30,ORL,NBA,D.J. Augustin,75,36,1760,15.4,0.504,0.35,1.9,8.2,5,24.4,1.5,0,16.5,18.6,116,113,3.3,0.8,4.1,0.11,1.5,-2.5,-0.9,0.5
518,2017-18,31,TOT,NBA,Omer Asik,18,0,182,3.1,0,0.591,5.5,22.2,14,2.1,0.5,1.9,24.5,8.7,76,110,-0.2,0.2,-0.1,-0.021,-8.1,0,-8.1,-0.3
519,2017-18,25,ORL,NBA,Jamel Artis,15,1,279,6.9,0.367,0.152,1.6,13.5,7.5,9.3,0.4,0.9,8.7,14.5,94,114,-0.1,0.1,0,-0.006,-4.3,-1.5,-5.9,-0.3
520,2017-18,29,DEN,NBA,Darrell Arthur,19,1,141,8.4,0.489,0.064,2.4,9.5,6,9.3,2.8,1.8,23.7,19.5,90,109,-0.2,0.1,0,-0.011,-3.5,-1,-4.5,-0.1
Rk,Season,Age,Tm,Lg,Player,G,GS,MP,PER,3PAr,FTr,ORB%,DRB%,TRB%,AST%,STL%,BLK%,TOV%,USG%,ORtg,DRtg,OWS,DWS,WS,WS/48,OBPM,DBPM,BPM,VORP
521,2017-18,32,HOU,NBA,Trevor Ariza,67,67,2269,11.8,0.71,0.137,1.7,12.9,7.3,6.8,2.1,0.5,7,14.4,114,107,2.6,2.8,5.3,0.113,0.8,0.7,1.5,2
522,2017-18,23,CHI,NBA,Ryan Arcidiacono,24,0,304,7.3,0.756,0.146,0.3,8.8,4.4,15.5,2.1,0,23,8.1,105,112,0.1,0.2,0.3,0.04,-3.3,-0.7,-4.1,-0.2
523,2017-18,20,TOR,NBA,OG Anunoby,74,62,1481,10,0.569,0.179,3.4,10.4,7,5,1.7,0.8,10.8,12.4,113,108,1.4,1.6,3,0.098,0.2,0.4,0.6,1
524,2017-18,33,OKC,NBA,Carmelo Anthony,78,78,2501,12.7,0.406,0.165,2.9,17.7,10,6.5,0.9,1.8,7.3,23.2,104,109,1.2,2.5,3.7,0.071,-1.9,-1.9,-3.8,-1.1
525,2017-18,23,MIL,NBA,Giannis Antetokounmpo,75,75,2756,27.3,0.1,0.457,6.7,25.3,16,23.7,2,3.3,11.7,31.2,116,106,8.3,3.6,11.9,0.207,3.9,1.9,5.8,5.4
526,2017-18,19,IND,NBA,Ike Anigbogu,11,0,30,21.6,0,0.667,19,15,16.9,0,1.7,8.9,14.7,20.3,114,104,0.1,0,0.1,0.165,-4.1,-1.2,-5.4,0
527,2017-18,29,HOU,NBA,Ryan Anderson,66,50,1725,12.6,0.706,0.194,6.2,15.4,10.8,5.1,0.7,1,7.5,14.4,121,109,3.1,1.7,4.8,0.132,1,-0.8,0.2,1
528,2017-18,24,SAS,NBA,Kyle Anderson,74,67,1978,15.9,0.13,0.333,4.7,17.6,11.1,14.7,2.9,2.5,15.8,13.5,114,101,2.4,3.8,6.2,0.151,-0.3,4.3,4.1,3
529,2017-18,24,PHI,NBA,Justin Anderson,38,0,519,13,0.51,0.188,5.4,13.6,9.6,7.1,1.4,1.1,6.8,19.3,110,107,0.6,0.7,1.2,0.115,-0.5,-1.5,-2,0
530,2017-18,27,POR,NBA,Al-Farouq Aminu,69,67,2072,12,0.582,0.137,5.2,22.3,13.8,5.8,1.9,1.6,11.3,14.8,105,104,0.9,3.2,4.2,0.097,-0.8,1.9,1.1,1.6
531,2017-18,36,NOP,NBA,Tony Allen,22,0,273,8.7,0.132,0.231,8.2,10.4,9.3,4.6,1.9,0.9,15.9,18.9,95,110,-0.2,0.2,0.1,0.017,-4,-1.3,-5.2,-0.2
532,2017-18,25,BOS,NBA,Kadeem Allen,18,1,107,2.6,0.5,0.409,4.1,7.1,5.6,15.2,1.4,1.6,25.7,14.6,78,106,-0.2,0.1,-0.1,-0.039,-6.7,0.3,-6.4,-0.1
533,2017-18,19,BRK,NBA,Jarrett Allen,72,31,1441,17.5,0.038,0.37,10.5,18.2,14.3,5.4,0.9,4.6,15.1,16.3,119,108,2.7,1.5,4.2,0.141,-1.3,1.4,0.2,0.8
534,2017-18,32,SAS,NBA,LaMarcus Aldridge,75,75,2509,25,0.068,0.296,10.8,17.3,14,11.3,0.9,3,6.8,29.1,118,105,7.4,3.5,10.9,0.209,3,0.3,3.3,3.3
535,2017-18,29,MIN,NBA,Cole Aldrich,21,0,49,6,0,0.4,7,28.6,17.7,8.2,2,1.8,5.4,16.8,85,107,-0.1,0.1,0,-0.013,-7,0.1,-6.9,-0.1
536,2017-18,32,ORL,NBA,Arron Afflalo,53,3,682,5.8,0.432,0.16,0.6,10.1,5.3,6.2,0.3,1.1,10.8,12.5,98,115,-0.1,0.2,0.1,0.009,-4.1,-1.8,-5.8,-0.7
537,2017-18,20,MIA,NBA,Bam Adebayo,69,19,1368,15.7,0.021,0.526,9.7,21.6,15.6,11,1.2,2.5,13.6,15.9,116,105,2.3,1.9,4.2,0.148,-1.6,1.8,0.2,0.8
538,2017-18,24,OKC,NBA,Steven Adams,76,76,2487,20.6,0.003,0.403,16.6,13.9,15.3,5.5,1.8,2.8,13.2,16.7,125,107,6.7,3,9.7,0.187,2.2,1.1,3.3,3.3
539,2017-18,27,BRK,NBA,Quincy Acy,70,8,1359,8.2,0.8,0.164,3.1,17,10,6,1.2,1.6,13.3,14.4,99,110,-0.1,1.1,1,0.036,-2,-0.2,-2.2,-0.1
540,2017-18,24,OKC,NBA,Alex Abrines,75,8,1134,9,0.759,0.158,2.5,8.9,5.6,3.4,1.7,0.6,7.4,12.7,116,110,1.3,1,2.2,0.094,-0.5,-1.7,-2.2,-0.1