Rk,Season,Age,Tm,Lg,Player,G,GS,MP,FG,FGA,2P,2PA,3P,3PA,FT,FTA,ORB,DRB,TRB,AST,STL,BLK,TOV,PF,PTS,FG%,2P%,3P%,eFG%,FT%,TS%
1,2017-18,20,LAL,NBA,Ivica Zubac,43,0,410,5.4,10.7,5.4,10.6,0,0.1,3.4,4.5,4,6.8,10.8,2.2,0.7,1.3,2.3,4.1,14.1,0.5,0.504,0,0.5,0.765,0.557
2,2017-18,21,CLE,NBA,Ante Zizic,32,2,214,8.2,11.3,8.2,11.3,0,0,3.5,4.9,4,6.1,10.1,0.8,0.3,2.2,1.9,5,20,0.731,0.731,,0.731,0.724,0.746
3,2017-18,23,CHI,NBA,Paul Zipser,54,12,824,3.5,10.2,1.9,5.4,1.6,4.8,0.8,1.1,0.6,5.2,5.7,2,0.9,0.7,1.9,3.8,9.5,0.346,0.355,0.336,0.425,0.731,0.444
4,2017-18,28,TOT,NBA,Tyler Zeller,66,34,1109,6.1,10.8,5.7,9.9,0.3,0.9,1.9,2.6,3.6,6.3,9.9,1.5,0.5,1.1,1.5,4.1,14.3,0.56,0.578,0.357,0.575,0.722,0.598
5,2017-18,25,CHO,NBA,Cody Zeller,33,0,627,4.9,9,4.8,8.8,0.1,0.2,3.5,4.9,3.8,6.3,10.2,1.8,0.8,1.2,1.9,4.7,13.4,0.545,0.542,0.667,0.551,0.718,0.602
6,2017-18,29,IND,NBA,Thaddeus Young,81,81,2607,5.8,11.9,5,9.4,0.8,2.5,0.8,1.3,2.5,4.5,7.1,2.1,1.9,0.5,1.4,2.4,13.2,0.487,0.531,0.32,0.521,0.598,0.528
7,2017-18,32,GSW,NBA,Nick Young,80,8,1393,5.2,12.6,2,4.2,3.2,8.4,1.4,1.7,0.5,2.7,3.2,0.9,1,0.2,1,2.6,15,0.412,0.481,0.377,0.538,0.862,0.562
8,2017-18,25,IND,NBA,Joe Young,53,1,558,5.2,12,3.5,7.7,1.6,4.3,1.4,1.9,0.8,3.3,4.1,2.5,0.9,0.1,1.7,2.5,13.4,0.43,0.458,0.379,0.497,0.759,0.521
9,2017-18,22,PHI,NBA,James Young,6,0,61,3,8.3,1.2,2.4,1.8,5.9,2.4,3.5,0,1.2,1.2,1.2,0,0,0.6,2.4,10,0.357,0.5,0.3,0.464,0.667,0.511
10,2017-18,22,BOS,NBA,Guerschon Yabusele,33,4,235,4,9.3,2.1,3.7,1.8,5.7,2.3,3.4,2.6,5.4,8,2.5,0.6,0.8,1.8,3.5,12.1,0.426,0.583,0.324,0.525,0.682,0.559
11,2017-18,25,TOR,NBA,Delon Wright,69,4,1433,5,10.9,3.6,7,1.4,3.8,2.4,2.9,1.1,3.8,5,5,1.8,0.8,2,2,13.9,0.465,0.52,0.366,0.53,0.829,0.574
12,2017-18,30,TOT,NBA,Brandan Wright,28,1,381,5.6,9.6,5.6,9.6,0,0,2,3.1,3.1,5.9,9,1.2,1.2,2.5,0.8,3,13.1,0.578,0.578,,0.578,0.636,0.596
13,2017-18,26,UTA,NBA,Nate Wolters,5,0,19,1.9,11.4,1.9,11.4,0,0,0,0,1.9,1.9,3.8,1.9,0,0,0,1.9,3.8,0.167,0.167,,0.167,,0.167
14,2017-18,27,DAL,NBA,Jeff Withey,9,0,39,5.5,14.8,3.7,5.5,1.8,9.2,0.9,1.8,0.9,8.3,9.2,0,0,2.8,1.8,2.8,13.8,0.375,0.667,0.2,0.438,0.5,0.444
15,2017-18,21,MIA,NBA,Justise Winslow,68,25,1680,4.4,10.5,3.4,7.7,1,2.8,1.4,2.2,1.4,6.5,7.9,3.2,1.2,0.7,1.6,3,11.3,0.424,0.44,0.38,0.474,0.635,0.496
16,2017-18,27,LAC,NBA,Jamil Wilson,15,10,274,5,10.6,1.4,2.4,3.5,8.3,0.3,0.5,0.4,3.8,4.2,1.3,0.7,1.1,1.1,4.5,13.8,0.469,0.611,0.429,0.636,0.5,0.634
17,2017-18,21,MIL,NBA,D.J. Wilson,22,0,71,4.6,8.1,3.5,5.6,1,2.5,0.5,1,1,4.1,5.1,1.5,1.5,0.5,2,3.5,10.6,0.563,0.636,0.4,0.625,0.5,0.622
18,2017-18,23,TOT,NBA,Troy Williams,21,1,307,6,12.8,4.7,8.3,1.3,4.5,2.3,3.5,2.6,4.8,7.4,1.9,2.3,0.5,2.2,4,15.6,0.468,0.563,0.289,0.518,0.667,0.544
19,2017-18,24,MIA,NBA,Matt Williams,3,0,11,6.5,19.6,3.3,3.3,3.3,16.4,0,0,0,3.3,3.3,0,0,0,3.3,3.3,16.4,0.333,1,0.2,0.417,,0.417
20,2017-18,31,CHO,NBA,Marvin Williams,78,78,2006,4.6,10.1,2.4,4.6,2.3,5.5,1.8,2.2,1.3,5.3,6.6,1.7,1,0.7,1.2,2.1,13.4,0.458,0.512,0.413,0.57,0.829,0.603
Rk,Season,Age,Tm,Lg,Player,G,GS,MP,FG,FGA,2P,2PA,3P,3PA,FT,FTA,ORB,DRB,TRB,AST,STL,BLK,TOV,PF,PTS,FG%,2P%,3P%,eFG%,FT%,TS%
21,2017-18,31,LAC,NBA,Lou Williams,79,19,2589,8.1,18.6,5.5,11.4,2.6,7.2,6,6.8,0.6,2.2,2.8,5.8,1.2,0.3,3.3,1.5,24.8,0.435,0.484,0.359,0.505,0.88,0.574
22,2017-18,26,LAL,NBA,Derrick Williams,2,0,9,4,16,4,8,0,8,0,0,0,4,4,0,0,0,0,0,8,0.25,0.5,0,0.25,,0.25
23,2017-18,27,LAC,NBA,C.J. Williams,38,17,707,4.4,10,3.3,6.1,1.1,4,0.7,0.8,0.6,2.2,2.9,2.2,1.6,0.7,1,3.2,10.6,0.442,0.546,0.282,0.497,0.813,0.512
24,2017-18,25,PHO,NBA,Alan Williams,5,0,70,3.6,9.3,3.6,9.3,0,0,3.1,4.6,1.5,9.8,11.3,4.1,2.6,0.5,3.6,6.7,10.3,0.389,0.389,,0.389,0.667,0.455
25,2017-18,38,IND,NBA,Damien Wilkins,19,1,152,3.1,9.2,2.1,5,0.9,4.3,0.7,0.9,1.2,2.6,3.8,2.1,0.5,0.2,1.2,1.7,7.8,0.333,0.429,0.222,0.385,0.75,0.405
26,2017-18,23,BRK,NBA,Jacob Wiley,5,0,33,1.1,4.4,0,2.2,1.1,2.2,1.1,2.2,2.2,9.8,12,2.2,1.1,0,0,4.4,4.4,0.25,0,0.5,0.375,0.5,0.41
27,2017-18,22,MIN,NBA,Andrew Wiggins,82,82,2979,6.9,15.7,5.5,11.6,1.4,4.1,2.4,3.8,1,3.3,4.3,1.9,1.1,0.6,1.7,2,17.5,0.438,0.475,0.331,0.481,0.643,0.505
28,2017-18,28,MIA,NBA,Hassan Whiteside,54,54,1364,8.2,15.3,8.2,15.2,0.1,0.1,3.4,4.8,4.6,11.7,16.3,1.4,1,2.5,2.4,3.5,19.9,0.54,0.538,1,0.542,0.703,0.573
29,2017-18,22,BRK,NBA,Isaiah Whitehead,16,0,180,8,17.2,6.6,13.6,1.4,3.6,2.6,3.8,0.8,4.4,5.2,4,1.6,0.4,4.8,4.6,20,0.465,0.485,0.389,0.506,0.684,0.53
30,2017-18,25,MIA,NBA,Okaro White,6,4,80,3.2,7.2,1.4,2.3,1.8,5,0.9,1.4,1.4,3.6,5,0.9,0.5,0.5,0.5,2.7,9,0.438,0.6,0.364,0.563,0.667,0.577
31,2017-18,23,SAS,NBA,Derrick White,17,0,139,4.1,8.5,2.1,5.2,2.1,3.4,3.6,5.2,1.3,5.4,6.7,2.3,1,0.8,1.6,2.1,14,0.485,0.4,0.615,0.606,0.7,0.646
32,2017-18,24,ATL,NBA,Andrew White,15,0,209,4.3,12.6,1.2,4.1,3.1,8.4,0.2,0.7,0.7,5.2,5.9,1,0.5,0.2,1.4,2.1,11.9,0.342,0.292,0.367,0.466,0.25,0.461
33,2017-18,29,OKC,NBA,Russell Westbrook,80,80,2914,9.4,20.8,8.2,16.8,1.2,4,5.2,7,1.9,8.1,9.9,10.1,1.8,0.2,4.7,2.5,25.1,0.449,0.485,0.298,0.477,0.737,0.524
34,2017-18,37,GSW,NBA,David West,73,0,999,7.8,13.6,7.7,13.3,0.1,0.3,2.2,2.8,2.3,6.3,8.6,5,1.7,2.7,2.9,4.3,17.8,0.571,0.576,0.375,0.575,0.759,0.6
35,2017-18,25,TOT,NBA,Briante Weber,18,0,237,2.9,6.5,2.3,4.9,0.6,1.7,1.2,1.5,1.2,4.1,5.3,3.3,2.7,0.8,2.3,4.3,7.6,0.442,0.469,0.364,0.488,0.8,0.527
36,2017-18,24,BRK,NBA,James Webb,10,0,120,1.8,7.2,0.6,1.5,1.2,5.7,0,0,2.4,4.8,7.2,1.2,0.3,0,1.2,3,4.8,0.25,0.4,0.211,0.333,,0.333
37,2017-18,27,LAL,NBA,Travis Wear,17,0,228,3.9,11.4,1.3,3.9,2.7,7.4,1.3,1.3,0,6,6,1.1,0.6,0.8,0.9,4.7,11.8,0.347,0.32,0.362,0.465,1,0.497
38,2017-18,24,PHO,NBA,T.J. Warren,65,65,2142,8.9,17.9,8.6,16.4,0.3,1.5,3.2,4.3,2.1,3.5,5.6,1.4,1.1,0.7,1.4,2.5,21.4,0.498,0.523,0.222,0.507,0.757,0.541
39,2017-18,24,DAL,NBA,Jameel Warney,3,0,27,9.3,16,9.3,16,0,0,4,6.7,5.3,6.7,12,0,0,0,1.3,2.7,22.7,0.583,0.583,,0.583,0.6,0.599
40,2017-18,22,MIA,NBA,Derrick Walton,16,0,147,2,6.1,0.2,2,1.7,4.2,1.5,1.5,0.5,3.4,3.9,3.9,1.7,0.7,0.5,1.7,7.1,0.32,0.125,0.412,0.46,1,0.525
Rk,Season,Age,Tm,Lg,Player,G,GS,MP,FG,FGA,2P,2PA,3P,3PA,FT,FTA,ORB,DRB,TRB,AST,STL,BLK,TOV,PF,PTS,FG%,2P%,3P%,eFG%,FT%,TS%
41,2017-18,23,ATL,NBA,Taurean Waller-Prince,82,82,2464,6.1,14.2,3.5,7.6,2.6,6.7,2.2,2.6,0.7,5,5.7,3.1,1.2,0.6,2.8,2.5,16.9,0.426,0.461,0.385,0.516,0.844,0.549
42,2017-18,23,LAC,NBA,Tyrone Wallace,30,19,851,4.7,10.4,4.2,8.8,0.4,1.7,2.6,3.3,0.9,3.6,4.4,3,1.1,0.5,1.9,3.5,12.3,0.445,0.483,0.25,0.466,0.782,0.517
43,2017-18,27,WAS,NBA,John Wall,41,41,1410,7.1,17,5.6,12.8,1.6,4.3,4.5,6.2,0.6,3.3,3.8,10,1.5,1.1,4,2,20.3,0.42,0.436,0.371,0.466,0.726,0.515
44,2017-18,27,CHO,NBA,Kemba Walker,80,80,2736,7.7,17.9,4.7,10,3,7.9,4.8,5.5,0.4,2.8,3.2,5.8,1.2,0.3,2.4,1.3,23.3,0.431,0.469,0.384,0.516,0.864,0.572
45,2017-18,26,MIA,NBA,Dion Waiters,30,30,918,6.4,16.1,4.4,9.4,2,6.7,2,2.7,0.3,2.7,3,4.4,0.9,0.4,2.7,2.4,16.8,0.398,0.463,0.306,0.461,0.739,0.487
46,2017-18,36,TOT,NBA,Dwyane Wade,67,3,1536,7,16,6.3,13.4,0.7,2.6,3.2,4.4,1.2,4.7,5.9,5.3,1.4,1.1,3.3,2.9,17.9,0.438,0.468,0.288,0.462,0.714,0.5
47,2017-18,27,ORL,NBA,Nikola Vucevic,57,57,1683,8.5,18,7.2,13.6,1.4,4.4,1.6,2,2.2,9,11.2,4.1,1.2,1.3,2.3,3.1,20.1,0.475,0.527,0.314,0.513,0.819,0.533
48,2017-18,22,TOT,NBA,Noah Vonleh,54,16,875,4.3,9.6,3.5,6.9,0.8,2.7,1.5,2.4,2.9,9.9,12.8,1.4,0.8,0.7,1.3,2.8,10.9,0.444,0.5,0.303,0.487,0.621,0.509
49,2017-18,21,TOT,NBA,Rashad Vaughn,28,0,212,3.9,9.5,1.5,3.2,2.4,6.3,0.7,1,0.5,3.1,3.6,2.2,0.8,0.5,1,2.5,10.9,0.411,0.474,0.378,0.536,0.667,0.546
50,2017-18,23,TOR,NBA,Fred VanVleet,76,0,1520,5.5,12.9,2.9,6.7,2.6,6.2,2,2.4,0.6,3.8,4.4,5.8,1.6,0.5,1.8,3.1,15.5,0.426,0.437,0.414,0.525,0.832,0.556
51,2017-18,24,CHI,NBA,Denzel Valentine,77,37,2095,5.2,12.4,2.7,6,2.5,6.4,0.7,0.9,0.8,5.9,6.8,4.2,1.1,0.2,1.7,3.2,13.5,0.417,0.45,0.386,0.517,0.745,0.527
52,2017-18,25,TOR,NBA,Jonas Valanciunas,77,77,1727,8.1,14.3,7.5,12.8,0.6,1.5,3.5,4.4,3.8,9.9,13.8,1.7,0.6,1.4,2.4,4,20.4,0.568,0.587,0.405,0.59,0.806,0.628
53,2017-18,22,PHO,NBA,Tyler Ulis,71,43,1658,4.6,12,3.7,8.8,0.9,3.2,1.8,2.2,0.5,2.3,2.8,6.8,1.5,0.2,2.8,2.6,12,0.388,0.425,0.288,0.426,0.832,0.465
54,2017-18,30,UTA,NBA,Ekpe Udoh,63,3,810,2.7,5.3,2.7,5.3,0,0,1.9,2.5,3,3.6,6.7,2.4,1.9,3.3,0.9,4.7,7.2,0.5,0.504,0,0.5,0.75,0.56
55,2017-18,21,IND,NBA,Myles Turner,65,62,1836,6,12.5,4.9,9.5,1.1,3.1,3.1,4,1.8,6.4,8.2,1.7,0.7,2.3,1.9,3.6,16.2,0.479,0.519,0.357,0.523,0.777,0.567
56,2017-18,29,POR,NBA,Evan Turner,79,40,2034,4.6,10.2,3.8,7.9,0.7,2.3,1.6,1.9,0.5,3.8,4.3,3.1,0.8,0.5,1.8,2.9,11.5,0.447,0.485,0.318,0.484,0.85,0.52
57,2017-18,32,HOU,NBA,P.J. Tucker,82,34,2281,2.7,7,0.9,2.1,1.8,4.9,0.7,0.9,1.5,5.7,7.2,1.2,1.2,0.4,1.2,3.2,7.9,0.39,0.435,0.371,0.52,0.717,0.537
58,2017-18,22,MIN,NBA,Karl-Anthony Towns,82,82,2918,7.9,14.5,6.4,10.9,1.5,3.5,4.3,5,2.9,9.5,12.5,2.5,0.8,1.4,2,3.5,21.5,0.545,0.585,0.421,0.596,0.858,0.646
59,2017-18,32,DET,NBA,Anthony Tolliver,79,14,1757,4.5,9.7,1.2,2.2,3.3,7.5,2.2,2.7,1,3.9,4.9,1.8,0.7,0.4,1.2,3,14.4,0.464,0.561,0.436,0.632,0.797,0.663
60,2017-18,23,LAC,NBA,Sindarius Thornwell,73,17,1156,3.1,7.3,2.4,5.4,0.7,1.9,1.8,2.7,1,3.3,4.4,2.1,1.5,0.8,1.7,3.9,8.8,0.429,0.448,0.377,0.479,0.67,0.519
Rk,Season,Age,Tm,Lg,Player,G,GS,MP,FG,FGA,2P,2PA,3P,3PA,FT,FTA,ORB,DRB,TRB,AST,STL,BLK,TOV,PF,PTS,FG%,2P%,3P%,eFG%,FT%,TS%
61,2017-18,26,CLE,NBA,Tristan Thompson,53,22,1072,4.4,7.9,4.4,7.9,0,0,1.4,2.7,4.2,7.6,11.8,1.1,0.5,0.6,1.2,3.4,10.3,0.562,0.562,,0.562,0.544,0.569
62,2017-18,27,GSW,NBA,Klay Thompson,73,73,2506,8.3,16.9,5,9.5,3.3,7.5,1.2,1.4,0.4,3.5,4,2.7,0.8,0.5,1.8,1.7,21,0.488,0.526,0.44,0.585,0.837,0.598
63,2017-18,29,NYK,NBA,Lance Thomas,73,31,1353,2.7,7.1,1.4,3.8,1.3,3.3,1.2,1.4,1.2,3.5,4.7,1.2,0.8,0.4,1.1,3.6,7.9,0.382,0.364,0.403,0.476,0.83,0.513
64,2017-18,28,TOT,NBA,Isaiah Thomas,32,15,862,6.6,17.6,4.3,9.7,2.3,7.9,4.9,5.5,0.7,2.1,2.8,6.4,0.6,0.1,4,2.4,20.3,0.373,0.438,0.293,0.438,0.893,0.508
65,2017-18,25,BOS,NBA,Daniel Theis,63,3,936,4.8,9,4.2,6.7,0.7,2.2,2.3,3.1,3.5,7.1,10.5,2.2,1.2,1.8,2.2,6,12.7,0.541,0.617,0.31,0.579,0.753,0.616
66,2017-18,40,MIL,NBA,Jason Terry,51,4,814,2.6,6.8,0.8,1.7,1.8,5.1,0.4,0.4,0.2,1.9,2.1,2.6,1.9,0.6,1.1,2.3,7.3,0.383,0.487,0.348,0.513,0.889,0.525
67,2017-18,30,LAC,NBA,Milos Teodosic,45,36,1134,4.8,11.4,2,4.1,2.8,7.4,1.2,1.5,0.5,3.5,4,6.6,0.7,0.2,3.1,3.3,13.6,0.419,0.492,0.379,0.542,0.848,0.564
68,2017-18,31,SAC,NBA,Garrett Temple,65,35,1615,4.4,10.6,2.5,5.6,2,5.1,1.3,1.7,0.5,2.9,3.4,2.8,1.3,0.6,1.8,3,12.2,0.418,0.442,0.392,0.512,0.769,0.536
69,2017-18,32,MIL,NBA,Mirza Teletovic,10,0,159,5.7,12.9,0.9,2.7,4.8,10.2,0,0,0.7,4.5,5.2,2.3,0.9,0.2,1.6,3.2,16.1,0.439,0.333,0.467,0.623,,0.623
70,2017-18,24,MEM,NBA,Marquis Teague,3,0,74,1.9,7.8,1.5,5.8,0.5,1.9,1,2.4,0.5,2.4,2.9,6.3,1.9,0,1.5,2.4,5.4,0.25,0.25,0.25,0.281,0.4,0.302
71,2017-18,29,MIN,NBA,Jeff Teague,70,70,2311,5.5,12.4,4.2,8.8,1.3,3.6,3.1,3.7,0.4,2.9,3.3,7.7,1.6,0.3,2.8,2.7,15.5,0.446,0.477,0.368,0.499,0.845,0.553
72,2017-18,23,ATL,NBA,Isaiah Taylor,67,9,1167,5,12,4.4,9.6,0.6,2.5,3.1,4.3,0.7,2.2,2.9,6.4,1,0.3,2.6,3.6,13.7,0.418,0.461,0.25,0.444,0.702,0.492
73,2017-18,19,BOS,NBA,Jayson Tatum,80,80,2438,5.9,12.3,4.3,8.8,1.6,3.6,3.1,3.8,0.7,5.2,5.9,1.9,1.2,0.9,1.7,2.5,16.4,0.475,0.492,0.434,0.538,0.826,0.586
74,2017-18,20,POR,NBA,Caleb Swanigan,27,3,189,4.6,11.4,4.4,9.9,0.2,1.5,2.3,3.4,2.9,7.4,10.3,2.7,1,0.6,3.4,7,11.6,0.4,0.442,0.125,0.408,0.667,0.449
75,2017-18,22,IND,NBA,Edmond Sumner,1,0,2,18,18,18,18,0,0,0,0,0,18,18,0,0,0,0,18,36,1,1,,1,,1
76,2017-18,29,CHO,NBA,Julyan Stone,23,0,175,1.2,2.7,0,0,1.2,2.7,0.2,0.4,0.2,5.8,6,5.3,0.8,0.4,1.4,4.3,3.9,0.462,,0.462,0.692,0.5,0.684
77,2017-18,26,UTA,NBA,David Stockton,3,0,9,8,12,0,0,8,12,16,16,0,0,0,0,0,0,4,12,40,0.667,,0.667,1,1,1.05
78,2017-18,27,IND,NBA,Lance Stephenson,82,7,1850,5.9,13.8,4.6,9.3,1.3,4.5,1.6,2.5,1.2,7,8.3,4.6,0.9,0.3,2.6,3.4,14.7,0.427,0.495,0.289,0.475,0.661,0.495
79,2017-18,24,TOT,NBA,Nik Stauskas,41,0,523,4.1,10.6,1.4,3.7,2.8,6.9,1.4,2,0.3,4.1,4.4,2.7,0.6,0.3,1.8,1.7,12.5,0.39,0.37,0.4,0.519,0.724,0.543
80,2017-18,30,ORL,NBA,Marreese Speights,52,3,675,7.4,18.6,2.8,6.2,4.6,12.4,2.1,2.9,1.1,6,7.1,2.1,0.4,1.2,2.1,5.7,21.4,0.395,0.448,0.369,0.519,0.727,0.539
Rk,Season,Age,Tm,Lg,Player,G,GS,MP,FG,FGA,2P,2PA,3P,3PA,FT,FTA,ORB,DRB,TRB,AST,STL,BLK,TOV,PF,PTS,FG%,2P%,3P%,eFG%,FT%,TS%
81,2017-18,26,MIL,NBA,Tony Snell,75,59,2053,3.2,7.5,1.4,2.8,1.9,4.7,0.7,0.8,0.2,2.3,2.5,1.7,0.8,0.5,0.6,2,9,0.435,0.49,0.403,0.562,0.792,0.578
82,2017-18,32,NOP,NBA,Josh Smith,3,0,12,3,12,3,12,0,0,0,0,9,3,12,0,0,0,0,9,6,0.25,0.25,,0.25,,0.25
83,2017-18,31,WAS,NBA,Jason Smith,33,2,285,5.7,14.5,5.2,10.5,0.5,4,2.4,2.7,2.3,4.4,6.7,1.8,0.4,1.6,2,5.6,14.3,0.391,0.494,0.125,0.409,0.905,0.455
84,2017-18,32,CLE,NBA,J.R. Smith,80,61,2244,3.9,9.5,1.6,3.4,2.3,6.1,0.6,0.9,0.5,3.3,3.8,2.3,1.1,0.2,1.3,2.6,10.6,0.403,0.453,0.375,0.524,0.696,0.534
85,2017-18,29,DET,NBA,Ish Smith,82,35,2043,6.9,14.1,6.2,12.3,0.6,1.8,1.4,2,0.5,3.5,3.9,6.3,1.1,0.4,1.9,2.5,15.8,0.486,0.506,0.347,0.507,0.698,0.525
86,2017-18,20,DAL,NBA,Dennis Smith,69,69,2049,7.1,18,5.2,12,1.9,6,2.4,3.4,0.9,3.7,4.6,6.3,1.2,0.3,3.4,2.7,18.4,0.395,0.436,0.313,0.447,0.694,0.473
87,2017-18,23,BOS,NBA,Marcus Smart,54,11,1614,4.2,11.5,2.5,5.9,1.7,5.6,2.2,3,1,3.3,4.2,5.8,1.6,0.5,2.9,3,12.3,0.367,0.429,0.301,0.44,0.729,0.479
88,2017-18,29,OKC,NBA,Kyle Singler,12,0,59,4.3,12.8,3.1,9.8,1.2,3.1,4.3,7.9,0.6,5.5,6.1,1.2,0.6,0,1.8,2.4,14,0.333,0.313,0.4,0.381,0.538,0.43
89,2017-18,20,MEM,NBA,Kobi Simmons,32,12,643,4.5,10.6,3.9,8.4,0.6,2.2,1.4,1.4,0.8,2,2.8,3.8,1,0.3,2.5,3.4,11,0.423,0.46,0.282,0.452,1,0.49
90,2017-18,28,ORL,NBA,Jonathon Simmons,69,50,2029,6.3,13.5,5.1,9.9,1.2,3.6,3.3,4.3,1.1,3.2,4.2,3,1,0.3,2.6,3.1,17.1,0.465,0.512,0.338,0.511,0.768,0.555
91,2017-18,21,PHI,NBA,Ben Simmons,81,81,2732,7.2,13.2,7.2,13,0,0.1,2.5,4.5,1.9,6.8,8.7,8.7,1.8,0.9,3.7,2.8,16.9,0.545,0.551,0,0.545,0.56,0.557
92,2017-18,30,BOS,NBA,Xavier Silas,2,0,7,0,15.4,0,5.1,0,10.3,0,0,5.1,5.1,10.3,0,5.1,0,0,5.1,0,0,0,0,0,,0
93,2017-18,23,TOR,NBA,Pascal Siakam,81,5,1679,5.4,10.7,4.8,7.8,0.6,2.8,1.2,1.9,1.7,6.1,7.8,3.4,1.3,0.9,1.4,3.6,12.6,0.508,0.612,0.22,0.537,0.621,0.549
94,2017-18,27,CLE,NBA,Iman Shumpert,14,6,276,2.9,7.6,2,4.2,0.9,3.4,1.4,2,0.9,4.4,5.3,2.2,1.2,0.5,2.1,2.9,8.1,0.379,0.469,0.269,0.44,0.733,0.48
95,2017-18,31,TOT,NBA,Ramon Sessions,28,3,392,3.9,10.7,3.1,8.4,0.7,2.4,4,5.2,0.6,2.9,3.5,7.1,1.3,0.2,2.8,2.7,12.5,0.359,0.374,0.308,0.393,0.772,0.479
96,2017-18,23,MEM,NBA,Wayne Selden,35,9,692,6,14,3.5,7.6,2.5,6.3,2.3,3.1,0.8,2.1,2.9,3.4,0.9,0.3,2.8,3.1,16.9,0.431,0.456,0.402,0.522,0.746,0.551
97,2017-18,33,UTA,NBA,Thabo Sefolosha,38,6,806,5.3,10.7,3.8,7,1.4,3.8,2,2.4,1.3,5.9,7.2,1.5,2.3,0.5,1.3,2.6,13.9,0.492,0.551,0.381,0.558,0.815,0.591
98,2017-18,29,WAS,NBA,Mike Scott,76,1,1406,7.1,13.4,5.4,9.2,1.7,4.2,1.3,1.9,1.3,5,6.3,2,0.6,0.3,2,3.8,17.1,0.527,0.582,0.405,0.59,0.658,0.599
99,2017-18,24,ATL,NBA,Dennis Schroder,67,67,2078,8.7,19.9,7.3,15.3,1.3,4.5,3.9,4.6,0.8,2.8,3.6,7.2,1.2,0.1,3.2,2.5,22.5,0.436,0.48,0.29,0.469,0.849,0.515
100,2017-18,26,WAS,NBA,Tomas Satoransky,73,30,1643,4.4,8.4,3.4,6.2,1,2.2,1.6,2.1,1.6,3.5,5.1,6.3,1.1,0.3,1.8,2.9,11.5,0.523,0.544,0.465,0.585,0.781,0.615
101,2017-18,23,PHI,NBA,Dario Saric,78,73,2310,6.3,13.9,3.8,7.7,2.4,6.2,2.8,3.2,2.4,5.7,8.1,3.1,0.8,0.3,2.3,2.5,17.8,0.453,0.501,0.393,0.541,0.86,0.582
102,2017-18,24,SAC,NBA,JaKarr Sampson,22,6,344,4.6,8.5,4.1,7.4,0.5,1,1,1.7,2.2,6,8.2,0.9,0.8,2.3,0.8,5,10.8,0.543,0.549,0.5,0.574,0.625,0.585
103,2017-18,21,IND,NBA,Domantas Sabonis,74,19,1810,6.8,13.1,6.5,12.4,0.3,0.7,3.3,4.5,3.3,8.1,11.4,3,0.8,0.6,2.7,4.4,17.1,0.514,0.524,0.351,0.524,0.75,0.567
104,2017-18,21,BRK,NBA,D'Angelo Russell,48,35,1234,8.1,19.6,5.5,11.5,2.6,8.1,2.8,3.8,0.9,4.6,5.5,7.3,1.1,0.5,4.3,2.7,21.7,0.414,0.477,0.324,0.481,0.74,0.509
105,2017-18,27,UTA,NBA,Ricky Rubio,77,77,2254,5.5,13.2,4,8.8,1.5,4.4,3.5,4.1,0.7,4.9,5.6,6.5,1.9,0.2,3.3,3.3,16.1,0.418,0.451,0.352,0.476,0.866,0.537
106,2017-18,23,BOS,NBA,Terry Rozier,80,16,2068,5.5,13.9,2.8,6.9,2.7,7,2,2.6,1.1,5.4,6.5,4,1.4,0.3,1.4,2.1,15.7,0.395,0.41,0.381,0.491,0.772,0.52
107,2017-18,26,ORL,NBA,Terrence Ross,24,20,600,4.6,11.5,2.8,5.9,1.8,5.6,1.6,2.2,0.6,3.8,4.4,2.3,1.6,0.7,1.7,2.7,12.5,0.398,0.469,0.323,0.476,0.75,0.505
108,2017-18,29,TOT,NBA,Derrick Rose,25,7,420,6.9,15.9,6.3,13.4,0.6,2.6,3.4,3.9,1.1,1.9,3,3.2,0.6,0.3,3,1.4,17.9,0.435,0.474,0.233,0.454,0.87,0.507
109,2017-18,31,NOP,NBA,Rajon Rondo,65,63,1705,4.9,10.4,3.8,7.3,1.1,3.2,0.5,1,0.7,4.9,5.6,11.3,1.5,0.2,3.2,2.5,11.3,0.468,0.526,0.333,0.518,0.543,0.522
110,2017-18,24,IND,NBA,Glenn Robinson,23,1,338,3.8,9.1,2.3,5.4,1.5,3.6,1,1.2,1.2,2.8,3.9,1.8,1.4,0.1,0.5,1.5,10.1,0.424,0.431,0.412,0.506,0.818,0.529
111,2017-18,22,WAS,NBA,Devin Robinson,1,0,13,2.8,8.3,2.8,8.3,0,0,0,0,5.5,8.3,13.8,0,2.8,0,0,5.5,5.5,0.333,0.333,,0.333,,0.333
112,2017-18,26,OKC,NBA,Andre Roberson,39,39,1037,3,5.6,2.7,4.4,0.3,1.2,0.4,1.3,2.6,3.8,6.4,1.6,1.6,1.2,1,3.1,6.7,0.537,0.627,0.222,0.562,0.316,0.543
113,2017-18,25,LAC,NBA,Austin Rivers,61,59,2057,6,14.1,3.6,7.8,2.4,6.3,1.8,2.8,0.5,2.1,2.5,4.2,1.3,0.3,1.9,2.7,16.1,0.424,0.461,0.378,0.508,0.642,0.526
114,2017-18,22,TOT,NBA,Malachi Richardson,26,4,324,3.3,10,2,5.6,1.3,4.4,1.9,2.4,0.6,3.2,3.8,1.4,1.1,0.1,1.1,3,9.9,0.333,0.36,0.3,0.4,0.773,0.446
115,2017-18,24,MIA,NBA,Josh Richardson,81,81,2689,5.3,11.8,3.6,7.3,1.7,4.5,1.6,1.9,0.9,2.9,3.8,3.1,1.6,1,1.9,2.7,14,0.451,0.495,0.378,0.523,0.845,0.551
116,2017-18,27,TOT,NBA,Willie Reed,42,5,428,6.8,10.2,6.7,10,0.1,0.2,2.7,4.6,2.9,7.2,10.2,0.8,0.8,1.9,1.6,4.7,16.4,0.669,0.672,0.5,0.674,0.582,0.671
117,2017-18,22,PHO,NBA,Davon Reed,21,1,242,3.3,11.3,1.6,5.7,1.6,5.7,1.2,1.8,0.3,5.5,5.8,1.9,1.5,0.3,1.5,2.5,9.4,0.289,0.289,0.289,0.362,0.667,0.388
118,2017-18,33,PHI,NBA,J.J. Redick,70,70,2116,6.9,15,3.6,7.1,3.3,7.8,3.4,3.7,0.2,2.9,3,3.6,0.6,0.1,1.8,2.1,20.4,0.46,0.504,0.42,0.569,0.904,0.614
119,2017-18,23,MEM,NBA,Xavier Rathan-Mayes,5,0,118,3.7,12.8,3.4,8.5,0.3,4.3,1.2,2.7,0,1.5,1.5,5.5,1.8,0.9,3.4,5.5,8.8,0.286,0.393,0.071,0.298,0.444,0.315
120,2017-18,36,SAC,NBA,Zach Randolph,59,57,1508,8.6,18.2,7.4,14.7,1.2,3.5,2,2.6,2.3,7.2,9.5,3,1,0.2,2.8,2.8,20.5,0.473,0.503,0.347,0.507,0.785,0.529
Rk,Season,Age,Tm,Lg,Player,G,GS,MP,FG,FGA,2P,2PA,3P,3PA,FT,FTA,ORB,DRB,TRB,AST,STL,BLK,TOV,PF,PTS,FG%,2P%,3P%,eFG%,FT%,TS%
121,2017-18,23,LAL,NBA,Julius Randle,82,49,2190,8.3,14.9,8.1,14.1,0.2,0.7,5,7,3,7.8,10.7,3.5,0.7,0.7,3.5,4.5,21.7,0.558,0.575,0.222,0.563,0.718,0.606
122,2017-18,20,MEM,NBA,Ivan Rabb,36,5,516,6,10.6,6,10.6,0,0,2,2.5,3.7,7.3,11,2.2,0.8,0.9,2.4,3.8,14,0.566,0.566,,0.566,0.806,0.599
123,2017-18,23,HOU,NBA,Tim Quarterman,3,0,13,2.8,8.3,2.8,2.8,0,5.5,5.5,5.5,0,8.3,8.3,2.8,0,0,5.5,2.8,11.1,0.333,1,0,0.333,1,0.515
124,2017-18,22,HOU,NBA,Zhou Qi,18,0,124,1.7,9.3,1.2,3.8,0.6,5.5,2.3,3.5,1.7,4.6,6.4,0.6,0.6,4.1,2.9,4.1,6.4,0.188,0.308,0.105,0.219,0.667,0.295
125,2017-18,23,ORL,NBA,Rodney Purvis,16,2,290,4.3,13.3,2.7,6.8,1.6,6.5,1.6,1.9,0.1,3.2,3.4,2.1,0.4,0.4,1.2,3.2,11.9,0.327,0.4,0.25,0.388,0.867,0.423
126,2017-18,28,PHI,NBA,Jacob Pullen,3,0,6,6,12,6,6,0,6,0,0,0,0,0,0,0,0,6,0,12,0.5,1,0,0.5,,0.5
127,2017-18,24,IND,NBA,Alex Poythress,25,0,104,3.8,9,2.4,5.2,1.4,3.8,0,0,2.4,3.5,5.9,0.7,1,0.3,0.7,5.5,9,0.423,0.467,0.364,0.5,,0.5
128,2017-18,24,TOR,NBA,Norman Powell,70,18,1062,5.1,12.7,3.3,6.4,1.8,6.3,1.1,1.3,0.5,3.6,4,3,1.3,0.5,2.2,3.8,13.1,0.401,0.516,0.285,0.472,0.821,0.492
129,2017-18,26,DAL,NBA,Dwight Powell,79,25,1672,5.5,9.3,4.9,7.4,0.6,1.8,2.9,4,2.9,6.7,9.6,2,1.4,0.7,1.3,4,14.4,0.593,0.656,0.333,0.626,0.719,0.656
130,2017-18,22,NYK,NBA,Kristaps Porzingis,48,48,1553,9,20.6,7,15.3,2.1,5.3,5.1,6.4,1.4,5.9,7.3,1.3,0.8,2.7,2.2,3.3,25.2,0.439,0.454,0.395,0.489,0.793,0.539
131,2017-18,22,CHI,NBA,Bobby Portis,73,4,1643,8.4,17.8,6.6,12.9,1.8,4.9,2.6,3.4,3.5,7.4,10.9,2.7,1.1,0.5,2.3,2.8,21.1,0.471,0.514,0.359,0.52,0.769,0.548
132,2017-18,24,WAS,NBA,Otto Porter,77,77,2432,6.6,13.1,4.5,8.5,2,4.6,1.6,1.9,1.5,5.8,7.3,2.3,1.7,0.6,1.1,2.2,16.8,0.503,0.537,0.441,0.581,0.828,0.602
133,2017-18,29,CHI,NBA,Quincy Pondexter,23,1,196,2.6,9,2,5,0.6,4,2.6,3.1,1.5,3.5,5,1.7,1.5,0.4,2,4.4,8.3,0.286,0.407,0.136,0.316,0.824,0.398
134,2017-18,22,TOR,NBA,Jakob Poeltl,82,0,1524,6,9.1,6,9,0,0,1.4,2.4,3.9,5.4,9.3,1.3,0.9,2.4,2,5,13.4,0.659,0.66,0.5,0.66,0.594,0.662
135,2017-18,29,ATL,NBA,Miles Plumlee,55,35,918,4.1,7.1,4.1,7.1,0,0,1.1,2.4,3,5.9,8.9,1.8,0.7,1.2,2.5,3.1,9.3,0.583,0.583,,0.583,0.45,0.574
136,2017-18,27,DEN,NBA,Mason Plumlee,74,26,1439,5.5,9.2,5.5,9.2,0,0,2.1,4.5,3.3,6.7,10,3.6,1.2,2,2.6,4.6,13.1,0.601,0.602,0,0.601,0.456,0.586
137,2017-18,25,MIL,NBA,Marshall Plumlee,8,0,52,0.7,2.1,0.7,2.1,0,0,8.3,11.1,2.8,9,11.8,1.4,0,0.7,2.1,6.9,9.7,0.333,0.333,,0.333,0.75,0.697
138,2017-18,22,PHO,NBA,Alec Peters,20,0,225,4.5,11.8,1.6,2.6,2.9,9.3,1.3,1.6,1.3,4.6,5.9,1.9,0.3,0.3,0.6,2.1,13.1,0.378,0.625,0.31,0.5,0.8,0.523
139,2017-18,23,CLE,NBA,London Perrantes,14,0,66,1.1,7.1,1.1,5.5,0,1.6,1.6,2.7,0.5,1.6,2.2,2.7,1.1,0.5,0.5,3.3,3.8,0.154,0.2,0,0.154,0.6,0.23
140,2017-18,33,CLE,NBA,Kendrick Perkins,1,0,15,2.4,4.8,2.4,4.8,0,0,2.4,4.8,0,2.4,2.4,4.8,2.4,0,2.4,2.4,7.2,0.5,0.5,,0.5,0.5,0.521
Rk,Season,Age,Tm,Lg,Player,G,GS,MP,FG,FGA,2P,2PA,3P,3PA,FT,FTA,ORB,DRB,TRB,AST,STL,BLK,TOV,PF,PTS,FG%,2P%,3P%,eFG%,FT%,TS%
141,2017-18,25,TOT,NBA,Gary Payton,23,6,221,4.9,12.1,3.9,8,1,4.1,0.5,1.5,2.1,5,7.2,3.4,1.1,0.5,1.1,4.9,11.2,0.405,0.49,0.24,0.446,0.333,0.443
142,2017-18,23,TOT,NBA,Elfrid Payton,63,63,1808,6.6,13.3,6,11.4,0.6,1.8,2.2,3.3,1.3,4.2,5.5,7.8,1.7,0.4,3.3,2.9,15.9,0.493,0.52,0.326,0.516,0.649,0.538
143,2017-18,23,CHI,NBA,Cameron Payne,25,14,582,5.4,13.3,3.2,7.7,2.2,5.6,0.7,1,1.1,3.2,4.3,7,1.6,0.6,2.2,2.7,13.7,0.405,0.419,0.385,0.486,0.75,0.498
144,2017-18,26,ORL,NBA,Adreian Payne,5,0,43,5.9,8.4,4.2,5.9,1.7,2.5,4.2,5,1.7,5.9,7.5,0,1.7,0,1.7,5,17.6,0.7,0.714,0.667,0.8,0.833,0.831
145,2017-18,32,HOU,NBA,Chris Paul,58,58,1847,7.2,15.6,4.3,8.2,2.8,7.4,4,4.3,0.7,5.4,6.1,8.9,1.9,0.3,2.5,2.7,21.1,0.46,0.532,0.38,0.55,0.919,0.604
146,2017-18,26,SAS,NBA,Brandon Paul,64,2,576,3.4,7.9,2.5,4.6,0.9,3.4,1.4,2.7,0.4,3.9,4.2,2.3,1.6,0.4,1.8,3.6,9.2,0.433,0.548,0.278,0.492,0.512,0.504
147,2017-18,20,MIN,NBA,Justin Patton,1,0,4,9,18,9,18,0,0,0,0,0,0,0,0,9,0,0,9,18,0.5,0.5,,0.5,,0.5
148,2017-18,28,OKC,NBA,Patrick Patterson,82,3,1270,3,7.5,1.1,2.7,1.9,4.8,1.1,1.3,0.9,4.6,5.5,1.6,1.4,0.7,0.9,2.5,9,0.398,0.421,0.386,0.523,0.87,0.555
149,2017-18,29,MEM,NBA,Chandler Parsons,36,8,691,5.6,12.2,3,5.9,2.7,6.3,0.9,1.4,0.7,4,4.7,3.6,0.9,0.6,1.8,2.8,14.8,0.462,0.504,0.421,0.571,0.63,0.578
150,2017-18,35,SAS,NBA,Tony Parker,55,21,1071,6,13,5.6,11.8,0.3,1.2,1.8,2.6,0.2,3,3.2,6.6,0.9,0,2.3,1.7,14.2,0.459,0.479,0.27,0.472,0.705,0.498
151,2017-18,22,MIL,NBA,Jabari Parker,31,3,743,7.8,16.1,6.3,12.2,1.5,3.9,1.9,2.6,2,5.3,7.3,2.9,1.2,0.5,2.2,2.4,18.9,0.482,0.514,0.383,0.529,0.741,0.55
152,2017-18,20,TOT,NBA,Georgios Papagiannis,17,0,122,5.3,12.4,5.3,12.4,0,0,0,0,3.8,7.1,10.9,2.7,1.2,1.8,2.4,3.5,10.6,0.429,0.429,,0.429,,0.429
153,2017-18,24,CHO,NBA,Marcus Paige,5,0,28,5.1,18,2.6,7.7,2.6,10.3,2.6,2.6,0,5.1,5.1,3.9,0,0,0,0,15.4,0.286,0.333,0.25,0.357,1,0.403
154,2017-18,33,GSW,NBA,Zaza Pachulia,69,57,972,5.5,9.8,5.5,9.7,0,0,2.8,3.4,3.3,8.6,11.9,4,1.4,0.6,2.7,4.5,13.8,0.564,0.567,0,0.564,0.806,0.612
155,2017-18,22,WAS,NBA,Kelly Oubre,81,11,2231,5.1,12.7,3.1,6.8,2,6,3.1,3.8,1,4.9,5.9,1.6,1.3,0.6,1.5,3.8,15.4,0.403,0.456,0.341,0.482,0.82,0.534
156,2017-18,22,CLE,NBA,Cedi Osman,61,12,672,4.8,10,3.1,5.3,1.7,4.7,1.4,2.5,1,5.4,6.4,2.2,1.2,0.2,1.7,4.2,12.7,0.484,0.586,0.368,0.57,0.565,0.577
157,2017-18,21,HOU,NBA,Chinanu Onuaku,1,0,22,3.3,8.2,3.3,8.2,0,0,0,0,1.6,4.9,6.5,1.6,0,0,4.9,6.5,6.5,0.4,0.4,,0.4,,0.4
158,2017-18,26,MIA,NBA,Kelly Olynyk,76,22,1779,6.4,12.9,4.2,7.2,2.1,5.7,2.7,3.5,1.8,6.9,8.7,4.2,1.3,0.7,3,4.5,17.6,0.497,0.59,0.379,0.58,0.77,0.612
159,2017-18,25,IND,NBA,Victor Oladipo,75,75,2552,9,18.9,6.8,12.8,2.3,6.1,4.1,5.2,0.7,4.8,5.5,4.6,2.5,0.8,3.1,2.5,24.5,0.477,0.528,0.371,0.537,0.799,0.577
160,2017-18,22,TOT,NBA,Jahlil Okafor,28,0,353,7.9,14.1,7.8,13.7,0.1,0.4,2.1,3,2.1,6.5,8.7,1.2,0.3,1.8,2.1,5.2,17.9,0.558,0.567,0.25,0.562,0.724,0.584
Rk,Season,Age,Tm,Lg,Player,G,GS,MP,FG,FGA,2P,2PA,3P,3PA,FT,FTA,ORB,DRB,TRB,AST,STL,BLK,TOV,PF,PTS,FG%,2P%,3P%,eFG%,FT%,TS%
161,2017-18,35,NOP,NBA,Emeka Okafor,26,19,353,4.9,9.7,4.9,9.7,0,0,1.8,2.2,4.8,7.4,12.2,0.8,0.8,2.5,1.3,3.1,11.6,0.505,0.505,,0.505,0.818,0.545
162,2017-18,23,BOS,NBA,Semi Ojeleye,73,0,1150,2,5.9,0.8,2,1.3,3.9,0.8,1.3,1.2,3.9,5,0.6,0.7,0.1,0.8,2.8,6.1,0.346,0.397,0.32,0.452,0.61,0.473
163,2017-18,27,NYK,NBA,Kyle O'Quinn,77,10,1387,5.8,10,5.7,9.6,0.1,0.4,2.5,3.3,3.1,9.1,12.2,4.1,0.9,2.5,2.6,5,14.3,0.582,0.598,0.235,0.587,0.772,0.624
164,2017-18,24,UTA,NBA,Royce O'Neale,69,4,1150,3.8,8.9,2.4,5.2,1.3,3.7,1.9,2.4,0.8,6.6,7.4,3,1.1,0.5,1.7,3.3,10.7,0.423,0.47,0.356,0.496,0.803,0.54
165,2017-18,24,CHO,NBA,Johnny O'Bryant,36,0,379,6.5,16.2,5.1,12.2,1.3,4.1,2,2.4,2.8,6.1,8.8,1.3,0.9,0.6,1.4,4.3,16.2,0.398,0.422,0.326,0.439,0.84,0.47
166,2017-18,25,CHI,NBA,David Nwaba,70,21,1646,4.4,9.3,4,8.1,0.4,1.1,2.9,4.4,1.9,5.2,7.1,2.3,1.3,0.6,1.7,3.5,12.1,0.478,0.496,0.346,0.499,0.655,0.542
167,2017-18,23,POR,NBA,Jusuf Nurkic,79,79,2088,8.3,16.4,8.3,16.3,0,0.1,3,4.7,3.3,8.9,12.2,2.5,1.1,1.9,3.2,4.3,19.5,0.505,0.508,0,0.505,0.63,0.528
168,2017-18,19,NYK,NBA,Frank Ntilikina,78,9,1706,3.8,10.6,2.8,7.2,1.1,3.3,1,1.4,0.8,3,3.7,5.3,1.4,0.4,2.8,3.8,9.8,0.364,0.385,0.318,0.414,0.721,0.437
169,2017-18,39,DAL,NBA,Dirk Nowitzki,77,77,1900,6.6,14.4,3.9,8,2.6,6.4,1.8,2,0.4,7.9,8.3,2.3,0.8,0.9,1,2.8,17.6,0.456,0.494,0.409,0.547,0.898,0.575
170,2017-18,25,TOR,NBA,Lucas Nogueira,49,3,418,4.2,6.9,3.8,5.3,0.4,1.6,1.6,2.4,1.6,5.9,7.5,1.9,2,3.7,1.4,4.2,10.5,0.613,0.721,0.263,0.644,0.679,0.661
171,2017-18,23,DAL,NBA,Nerlens Noel,30,6,472,4.2,8,4.2,7.9,0,0.1,1.6,2.1,3.7,9.2,12.8,1.5,2.4,1.7,2,4.5,10,0.524,0.529,0,0.524,0.75,0.558
172,2017-18,32,NYK,NBA,Joakim Noah,7,0,40,4.5,9,4.5,9,0,0,1.8,3.6,5.4,7.2,12.6,3.6,1.8,1.8,3.6,4.5,10.8,0.5,0.5,,0.5,0.5,0.51
173,2017-18,24,UTA,NBA,Georges Niang,9,0,32,4.5,12.4,4.5,7.9,0,4.5,1.1,2.3,3.4,6.8,10.1,3.4,2.3,0,3.4,1.1,10.1,0.364,0.571,0,0.364,0.5,0.379
174,2017-18,25,UTA,NBA,Raul Neto,41,0,498,5,10.9,3.6,7.5,1.4,3.4,1.9,2.5,0.5,3,3.5,5.4,0.9,0.3,2.6,2.7,13.2,0.457,0.481,0.404,0.52,0.743,0.55
175,2017-18,35,TOT,NBA,Jameer Nelson,50,0,1013,3.4,8.7,1.9,4.3,1.5,4.4,0.6,0.7,0.5,3.2,3.7,6.4,1,0.1,2.4,2.9,8.8,0.389,0.45,0.331,0.473,0.8,0.489
176,2017-18,26,POR,NBA,Shabazz Napier,74,10,1535,5.2,12.5,3.3,7.3,1.9,5.1,2.7,3.2,0.6,3.4,4,3.5,1.9,0.3,2.1,2,15.1,0.42,0.45,0.376,0.497,0.841,0.544
177,2017-18,25,TOT,NBA,Larry Nance,66,27,1421,6.1,10.5,6,10.2,0.1,0.3,2.3,3.5,4.1,7.4,11.5,2.1,2.2,1,1.3,4.4,14.5,0.581,0.594,0.167,0.584,0.664,0.605
178,2017-18,24,BOS,NBA,Abdel Nader,48,1,522,3.4,10.3,1.9,5.8,1.6,4.5,1.6,2.7,0.9,4,4.9,1.8,1,0.7,2.3,3.1,10.1,0.336,0.321,0.354,0.413,0.59,0.439
179,2017-18,26,ATL,NBA,Mike Muscala,53,7,1060,4.9,10.6,2.8,4.9,2.1,5.7,1.9,2.1,1.9,5.9,7.8,1.7,1.1,0.9,1.4,2.7,13.8,0.458,0.559,0.371,0.558,0.919,0.597
180,2017-18,20,DEN,NBA,Jamal Murray,81,80,2565,6.7,14.9,4.4,8.8,2.3,6.1,3.2,3.6,1.2,3,4.2,3.8,1.1,0.4,2.4,2.4,19,0.451,0.502,0.378,0.529,0.905,0.576
Rk,Season,Age,Tm,Lg,Player,G,GS,MP,FG,FGA,2P,2PA,3P,3PA,FT,FTA,ORB,DRB,TRB,AST,STL,BLK,TOV,PF,PTS,FG%,2P%,3P%,eFG%,FT%,TS%
181,2017-18,21,SAS,NBA,Dejounte Murray,81,48,1743,5.6,12.6,5.4,11.9,0.2,0.7,2.2,3.1,2.3,7.2,9.5,4.8,2,0.6,2.8,3.1,13.5,0.443,0.454,0.265,0.451,0.709,0.485
182,2017-18,25,MIL,NBA,Xavier Munford,6,0,21,1.7,10.3,1.7,6.9,0,3.4,1.7,3.4,1.7,0,1.7,6.9,1.7,0,3.4,6.9,5.1,0.167,0.25,0,0.167,0.5,0.218
183,2017-18,25,TOT,NBA,Shabazz Muhammad,43,2,418,7.2,16.2,6.6,13.9,0.6,2.3,3.4,4.3,2,4.6,6.5,1.2,0.8,0.3,0.5,2.6,18.4,0.447,0.478,0.259,0.465,0.78,0.51
184,2017-18,21,TOT,NBA,Emmanuel Mudiay,64,14,1245,5.9,15.2,4.5,10.9,1.4,4.3,2.8,3.7,0.8,3.6,4.4,6,1.2,0.3,3.3,2.3,16,0.388,0.415,0.318,0.433,0.76,0.474
185,2017-18,31,BRK,NBA,Timofey Mozgov,31,13,359,5.2,9.3,4.8,7.5,0.4,1.8,2.3,3,3.2,6.6,9.8,1.1,0.5,1.3,3.3,3.9,13.1,0.559,0.64,0.222,0.581,0.767,0.617
186,2017-18,22,DAL,NBA,Johnathan Motley,11,4,176,8.2,15.3,8,14.1,0.2,1.2,3.1,5.7,2.9,7.2,10,1.4,0.6,0.4,1.8,3.7,19.6,0.533,0.565,0.167,0.54,0.536,0.55
187,2017-18,22,DEN,NBA,Monte Morris,3,0,25,5.8,8.6,5.8,7.2,0,1.4,2.9,2.9,0,2.9,2.9,10.1,4.3,0,1.4,1.4,14.4,0.667,0.8,0,0.667,1,0.727
188,2017-18,28,WAS,NBA,Markieff Morris,73,73,1968,6,12.6,4.6,8.8,1.4,3.8,1.9,2.3,1.4,6.1,7.5,2.6,1,0.7,2.3,4,15.4,0.48,0.529,0.367,0.536,0.82,0.566
189,2017-18,28,BOS,NBA,Marcus Morris,54,21,1447,6.5,15.2,4.4,9.4,2.1,5.8,3.1,3.8,1.1,6.1,7.2,1.8,0.9,0.3,1.6,2.5,18.3,0.429,0.467,0.368,0.499,0.805,0.541
190,2017-18,22,ATL,NBA,Jaylen Morris,6,0,98,4.8,11.8,4,8.1,0.7,3.7,0,0,0.7,5.1,5.9,2.6,0.7,0.4,2.2,0.7,10.3,0.406,0.5,0.2,0.438,,0.438
191,2017-18,26,DET,NBA,Eric Moreland,67,3,805,3,5.5,3,5.5,0,0,0.5,1.3,3.6,8.8,12.4,3.5,1.4,2.3,1.9,5.2,6.4,0.541,0.541,,0.541,0.379,0.531
192,2017-18,28,NOP,NBA,E'Twaun Moore,82,80,2586,5.9,11.6,4.1,7.4,1.8,4.2,0.7,0.9,0.8,2.5,3.3,2.6,1.1,0.2,1.4,2.5,14.2,0.508,0.556,0.425,0.585,0.706,0.593
193,2017-18,22,IND,NBA,Ben Moore,2,0,9,0,0,0,0,0,0,0,0,0,4,4,4,0,0,0,16,0,,,,,,
194,2017-18,24,DET,NBA,Luis Montero,2,0,8,0,4.5,0,4.5,0,0,0,0,0,9,9,0,0,0,9,0,0,0,0,,0,,0
195,2017-18,27,TOT,NBA,Greg Monroe,51,14,1040,7.5,13.4,7.5,13.4,0,0,3,4.1,3.8,8.3,12.1,3.9,1.5,0.8,3.3,3.3,18.1,0.565,0.565,,0.565,0.739,0.598
196,2017-18,19,CHO,NBA,Malik Monk,63,0,854,6.4,17.9,3,7.7,3.5,10.2,1.3,1.6,0.3,2.4,2.8,3.8,0.8,0.4,2,2.5,17.7,0.36,0.385,0.342,0.458,0.842,0.477
197,2017-18,24,UTA,NBA,Naz Mitrou-Long,1,0,1,36,36,0,0,36,36,0,0,0,0,0,0,0,0,0,0,108,1,,1,1.5,,1.5
198,2017-18,21,UTA,NBA,Donovan Mitchell,79,71,2638,8.1,18.6,5.6,11.1,2.6,7.5,3.3,4.1,0.7,3.3,4,4,1.6,0.4,2.9,2.9,22.1,0.437,0.502,0.34,0.506,0.805,0.541
199,2017-18,26,TOT,NBA,Nikola Mirotic,55,14,1494,7.4,16.5,4.1,7.9,3.3,8.6,2.7,3.3,1.4,8.3,9.8,1.9,1.1,0.9,1.5,2.6,20.7,0.447,0.525,0.377,0.546,0.818,0.577
200,2017-18,32,DEN,NBA,Paul Millsap,38,37,1143,6.4,13.7,5.1,10.1,1.2,3.6,3.5,5.1,2,5.7,7.7,3.2,1.2,1.4,2.3,3.1,17.5,0.464,0.506,0.345,0.509,0.696,0.549
201,2017-18,29,SAS,NBA,Patty Mills,82,36,2107,4.8,11.7,2.2,4.6,2.6,7.1,1.8,2,0.4,2.2,2.6,3.9,0.9,0.2,1.8,2.2,14,0.411,0.47,0.372,0.523,0.89,0.558
202,2017-18,24,TOR,NBA,Malcolm Miller,15,4,126,3.7,8,1.4,2,2.3,6,1.1,1.1,1.1,3.1,4.3,0.9,0.3,0.6,1.4,2.9,10.9,0.464,0.714,0.381,0.607,1,0.638
203,2017-18,27,NOP,NBA,Darius Miller,82,3,1944,4,9,1.3,2.4,2.7,6.6,1.1,1.2,0.3,2.7,3,2.1,0.5,0.3,1.1,3,11.8,0.444,0.535,0.411,0.594,0.866,0.617
204,2017-18,30,TOR,NBA,C.J. Miles,70,3,1337,6.1,16.1,1.7,3.9,4.4,12.2,2.2,2.6,0.5,3.6,4.1,1.5,1,0.6,1.1,3.6,18.8,0.379,0.434,0.361,0.516,0.835,0.545
205,2017-18,26,MIL,NBA,Khris Middleton,82,82,2982,7.2,15.4,5.4,10.4,1.8,4.9,3.9,4.4,0.5,4.6,5.2,4,1.4,0.3,2.3,3.3,19.9,0.466,0.517,0.359,0.524,0.884,0.577
206,2017-18,23,MIA,NBA,Jordan Mickey,23,3,284,4.9,10.4,4.7,8.4,0.3,2,1.6,2.4,2.3,8.1,10.4,1.1,0.8,1.3,2.3,4.6,11.8,0.476,0.561,0.125,0.488,0.684,0.515
207,2017-18,31,DAL,NBA,Salah Mejri,61,1,729,4.3,6.8,4.3,6.6,0,0.1,1.9,3.3,4.2,8,12.1,1.7,1.1,3.3,1.9,6,10.6,0.642,0.657,0,0.642,0.576,0.644
208,2017-18,30,WAS,NBA,Jodie Meeks,77,0,1119,5.1,12.6,2.7,5.9,2.3,6.8,3.2,3.8,0.5,3.6,4.1,2.3,0.9,0.1,1.2,1.8,15.7,0.399,0.464,0.343,0.491,0.863,0.548
209,2017-18,30,DAL,NBA,Josh McRoberts,2,0,6,0,6,0,0,0,6,0,0,0,0,0,0,0,0,0,12,0,0,,0,0,,0
210,2017-18,24,MEM,NBA,Ben McLemore,56,17,1091,5.2,12.3,3.4,7.1,1.8,5.2,1.7,2.1,1.1,3.5,4.6,1.7,1.3,0.5,2,4.6,13.9,0.421,0.477,0.346,0.495,0.828,0.526
211,2017-18,25,TOR,NBA,Alfonzo McKinnie,14,0,53,5.4,10.2,3.4,4.1,2,6.1,1.4,2,0.7,4.1,4.8,0.7,0.7,0.7,2,5.4,14.3,0.533,0.833,0.333,0.633,0.667,0.643
212,2017-18,27,IND,NBA,Trey McKinney-Jones,1,0,1,0,0,0,0,0,0,0,0,0,0,0,0,0,0,0,0,0,,,,,,
213,2017-18,26,MIA,NBA,Rodney McGruder,18,2,299,4.3,8.8,2.5,4.6,1.8,4.2,0.5,1,1.3,2.5,3.9,2,1,0.4,0.5,2.5,11,0.493,0.553,0.429,0.596,0.5,0.595
214,2017-18,30,GSW,NBA,JaVale McGee,65,17,615,8,12.8,8,12.5,0,0.4,2.2,3,3.5,6.4,9.9,1.9,1.2,3.3,1.6,5.3,18.1,0.621,0.638,0,0.621,0.731,0.641
215,2017-18,26,TOT,NBA,Doug McDermott,81,4,1768,4.8,10.3,3,5.9,1.9,4.4,1.3,1.6,0.8,3.3,4.1,1.6,0.4,0.3,1.1,2.5,12.8,0.467,0.497,0.426,0.557,0.79,0.579
216,2017-18,22,WAS,NBA,Chris McCullough,19,0,90,7.2,16.8,6.8,13.6,0.4,3.2,3.6,5.6,2.8,7.2,10,1.6,0,2,0.8,3.2,18.4,0.429,0.5,0.125,0.44,0.643,0.478
217,2017-18,24,UTA,NBA,Erik McCree,4,0,8,0,9,0,4.5,0,4.5,0,0,0,4.5,4.5,0,4.5,0,4.5,0,0,0,0,0,0,,0
218,2017-18,25,PHI,NBA,T.J. McConnell,76,1,1706,4.4,8.9,3.9,7.6,0.6,1.3,0.7,0.8,0.8,4,4.8,6.4,1.9,0.3,2.4,2.6,10.1,0.499,0.51,0.435,0.531,0.795,0.545
219,2017-18,26,POR,NBA,CJ McCollum,81,81,2923,8.2,18.5,5.9,12.7,2.3,5.9,2.6,3.1,0.7,3.3,4,3.3,0.9,0.4,1.9,2.1,21.3,0.443,0.465,0.397,0.506,0.836,0.536
220,2017-18,22,GSW,NBA,Patrick McCaw,57,10,961,3.4,8.4,2.7,5.4,0.7,3,1,1.3,0.6,2.5,3.1,3,1.6,0.4,1.5,2.5,8.6,0.409,0.503,0.238,0.451,0.765,0.477
Rk,Season,Age,Tm,Lg,Player,G,GS,MP,FG,FGA,2P,2PA,3P,3PA,FT,FTA,ORB,DRB,TRB,AST,STL,BLK,TOV,PF,PTS,FG%,2P%,3P%,eFG%,FT%,TS%
221,2017-18,25,PHI,NBA,James Michael McAdoo,3,0,18,4,14,0,0,4,14,4,4,0,4,4,0,0,2,2,2,16,0.286,,0.286,0.429,1,0.508
222,2017-18,31,HOU,NBA,Luc Mbah a Moute,61,15,1564,3.8,7.9,2.4,4,1.5,4,1.5,2.2,0.5,3.8,4.3,1.3,1.7,0.6,1.6,2.3,10.6,0.481,0.599,0.364,0.572,0.684,0.595
223,2017-18,31,DAL,NBA,Wesley Matthews,63,62,2131,4.8,11.8,2.2,5,2.6,6.8,1.4,1.7,0.5,2.9,3.3,2.9,1.3,0.3,1.4,2.4,13.5,0.406,0.441,0.381,0.516,0.822,0.541
224,2017-18,25,CHO,NBA,Mangok Mathiang,4,0,20,7.2,12.6,7.2,12.6,0,0,0,1.8,5.4,12.6,18,0,1.8,0,0,9,14.4,0.571,0.571,,0.571,0,0.538
225,2017-18,23,SAC,NBA,Frank Mason,52,2,984,5.3,13.9,4.1,10.8,1.1,3.1,3.4,4.2,1.1,3.7,4.8,5.4,1.2,0.4,2.4,2.6,15.1,0.379,0.384,0.36,0.42,0.817,0.48
226,2017-18,23,MEM,NBA,Jarell Martin,73,36,1661,4.8,10.8,4.1,8.6,0.7,2.1,1.9,2.5,2.1,4.8,6.9,1.6,0.8,1.1,1.9,4.6,12.2,0.446,0.47,0.347,0.48,0.767,0.516
227,2017-18,20,CHI,NBA,Lauri Markkanen,68,68,2020,6.7,15.4,4.1,8.2,2.6,7.1,2.5,3,1.4,7.6,9.1,1.4,0.7,0.7,1.5,1.8,18.4,0.434,0.497,0.362,0.518,0.843,0.552
228,2017-18,29,TOT,NBA,Boban Marjanovic,39,1,337,8.4,15.8,8.4,15.8,0,0,8.2,10.4,5.1,10.3,15.4,2.4,1.1,1.2,3.8,5.4,25.1,0.534,0.534,,0.534,0.794,0.616
229,2017-18,20,MIL,NBA,Thon Maker,74,12,1238,3.8,9.2,2.9,6.2,0.9,3,1.9,2.7,2.2,4.4,6.5,1.3,1.1,1.5,1.3,4.7,10.4,0.411,0.467,0.298,0.46,0.699,0.499
230,2017-18,31,WAS,NBA,Ian Mahinmi,77,0,1145,4.3,7.8,4.3,7.7,0,0.1,2.8,4,4.2,5.6,9.8,1.7,1.2,1.3,3.1,7.2,11.5,0.556,0.561,0,0.556,0.703,0.601
231,2017-18,28,ATL,NBA,Josh Magette,18,0,216,2.5,7.7,1.2,4,1.3,3.7,1.3,1.3,0.3,2.8,3.2,9.5,1.3,0.2,1.5,2.7,7.7,0.326,0.292,0.364,0.413,1,0.464
232,2017-18,27,ORL,NBA,Shelvin Mack,69,3,1365,4.7,10.9,3.4,7.3,1.3,3.7,1.8,2.6,0.6,3.8,4.4,7.2,1.4,0.2,2.3,2.4,12.5,0.43,0.473,0.345,0.488,0.711,0.518
233,2017-18,22,DEN,NBA,Trey Lyles,73,2,1391,7,14.2,4.8,8.6,2.1,5.6,2.6,3.8,1.4,7.6,9,2.4,0.8,0.9,1.6,2.9,18.7,0.491,0.563,0.381,0.566,0.697,0.59
234,2017-18,21,DEN,NBA,Tyler Lydon,1,0,2,0,0,0,0,0,0,0,0,0,0,0,0,0,0,0,0,0,,,,,,
235,2017-18,22,PHI,NBA,Timothe Luwawu-Cabarrot,52,7,807,4.5,11.9,2.1,4.9,2.4,7,2.1,2.6,0.6,2.6,3.2,2.4,0.5,0.2,1.7,4.3,13.3,0.375,0.431,0.335,0.474,0.793,0.511
236,2017-18,31,TOR,NBA,Kyle Lowry,78,78,2510,5.8,13.5,2.4,5,3.4,8.5,3.2,3.7,0.9,5.3,6.2,7.7,1.2,0.3,2.6,2.8,18.2,0.427,0.474,0.399,0.553,0.854,0.598
237,2017-18,29,CLE,NBA,Kevin Love,59,59,1651,7.3,15.9,4.3,8.7,3,7.2,5.1,5.8,2.2,9.7,11.9,2.2,0.9,0.5,2,2.6,22.7,0.458,0.494,0.415,0.552,0.88,0.614
238,2017-18,29,CHI,NBA,Robin Lopez,64,64,1690,7.3,13.7,7.2,13.4,0.1,0.3,1.4,1.9,2.9,3.3,6.2,2.6,0.3,1.1,2.3,2.3,16.1,0.53,0.536,0.286,0.533,0.756,0.552
239,2017-18,29,LAL,NBA,Brook Lopez,74,72,1735,7.7,16.5,5.3,9.7,2.3,6.7,2.3,3.3,1.5,4.6,6.1,2.6,0.6,2,2,4.1,19.9,0.465,0.549,0.345,0.536,0.703,0.557
240,2017-18,21,GSW,NBA,Kevon Looney,66,4,910,4.4,7.6,4.4,7.4,0,0.2,1.7,3,3.3,5.2,8.5,1.7,1.3,2.2,1.2,4.2,10.6,0.58,0.59,0.2,0.583,0.545,0.588
Rk,Season,Age,Tm,Lg,Player,G,GS,MP,FG,FGA,2P,2PA,3P,3PA,FT,FTA,ORB,DRB,TRB,AST,STL,BLK,TOV,PF,PTS,FG%,2P%,3P%,eFG%,FT%,TS%
241,2017-18,32,GSW,NBA,Shaun Livingston,71,7,1129,5.5,10.9,5.5,10.8,0,0.2,1.6,1.9,1,3.2,4.2,4.5,1.1,0.7,1.8,3.7,12.6,0.501,0.509,0,0.501,0.82,0.533
242,2017-18,29,BRK,NBA,Jeremy Lin,1,1,25,7.2,17.3,5.8,14.4,1.4,2.9,10.1,10.1,0,0,0,5.8,0,0,4.3,4.3,25.9,0.417,0.4,0.5,0.458,1,0.597
243,2017-18,27,POR,NBA,Damian Lillard,73,73,2670,8.4,19.1,5.3,10.6,3.1,8.5,6.6,7.3,0.8,3.5,4.4,6.5,1,0.4,2.8,1.6,26.5,0.439,0.501,0.361,0.519,0.916,0.594
244,2017-18,29,TOT,NBA,DeAndre Liggins,58,4,724,2,5.3,1,2.6,0.9,2.6,0.1,0.2,0.3,3.4,3.7,2.4,1.8,0.7,1,4,5,0.377,0.396,0.358,0.467,0.4,0.467
245,2017-18,23,BRK,NBA,Caris LeVert,71,10,1864,6.2,14.2,4.5,9.5,1.6,4.7,2.6,3.6,1,4,5,5.8,1.6,0.4,3,3.1,16.6,0.435,0.48,0.347,0.493,0.711,0.525
246,2017-18,28,DET,NBA,Jon Leuer,8,0,136,4,9.5,4,8.7,0,0.8,3.4,4,1.9,6.6,8.5,1.3,0.3,0.8,1.9,4.2,11.4,0.417,0.455,0,0.417,0.867,0.505
247,2017-18,25,POR,NBA,Meyers Leonard,33,2,254,6.5,11.1,5,7.4,1.6,3.7,1.3,1.6,1.7,8.2,9.9,2.4,1,0,1.4,5.1,15.9,0.59,0.673,0.423,0.66,0.818,0.676
248,2017-18,26,SAS,NBA,Kawhi Leonard,9,9,210,8.9,19,7,13,1.9,6,5.3,6.5,1,6.2,7.2,3.6,3.1,1.5,2.7,1.5,25,0.468,0.539,0.314,0.518,0.816,0.572
249,2017-18,24,PHO,NBA,Alex Len,69,13,1395,5.5,9.8,5.5,9.7,0,0.1,4.1,6,4.5,8.9,13.4,2.1,0.7,1.6,2,4.1,15.1,0.566,0.568,0.333,0.567,0.684,0.612
250,2017-18,25,NOP,NBA,"Walt Lemon, Jr.",5,0,35,7.2,16.5,6.2,15.4,1,1,2.1,3.1,0,2.1,2.1,5.1,0,1,4.1,5.1,17.5,0.438,0.4,1,0.469,0.667,0.491
251,2017-18,25,ATL,NBA,Damion Lee,15,11,404,5.5,13.5,4.2,8.2,1.3,5.3,2,2.6,1,5.3,6.3,2.6,1.7,0.1,1.2,2.2,14.3,0.408,0.511,0.25,0.457,0.759,0.489
252,2017-18,32,NYK,NBA,Courtney Lee,76,69,2310,5.3,11.8,3.6,7.4,1.8,4.3,1.8,1.9,0.5,3,3.5,2.8,1.2,0.3,1.3,1.7,14.2,0.454,0.482,0.406,0.529,0.919,0.564
253,2017-18,20,IND,NBA,T.J. Leaf,53,0,459,5,10.7,3.6,7.4,1.4,3.3,0.8,1.3,2.3,4.2,6.4,0.7,0.4,0.3,0.8,3.5,12.2,0.471,0.489,0.429,0.537,0.625,0.545
254,2017-18,23,POR,NBA,Jake Layman,35,1,160,3.2,10.6,2.3,6.1,0.9,4.5,0.5,0.7,0.9,2.7,3.6,2.5,1.4,0.9,1.1,2.9,7.7,0.298,0.37,0.2,0.34,0.667,0.352
255,2017-18,22,CHI,NBA,Zach LaVine,24,24,656,7.5,19.5,5.2,12.7,2.3,6.8,4.8,5.9,0.5,4.7,5.2,4,1.3,0.2,2.4,3,22,0.383,0.405,0.341,0.442,0.813,0.499
256,2017-18,26,SAS,NBA,Joffrey Lauvergne,55,1,534,6.6,12.8,6.6,12.5,0,0.3,2,3.2,4.2,7.3,11.5,2.8,0.6,0.2,2.2,3,15.2,0.516,0.53,0,0.516,0.638,0.536
257,2017-18,25,BOS,NBA,Shane Larkin,54,2,775,3.9,10.2,2.5,6.2,1.4,4,1.5,1.7,0.7,3.6,4.3,4.6,1.3,0.1,1.5,2.7,10.7,0.384,0.398,0.36,0.454,0.865,0.491
258,2017-18,25,CHO,NBA,Jeremy Lamb,80,18,1967,7,15.2,5.2,10.6,1.7,4.6,3.3,3.8,0.9,5,5.9,3.4,1.1,0.6,1.7,2.5,18.9,0.457,0.495,0.37,0.513,0.861,0.559
259,2017-18,21,SAC,NBA,Skal Labissiere,60,28,1240,6,13.3,5.4,11.8,0.5,1.5,2.8,3.4,2.9,5.5,8.4,2.1,0.7,1.4,2.1,3.8,15.2,0.448,0.459,0.353,0.467,0.805,0.513
260,2017-18,28,NYK,NBA,Mindaugas Kuzminskas,1,0,2,0,36,0,36,0,0,0,0,0,0,0,0,0,0,0,0,0,0,0,,0,,0
Rk,Season,Age,Tm,Lg,Player,G,GS,MP,FG,FGA,2P,2PA,3P,3PA,FT,FTA,ORB,DRB,TRB,AST,STL,BLK,TOV,PF,PTS,FG%,2P%,3P%,eFG%,FT%,TS%
261,2017-18,22,LAL,NBA,Kyle Kuzma,77,37,2401,7,15.6,4.6,9.1,2.4,6.5,2.2,3.1,1.3,5.9,7.2,2.1,0.7,0.5,2.1,2.4,18.6,0.45,0.511,0.366,0.527,0.707,0.549
262,2017-18,28,SAC,NBA,Kosta Koufos,71,13,1391,5.7,10.1,5.7,10.1,0,0,0.9,1.9,3.9,8.4,12.2,2.3,1.2,0.8,1.3,3.8,12.3,0.571,0.571,,0.571,0.446,0.566
263,2017-18,36,CLE,NBA,Kyle Korver,73,4,1574,5.1,11.1,1.3,2.5,3.8,8.6,1.5,1.6,0.2,3.6,3.8,2,0.7,0.6,1.3,3,15.4,0.459,0.537,0.436,0.628,0.889,0.652
264,2017-18,22,NYK,NBA,Luke Kornet,20,1,326,5.4,13.8,2.3,5.1,3.1,8.7,0.9,1.2,1.2,5.9,7.1,2.9,0.7,1.8,1.3,3.1,14.8,0.392,0.457,0.354,0.504,0.727,0.516
265,2017-18,20,PHI,NBA,Furkan Korkmaz,14,0,80,3.6,12.6,1.4,5,2.3,7.7,0.9,1.8,0.9,4.1,5,1.8,0.9,0.5,0.9,5.4,10.4,0.286,0.273,0.294,0.375,0.5,0.386
266,2017-18,26,DAL,NBA,Maxi Kleber,72,36,1206,4.5,9.2,3.3,5.4,1.2,3.8,1.3,1.8,2.1,4.9,7,1.5,0.8,1.4,0.9,3.4,11.5,0.489,0.613,0.313,0.553,0.746,0.576
267,2017-18,28,TOT,NBA,Sean Kilpatrick,52,1,640,6.2,16.5,3.6,8.4,2.6,8.1,3.6,4.1,0.3,4.6,4.9,2.6,0.7,0.3,2.1,1.9,18.6,0.374,0.427,0.319,0.452,0.889,0.507
268,2017-18,24,CHO,NBA,Michael Kidd-Gilchrist,74,74,1850,5.5,10.9,5.5,10.9,0,0,2.3,3.3,1.6,4.2,5.9,1.4,1,0.6,1.1,2.8,13.3,0.504,0.505,0,0.504,0.684,0.536
269,2017-18,21,DET,NBA,Luke Kennard,73,9,1463,5.1,11.4,3.1,6.6,2,4.8,1.6,1.9,0.5,3.8,4.3,3.1,1.1,0.3,1.7,2.1,13.7,0.443,0.463,0.415,0.53,0.855,0.56
270,2017-18,25,NYK,NBA,Enes Kanter,71,71,1830,8.3,14,8.3,14,0,0,3.1,3.6,5.4,10,15.3,2.1,0.7,0.7,2.4,3.7,19.7,0.592,0.594,0,0.592,0.848,0.63
271,2017-18,24,CHO,NBA,Frank Kaminsky,79,4,1835,6,14,4,8.7,2,5.4,3,3.8,0.9,4.7,5.7,2.5,0.7,0.4,1.3,1.9,17.1,0.429,0.459,0.38,0.501,0.799,0.545
272,2017-18,26,IND,NBA,Cory Joseph,82,17,2210,4.2,9.8,3.1,6.7,1.1,3.1,1.1,1.5,0.6,3.6,4.3,4.2,1.3,0.3,1.4,2.3,10.6,0.424,0.457,0.353,0.479,0.745,0.503
273,2017-18,29,LAC,NBA,DeAndre Jordan,77,77,2424,5.5,8.6,5.5,8.6,0,0,2.7,4.6,4.9,12.5,17.4,1.7,0.6,1.1,2,3,13.8,0.645,0.645,,0.645,0.58,0.648
274,2017-18,21,MIN,NBA,Tyus Jones,82,11,1467,3.7,8,2.6,4.9,1.1,3.2,1.7,2,0.4,2.8,3.2,5.7,2.3,0.1,1.4,2.7,10.2,0.457,0.528,0.349,0.526,0.877,0.572
275,2017-18,24,TOT,NBA,Jalen Jones,16,0,181,5.2,13.5,3.2,8.4,2,5.2,2.4,3.8,2.6,5,7.6,0.8,1,0.2,1.4,4.4,14.7,0.382,0.381,0.385,0.456,0.632,0.485
276,2017-18,20,TOT,NBA,Derrick Jones,20,8,245,3.1,7.8,2.6,5.1,0.4,2.6,2.4,3.5,3.1,2.5,5.6,1.3,0.6,1.9,1,3.5,9,0.396,0.514,0.167,0.425,0.667,0.48
277,2017-18,22,GSW,NBA,Damian Jones,15,0,89,4.4,8.9,4.4,8.9,0,0,1.2,2,2,3.6,5.7,0.8,0.4,1.2,1.6,5.7,10.1,0.5,0.5,,0.5,0.6,0.517
278,2017-18,22,DEN,NBA,Nikola Jokic,75,73,2443,7.4,14.9,5.8,10.8,1.6,4.1,3.9,4.6,2.9,9,11.8,6.7,1.3,0.9,3.1,3.1,20.4,0.499,0.538,0.396,0.554,0.85,0.603
279,2017-18,30,LAC,NBA,Wesley Johnson,74,40,1486,3.6,8.9,2.2,4.6,1.5,4.3,1,1.4,0.7,4.5,5.2,1.5,1.8,1.5,1.3,3.5,9.8,0.408,0.471,0.339,0.489,0.741,0.512
280,2017-18,25,MIA,NBA,Tyler Johnson,72,39,2052,5.4,12.5,3.3,6.8,2.1,5.7,1.9,2.3,0.6,3.8,4.4,2.9,1.1,0.6,1.4,2.6,14.8,0.435,0.491,0.367,0.518,0.822,0.549
Rk,Season,Age,Tm,Lg,Player,G,GS,MP,FG,FGA,2P,2PA,3P,3PA,FT,FTA,ORB,DRB,TRB,AST,STL,BLK,TOV,PF,PTS,FG%,2P%,3P%,eFG%,FT%,TS%
281,2017-18,21,DET,NBA,Stanley Johnson,69,50,1894,4,10.6,2.7,6.2,1.3,4.4,2.1,2.8,0.6,4.2,4.8,2.1,1.8,0.3,1.5,3.2,11.4,0.375,0.439,0.286,0.435,0.772,0.48
282,2017-18,28,MEM,NBA,Omari Johnson,4,0,75,4.3,10.1,2.4,4.3,1.9,5.8,0,0,1.9,3.4,5.3,3.4,1,0,1.4,2.9,10.6,0.429,0.556,0.333,0.524,,0.524
283,2017-18,36,TOT,NBA,Joe Johnson,55,4,1205,4.4,10.8,3.2,6.4,1.2,4.3,1.2,1.3,0.4,4.7,5.1,2.5,0.5,0.2,1.5,2,11.1,0.406,0.493,0.276,0.461,0.889,0.49
284,2017-18,30,MIA,NBA,James Johnson,73,41,1943,5.7,11.4,4.7,7.9,1.1,3.4,2.1,3,1.1,5.5,6.6,5.2,1.3,0.9,2.6,3.6,14.6,0.503,0.587,0.308,0.55,0.698,0.575
285,2017-18,22,OKC,NBA,Dakari Johnson,31,6,161,4.9,8.7,4.9,8.7,0,0,2.5,4.5,3.6,4,7.6,1.8,1.3,1.8,0.7,6,12.3,0.564,0.564,,0.564,0.55,0.575
286,2017-18,23,TOT,NBA,Brice Johnson,18,0,98,7.3,15.4,7.3,15.1,0,0.4,1.1,1.8,3.3,8.1,11.4,0.7,3.3,2.2,1.8,4.8,15.8,0.476,0.488,0,0.476,0.6,0.486
287,2017-18,30,PHI,NBA,Amir Johnson,74,18,1171,4.3,8,4,7,0.3,1,1.6,2.6,3.8,6.4,10.1,3.6,1.4,1.4,1.7,5.9,10.5,0.538,0.57,0.313,0.558,0.612,0.575
288,2017-18,30,UTA,NBA,Jonas Jerebko,74,19,1134,5,10.8,3,5.8,2.1,5,1.5,1.8,1.7,6.1,7.8,1.3,0.8,0.4,0.9,4,13.6,0.466,0.511,0.414,0.562,0.807,0.586
289,2017-18,28,MIL,NBA,Brandon Jennings,14,0,205,4.7,12.6,3.2,6.8,1.6,5.8,1.8,1.8,0.9,4.6,5.4,7.7,1.1,0.7,3.2,1.9,12.8,0.375,0.462,0.273,0.438,1,0.478
290,2017-18,37,DEN,NBA,Richard Jefferson,20,0,163,2.7,6,2.2,4.4,0.4,1.5,0.9,1.5,0.4,3.3,3.8,3.3,0.4,0.2,1.1,2.4,6.6,0.444,0.5,0.286,0.481,0.571,0.499
291,2017-18,33,IND,NBA,Al Jefferson,36,1,484,8.3,15.5,8.3,15.2,0,0.2,2.2,2.7,2.2,8.4,10.6,2.2,1.2,1.7,1.6,4.9,18.7,0.534,0.541,0,0.534,0.833,0.563
292,2017-18,27,TOT,NBA,Mike James,36,10,687,6.4,16.8,5.1,11.7,1.4,5.1,3.4,4.4,0.7,4,4.7,6.6,1.5,0.4,2.6,2.5,17.6,0.383,0.435,0.265,0.424,0.762,0.469
293,2017-18,33,CLE,NBA,LeBron James,82,82,3026,10.2,18.8,8.4,14,1.8,4.8,4.6,6.3,1.2,7.3,8.4,8.9,1.4,0.8,4.1,1.6,26.8,0.542,0.603,0.367,0.59,0.731,0.621
294,2017-18,27,DET,NBA,Reggie Jackson,45,45,1201,7.4,17.3,5.8,12.2,1.6,5.1,3.4,4,0.9,2.9,3.7,7.1,0.8,0.1,3,2.6,19.7,0.426,0.475,0.308,0.471,0.836,0.516
295,2017-18,22,SAC,NBA,Justin Jackson,68,41,1506,4.4,10,3.1,5.6,1.4,4.4,0.6,0.9,0.6,3.8,4.5,1.8,0.7,0.3,1,1.9,10.8,0.442,0.547,0.308,0.51,0.722,0.521
296,2017-18,20,PHO,NBA,Josh Jackson,77,35,1959,7.1,17.1,6.1,13.1,1,4,3.3,5.1,1.7,4.7,6.5,2.2,1.5,0.6,2.7,4,18.6,0.417,0.464,0.263,0.448,0.634,0.48
297,2017-18,23,TOT,NBA,Demetrius Jackson,15,0,80,3.2,8.1,2.7,5,0.5,3.2,0.5,0.9,2.3,3.2,5.4,4.1,2.3,0.5,4.5,3.2,7.2,0.389,0.545,0.143,0.417,0.5,0.424
298,2017-18,31,HOU,NBA,Aaron Jackson,1,0,35,3.1,9.3,2.1,5.1,1,4.1,1,2.1,2.1,1,3.1,1,0,0,1,4.1,8.2,0.333,0.4,0.25,0.389,0.5,0.405
299,2017-18,34,NYK,NBA,Jarrett Jack,62,56,1548,4.4,10.3,3.8,8.3,0.6,2,1.5,1.7,0.5,3.9,4.4,8.1,0.8,0.1,2.7,2.3,10.8,0.427,0.459,0.291,0.455,0.84,0.489
300,2017-18,23,ORL,NBA,Wesley Iwundu,62,12,1020,3.3,7.7,3,6.1,0.3,1.6,1.2,1.7,1.3,3.6,4.8,2,1.2,0.4,1.1,2.9,8.1,0.427,0.488,0.196,0.447,0.723,0.48
301,2017-18,20,ORL,NBA,Jonathan Isaac,27,10,536,3.7,9.7,2.6,6.6,1.1,3.1,1.3,1.7,1.1,5.6,6.6,1.2,2.2,2,1.8,3.2,9.7,0.379,0.394,0.348,0.434,0.76,0.465
302,2017-18,25,BOS,NBA,Kyrie Irving,60,60,1931,10,20.3,6.9,12.7,3.1,7.6,4.3,4.9,0.6,3.6,4.2,5.7,1.2,0.3,2.6,2.3,27.3,0.491,0.541,0.408,0.568,0.889,0.61
303,2017-18,20,LAL,NBA,Brandon Ingram,59,59,1975,6.5,13.9,5.8,12,0.7,1.9,3.5,5.1,1,4.7,5.7,4.2,0.8,0.8,2.7,3,17.3,0.47,0.483,0.39,0.497,0.681,0.536
304,2017-18,32,LAL,NBA,Andre Ingram,2,0,64,4.5,9.6,1.7,4.5,2.8,5.1,1.7,1.7,0.6,2.8,3.4,3.9,1.7,1.7,1.7,1.7,13.5,0.471,0.375,0.556,0.618,1,0.655
305,2017-18,30,UTA,NBA,Joe Ingles,82,81,2578,4.7,10,1.8,3.5,2.8,6.5,0.9,1.2,0.3,4.5,4.8,5.5,1.3,0.3,2.2,2.5,13.1,0.467,0.516,0.44,0.609,0.795,0.623
306,2017-18,30,TOT,NBA,Ersan Ilyasova,69,43,1729,5.8,12.8,3.9,7.5,1.9,5.3,2.2,2.8,2.5,6,8.4,1.9,1.3,0.5,1.5,3.3,15.6,0.452,0.517,0.36,0.526,0.778,0.558
307,2017-18,34,GSW,NBA,Andre Iguodala,64,7,1622,3.3,7.1,2.6,4.5,0.7,2.6,1.2,1.9,1.1,4.4,5.5,4.7,1.2,0.8,1.5,2.2,8.5,0.463,0.567,0.282,0.514,0.632,0.536
308,2017-18,28,TOR,NBA,Serge Ibaka,76,76,2093,6.5,13.5,4.7,8.4,1.8,5.1,1.6,2,1.3,6.9,8.2,1.1,0.5,1.7,1.5,3.6,16.5,0.483,0.559,0.36,0.552,0.797,0.574
309,2017-18,23,MEM,NBA,Vince Hunter,4,0,7,15.4,25.7,15.4,25.7,0,0,0,0,10.3,5.1,15.4,0,0,5.1,5.1,0,30.9,0.6,0.6,,0.6,,0.6
310,2017-18,24,HOU,NBA,R.J. Hunter,5,1,45,5.6,16,3.2,4.8,2.4,11.2,1.6,1.6,0,4,4,2.4,2.4,0,1.6,5.6,15.2,0.35,0.667,0.214,0.425,1,0.455
311,2017-18,26,OKC,NBA,Josh Huestis,69,10,982,2.2,6.7,1,2.5,1.2,4.2,0.2,0.7,1.5,4.4,5.9,0.7,0.5,1.6,1,3,5.8,0.33,0.403,0.287,0.42,0.3,0.417
312,2017-18,32,CHO,NBA,Dwight Howard,81,81,2463,7.4,13.3,7.4,13.2,0,0.1,4.9,8.5,3.7,11.1,14.8,1.5,0.7,1.9,3,3.7,19.7,0.555,0.559,0.143,0.556,0.574,0.577
313,2017-18,24,PHO,NBA,Danuel House,23,3,403,5,11.5,3.7,6.3,1.3,5.2,2.2,2.8,1.2,5.6,6.8,2.2,0.6,0.5,1,2.1,13.6,0.434,0.577,0.259,0.492,0.806,0.533
314,2017-18,31,BOS,NBA,Al Horford,72,72,2277,5.8,11.9,4.3,8.3,1.5,3.6,1.5,1.9,1.6,6.8,8.4,5.4,0.7,1.2,2.1,2.2,14.7,0.489,0.514,0.429,0.553,0.783,0.575
315,2017-18,28,DAL,NBA,Scotty Hopson,1,0,8,0,4.5,0,4.5,0,0,4.5,9,0,0,0,4.5,0,0,4.5,0,4.5,0,0,,0,0.5,0.266
316,2017-18,25,TOT,NBA,Rodney Hood,60,23,1616,7.2,16.7,4.3,9.3,2.8,7.4,2.5,2.9,0.5,3.2,3.7,2.1,1,0.3,1.6,2.3,19.6,0.429,0.467,0.381,0.513,0.86,0.546
317,2017-18,24,PHI,NBA,Richaun Holmes,48,2,746,6.5,11.6,6.3,10.1,0.2,1.5,1.8,2.7,2.8,7.4,10.2,2.9,1,1.4,1.2,4.7,15,0.56,0.624,0.129,0.568,0.661,0.585
318,2017-18,23,BRK,NBA,Rondae Hollis-Jefferson,68,59,1920,6.4,13.6,6.2,12.6,0.2,1,4.7,5.9,1.9,6.7,8.6,3.1,1.2,0.9,2.3,2.7,17.7,0.472,0.491,0.241,0.481,0.788,0.548
319,2017-18,29,CLE,NBA,John Holland,24,0,174,3.5,12.2,1.2,4.8,2.3,7.4,1.9,2.7,1.2,3.7,5,1,1.4,0.4,1.7,2.1,11.2,0.288,0.261,0.306,0.381,0.692,0.417
320,2017-18,28,CHI,NBA,Justin Holiday,72,72,2265,4.6,12.4,2.1,5.3,2.6,7.1,2.1,2.6,0.5,4.1,4.6,2.4,1.3,0.5,1.5,2.1,13.9,0.371,0.387,0.359,0.474,0.823,0.513
Rk,Season,Age,Tm,Lg,Player,G,GS,MP,FG,FGA,2P,2PA,3P,3PA,FT,FTA,ORB,DRB,TRB,AST,STL,BLK,TOV,PF,PTS,FG%,2P%,3P%,eFG%,FT%,TS%
321,2017-18,27,NOP,NBA,Jrue Holiday,81,81,2927,7.6,15.3,6.1,10.9,1.5,4.4,2.3,2.9,0.8,3.7,4.5,6,1.5,0.8,2.6,2.5,18.9,0.494,0.557,0.337,0.543,0.786,0.57
322,2017-18,24,SAS,NBA,Darrun Hilliard,14,0,95,1.9,7.2,1.9,4.9,0,2.3,2.3,2.7,0,2.7,2.7,4.2,0.8,0,1.5,2.7,6.1,0.263,0.385,0,0.263,0.857,0.362
323,2017-18,26,NOP,NBA,Solomon Hill,12,1,187,2.1,7.9,1.3,3.9,0.8,4,0.6,1.2,1.7,5.2,6.9,4.2,1.3,0.2,1.7,4.2,5.6,0.268,0.35,0.19,0.317,0.5,0.332
324,2017-18,31,TOT,NBA,George Hill,67,60,1812,4.7,10.2,3,6.1,1.7,4.1,2.2,2.8,0.8,2.8,3.6,3.7,1.2,0.5,1.7,2.5,13.3,0.46,0.49,0.415,0.543,0.786,0.58
325,2017-18,35,HOU,NBA,Nene Hilario,52,4,758,6.5,11.4,6.5,11.3,0,0.1,3.2,5.1,2.6,5.8,8.4,2.1,1.3,0.7,1.8,5.8,16.1,0.569,0.574,0,0.569,0.636,0.594
326,2017-18,24,SAC,NBA,Buddy Hield,80,12,2024,7.4,16.6,4.3,9.3,3.1,7.3,1.3,1.4,1,4.5,5.5,2.8,1.5,0.4,2.2,2.6,19.2,0.446,0.457,0.431,0.54,0.877,0.557
327,2017-18,23,NYK,NBA,Isaiah Hicks,18,0,240,5,10.8,4.6,9.5,0.3,1.4,1.8,2.7,1.5,4.6,6.1,2.4,0.3,0.6,2.4,6.8,12,0.458,0.492,0.222,0.472,0.667,0.501
328,2017-18,22,ORL,NBA,Mario Hezonja,75,30,1657,5.9,13.4,4,7.6,2,5.8,1.9,2.3,0.9,5.2,6.1,2.3,1.8,0.7,1.9,2.9,15.7,0.442,0.523,0.337,0.515,0.819,0.544
329,2017-18,23,TOT,NBA,Willy Hernangomez,48,1,495,6.6,11.9,6.3,11.1,0.4,0.9,4.3,6.5,4.4,8.9,13.3,2.4,1.3,1.2,2.5,4.7,17.9,0.555,0.566,0.417,0.57,0.656,0.604
330,2017-18,22,DEN,NBA,Juan Hernangomez,25,3,277,3.8,9.7,1.9,3.2,1.8,6.5,1.3,1.6,2.3,4.7,7,1.6,0.8,0.4,1.2,3.2,10.7,0.387,0.6,0.28,0.48,0.833,0.511
331,2017-18,27,MIL,NBA,John Henson,76,69,1970,5.2,9.2,5.2,9,0,0.1,1.6,2.9,2.7,6.6,9.4,2.1,0.8,2,1.5,3.7,12.2,0.572,0.578,0.143,0.573,0.57,0.582
332,2017-18,25,MEM,NBA,Myke Henry,20,0,378,3.9,10.4,2.1,4.9,1.8,5.5,0.6,1,1,2.7,3.6,2.1,3,0.6,1.8,2.7,10.2,0.376,0.431,0.328,0.463,0.6,0.472
333,2017-18,26,DET,NBA,Reggie Hearn,3,0,7,5.1,10.3,0,0,5.1,10.3,0,0,0,0,0,0,0,0,0,0,15.4,0.5,,0.5,0.75,,0.75
334,2017-18,27,BOS,NBA,Gordon Hayward,1,1,5,7.2,14.4,7.2,7.2,0,7.2,0,0,0,7.2,7.2,0,0,0,0,7.2,14.4,0.5,1,0,0.5,,0.5
335,2017-18,23,TOT,NBA,Nigel Hayes,9,0,122,3.2,9.7,2.1,5,1.2,4.7,0.3,0.9,1.2,5.3,6.5,1.8,0.6,0.9,0.6,2.4,8,0.333,0.412,0.25,0.394,0.333,0.393
336,2017-18,37,MIA,NBA,Udonis Haslem,14,0,72,1.5,7.5,1,3.5,0.5,4,0.5,1,1.5,3.5,5,2.5,0,1,1,1.5,4,0.2,0.286,0.125,0.233,0.5,0.252
337,2017-18,22,LAL,NBA,Josh Hart,63,23,1461,4.3,9.2,2.4,4.4,1.9,4.9,1.6,2.3,1,5.4,6.5,2,1.2,0.4,1.2,2.6,12.2,0.469,0.551,0.396,0.573,0.702,0.596
338,2017-18,24,PHO,NBA,Shaquille Harrison,23,2,384,5.5,11.6,5,9.2,0.6,2.4,2.6,3.6,0.8,4.9,5.7,5.2,2.4,0.7,2.1,3.9,14.2,0.476,0.541,0.231,0.5,0.737,0.54
339,2017-18,23,MEM,NBA,Andrew Harrison,56,46,1326,4.9,11.6,3.6,7.8,1.3,3.9,3.4,4.3,0.6,2.9,3.6,4.8,1,0.7,2.2,3.7,14.5,0.422,0.467,0.331,0.477,0.78,0.534
340,2017-18,23,DAL,NBA,Aaron Harrison,9,3,233,2.9,10.7,1.5,4,1.4,6.6,2,2.6,0.6,3.1,3.7,1.7,1.4,0.3,0.5,4.2,9.3,0.275,0.385,0.209,0.341,0.765,0.392
Rk,Season,Age,Tm,Lg,Player,G,GS,MP,FG,FGA,2P,2PA,3P,3PA,FT,FTA,ORB,DRB,TRB,AST,STL,BLK,TOV,PF,PTS,FG%,2P%,3P%,eFG%,FT%,TS%
341,2017-18,25,TOT,NBA,Tobias Harris,80,80,2668,7.6,16.5,5.1,10.5,2.5,6,2.4,2.9,0.8,5.1,5.9,2.6,1,0.5,1.4,2.2,20.1,0.46,0.488,0.411,0.535,0.829,0.565
342,2017-18,26,BRK,NBA,Joe Harris,78,14,1975,5.6,11.3,2.8,4.8,2.7,6.5,1.6,1.9,0.9,3.8,4.7,2.3,0.6,0.4,1.7,2.8,15.4,0.491,0.589,0.419,0.612,0.827,0.634
343,2017-18,23,DEN,NBA,Gary Harris,67,65,2304,6.9,14.2,4.4,8,2.4,6.2,2.1,2.5,0.6,2.2,2.7,3,1.9,0.2,1.9,1.9,18.3,0.485,0.553,0.396,0.57,0.827,0.597
344,2017-18,34,TOT,NBA,Devin Harris,71,1,1340,5,12.2,2.9,6.1,2.1,6.1,3.8,4.6,0.3,3.1,3.4,4.1,1.3,0.3,2,4.2,16,0.412,0.476,0.348,0.499,0.835,0.563
345,2017-18,24,LAC,NBA,Montrezl Harrell,76,3,1293,9.7,15.3,9.7,15.1,0,0.2,3.9,6.2,2.9,5.7,8.5,2.1,1,1.4,1.9,4,23.3,0.635,0.641,0.143,0.636,0.626,0.647
346,2017-18,24,POR,NBA,Maurice Harkless,59,36,1264,4.2,8.5,2.8,5.1,1.4,3.4,1.2,1.7,1.3,3.3,4.6,1.5,1.4,1.2,1.1,2.9,11,0.495,0.547,0.415,0.577,0.712,0.596
347,2017-18,28,HOU,NBA,James Harden,72,72,2551,9.2,20.4,5.4,10.3,3.7,10.2,8.8,10.3,0.6,4.9,5.5,8.9,1.8,0.7,4.4,2.4,30.9,0.449,0.531,0.367,0.541,0.858,0.619
348,2017-18,25,NYK,NBA,Tim Hardaway,57,54,1885,6.9,16.3,4.4,8.5,2.5,7.8,2.8,3.4,0.6,3.7,4.3,3,1.2,0.2,1.8,2.3,19,0.421,0.516,0.317,0.496,0.816,0.533
349,2017-18,22,OKC,NBA,Daniel Hamilton,6,0,28,6.4,14.1,3.9,7.7,2.6,6.4,0,0,0,6.4,6.4,10.3,1.3,0,2.6,2.6,15.4,0.455,0.5,0.4,0.545,,0.545
350,2017-18,28,TOT,NBA,Blake Griffin,58,58,1970,8,18.2,5.9,12.3,2,5.9,4.7,6,1.3,6.5,7.8,6.1,0.7,0.3,3,2.5,22.7,0.438,0.482,0.345,0.493,0.785,0.544
351,2017-18,31,CLE,NBA,Jeff Green,78,13,1828,5.8,12.2,4.8,8.8,1,3.3,4,4.6,1.2,3.7,4.8,1.9,0.8,0.7,1.5,2.9,16.7,0.477,0.54,0.312,0.52,0.868,0.587
352,2017-18,27,MEM,NBA,JaMychal Green,55,54,1542,5.2,11.4,4.2,8.4,1,3,1.9,2.6,3.4,7.4,10.8,1.8,0.7,0.6,1.8,3.6,13.3,0.457,0.499,0.339,0.501,0.721,0.53
353,2017-18,32,HOU,NBA,Gerald Green,41,2,929,6.5,16,2.2,4.5,4.3,11.5,2,2.3,0.6,4.6,5.2,1,0.9,0.6,1.2,3.4,19.3,0.407,0.504,0.369,0.54,0.85,0.566
354,2017-18,27,GSW,NBA,Draymond Green,70,70,2287,4.4,9.7,3.2,5.7,1.2,4,2.1,2.7,1.2,7.2,8.4,8,1.5,1.4,3.2,2.9,12.2,0.454,0.562,0.301,0.516,0.775,0.556
355,2017-18,30,SAS,NBA,Danny Green,70,60,1791,4.4,11.3,2,4.8,2.3,6.4,1,1.3,0.8,4.2,5,2.2,1.3,1.6,1.5,2.5,12.1,0.387,0.419,0.363,0.49,0.769,0.509
356,2017-18,24,PHO,NBA,Josh Gray,5,0,86,4.6,17.2,3.3,11.7,1.3,5.4,2.9,4.6,0.8,3.3,4.2,5,3.3,0.8,2.9,3.3,13.4,0.268,0.286,0.231,0.305,0.636,0.349
357,2017-18,25,CHI,NBA,Jerian Grant,74,26,1686,4.5,10.8,3.2,6.7,1.3,4,3,4,0.7,3,3.7,7.3,1.3,0.2,1.9,2.8,13.2,0.415,0.468,0.324,0.475,0.745,0.528
358,2017-18,23,OKC,NBA,Jerami Grant,81,1,1647,5.3,10,4.6,7.6,0.7,2.4,3.5,5.2,1.9,5.1,7,1.2,0.7,1.7,1.2,3.4,14.9,0.535,0.613,0.291,0.57,0.675,0.607
359,2017-18,24,CHO,NBA,Treveon Graham,63,2,1050,3.3,7.6,1.9,4.3,1.4,3.3,1.4,2,1.4,2.7,4.1,2,1.1,0.1,0.9,3.7,9.4,0.434,0.452,0.412,0.525,0.695,0.553
360,2017-18,33,WAS,NBA,Marcin Gortat,82,82,2075,5,9.7,5,9.7,0,0,1.9,2.8,3.1,7.7,10.8,2.6,0.7,1.1,1.7,3,12,0.518,0.518,,0.518,0.675,0.546
Rk,Season,Age,Tm,Lg,Player,G,GS,MP,FG,FGA,2P,2PA,3P,3PA,FT,FTA,ORB,DRB,TRB,AST,STL,BLK,TOV,PF,PTS,FG%,2P%,3P%,eFG%,FT%,TS%
361,2017-18,29,HOU,NBA,Eric Gordon,69,30,2154,6.9,16.2,3.3,6.1,3.6,10.2,3.3,4,0.4,2.4,2.8,2.6,0.7,0.5,2.2,1.9,20.8,0.428,0.544,0.359,0.54,0.809,0.578
362,2017-18,22,ORL,NBA,Aaron Gordon,58,57,1909,7.1,16.3,4.9,9.9,2.2,6.4,3,4.2,1.6,7,8.6,2.6,1.1,0.8,2,2.1,19.3,0.434,0.497,0.336,0.5,0.698,0.53
363,2017-18,25,UTA,NBA,Rudy Gobert,56,56,1816,5.5,8.8,5.5,8.8,0,0,4,5.9,3.3,8.6,11.9,1.6,0.9,2.6,2.1,3,15,0.622,0.622,,0.622,0.682,0.657
364,2017-18,40,SAS,NBA,Manu Ginobili,65,0,1299,5.6,12.8,3.8,7.5,1.8,5.3,3,3.6,0.5,3.4,3.9,4.5,1.2,0.4,2.9,3.5,16,0.434,0.506,0.333,0.503,0.84,0.553
365,2017-18,32,MIN,NBA,Taj Gibson,82,82,2726,5.6,9.7,5.5,9.3,0.1,0.5,1.9,2.4,2.6,5.2,7.7,1.3,0.8,0.8,1.2,2.9,13.2,0.577,0.595,0.2,0.581,0.768,0.61
366,2017-18,30,BOS,NBA,Jonathan Gibson,4,0,40,12.6,20.7,7.2,9.9,5.4,10.8,0,0,0,2.7,2.7,3.6,0,0,2.7,4.5,30.6,0.609,0.727,0.5,0.739,,0.739
367,2017-18,23,MIN,NBA,Marcus Georges-Hunt,42,0,224,3.4,7.7,2.7,5.3,0.6,2.4,2.1,3.4,1.1,1.4,2.6,1.1,1,0,0.5,5.1,9.5,0.438,0.515,0.267,0.479,0.619,0.515
368,2017-18,27,OKC,NBA,Paul George,79,79,2891,7.2,16.7,4.1,9.1,3,7.6,4.2,5.1,0.9,4.7,5.6,3.3,2,0.5,2.6,2.9,21.6,0.43,0.454,0.401,0.521,0.82,0.57
369,2017-18,31,SAS,NBA,Rudy Gay,57,6,1231,7.4,15.7,6.3,12.3,1.1,3.5,3.3,4.2,2.2,6.3,8.5,2.1,1.3,1.1,2.3,2.9,19.2,0.471,0.516,0.314,0.506,0.772,0.545
370,2017-18,37,SAS,NBA,Pau Gasol,77,63,1812,5.7,12.5,4.8,10.1,0.9,2.4,3.1,4.2,2.6,9.7,12.3,4.7,0.5,1.6,2.1,2.4,15.4,0.458,0.481,0.358,0.492,0.756,0.539
371,2017-18,33,MEM,NBA,Marc Gasol,73,73,2408,6.5,15.4,4.9,10.7,1.6,4.8,4.2,5,1.2,7.7,8.9,4.6,0.8,1.5,2.9,2.8,18.8,0.42,0.456,0.341,0.473,0.834,0.532
372,2017-18,26,DET,NBA,Langston Galloway,58,2,863,5.3,14.2,2.1,5.1,3.1,9.1,1.4,1.7,0.5,3.3,3.8,2.4,1.5,0.2,0.8,1.6,15,0.371,0.418,0.344,0.481,0.805,0.503
373,2017-18,29,LAC,NBA,Danilo Gallinari,21,21,671,5.5,13.7,3.5,7.8,1.9,6,4.3,4.7,0.5,4.9,5.4,2.2,0.6,0.5,1.4,1.6,17.2,0.398,0.455,0.324,0.469,0.931,0.545
374,2017-18,19,PHI,NBA,Markelle Fultz,14,0,253,6.4,15.8,6.4,15.7,0,0.1,1.4,3,1.6,4.6,6.1,7.5,1.7,0.6,2.4,3.1,14.2,0.405,0.409,0,0.405,0.476,0.416
375,2017-18,34,TOT,NBA,Channing Frye,53,1,695,5.4,11,3.4,5,2,6,0.9,1,0.6,6.4,7,2,0.9,0.7,1.1,3.6,13.7,0.491,0.67,0.339,0.583,0.895,0.599
376,2017-18,27,WAS,NBA,Tim Frazier,59,11,838,2.9,7.4,2.2,5,0.7,2.4,1,1.3,0.8,4.2,4.9,8.3,2,0.3,2.4,4.2,7.6,0.395,0.44,0.304,0.445,0.767,0.475
377,2017-18,20,SAC,NBA,De'Aaron Fox,73,60,2026,5.8,14.2,5,11.4,0.8,2.7,2.5,3.5,0.6,3,3.6,5.7,1.2,0.4,3.1,2.9,15,0.412,0.436,0.307,0.441,0.723,0.478
378,2017-18,25,ORL,NBA,Evan Fournier,57,57,1837,7.2,15.7,4.7,9.2,2.5,6.6,2.9,3.4,0.5,3.1,3.5,3.2,0.9,0.3,1.9,2.7,19.9,0.459,0.516,0.379,0.538,0.867,0.577
379,2017-18,24,SAS,NBA,Bryn Forbes,80,12,1517,5,11.8,2.8,6.4,2.1,5.4,1.1,1.7,0.3,2.3,2.6,1.9,0.7,0,0.9,2.6,13.2,0.421,0.446,0.39,0.51,0.667,0.525
380,2017-18,24,DAL,NBA,Dorian Finney-Smith,21,13,448,3.7,9.7,2.1,4.3,1.6,5.4,0.9,1.2,1.8,4.3,6,2.1,0.8,0.3,1.7,3.5,9.9,0.38,0.481,0.299,0.463,0.733,0.482
Rk,Season,Age,Tm,Lg,Player,G,GS,MP,FG,FGA,2P,2PA,3P,3PA,FT,FTA,ORB,DRB,TRB,AST,STL,BLK,TOV,PF,PTS,FG%,2P%,3P%,eFG%,FT%,TS%
381,2017-18,24,DAL,NBA,Yogi Ferrell,82,21,2282,4.9,11.5,2.8,5.9,2.1,5.7,1.3,1.6,0.4,3.5,3.9,3.2,1,0.1,1.2,2.4,13.2,0.426,0.477,0.373,0.518,0.796,0.54
382,2017-18,19,OKC,NBA,Terrance Ferguson,61,12,763,3.3,8,1.4,2.3,1.9,5.7,0.4,0.5,0.9,1.3,2.2,0.9,1.1,0.5,0.5,3.9,8.9,0.414,0.612,0.333,0.533,0.9,0.545
383,2017-18,33,OKC,NBA,Raymond Felton,82,2,1365,5.9,14.6,3.8,8.5,2.1,6.1,0.9,1.2,0.7,3.5,4.1,5.4,1.3,0.4,2,2.4,14.9,0.406,0.444,0.352,0.479,0.818,0.494
384,2017-18,25,CHI,NBA,Cristiano Felicio,55,16,977,4.7,7.9,4.7,7.8,0,0.1,2,3,3.1,5.5,8.6,2,0.6,0.4,2,3.8,11.3,0.591,0.596,0,0.591,0.667,0.614
385,2017-18,22,TOT,NBA,Kay Felder,16,0,140,5.4,18,4.4,13.1,1,4.9,2.8,3.1,0.8,3.9,4.6,5.1,0.8,0.3,4.1,2.8,14.7,0.3,0.333,0.211,0.329,0.917,0.379
386,2017-18,26,UTA,NBA,Derrick Favors,77,77,2153,6.6,11.7,6.4,10.7,0.2,1.1,2.3,3.6,3.3,5.9,9.2,1.7,0.9,1.4,1.5,2.7,15.8,0.563,0.596,0.222,0.573,0.651,0.593
387,2017-18,28,DEN,NBA,Kenneth Faried,32,7,461,5.9,11.6,5.9,11.5,0,0.1,2.8,4,5.3,6.6,11.9,1.4,0.9,1,1.8,4,14.7,0.514,0.517,0,0.514,0.706,0.552
388,2017-18,22,UTA,NBA,Dante Exum,14,0,235,6.4,13.3,5.7,10.6,0.8,2.8,3.8,4.7,0.6,3.4,4,6.6,1.2,0.5,3.1,3.1,17.5,0.483,0.536,0.278,0.511,0.806,0.566
389,2017-18,28,MEM,NBA,Tyreke Evans,52,32,1607,8.2,18.1,5.6,11.7,2.6,6.4,3.7,4.7,1,5,5.9,6,1.3,0.4,2.6,2.2,22.6,0.452,0.482,0.399,0.523,0.785,0.561
390,2017-18,30,ATL,NBA,Jeremy Evans,1,0,5,7.2,7.2,7.2,7.2,0,0,0,0,7.2,0,7.2,0,0,0,7.2,7.2,14.4,1,1,,1,,1
391,2017-18,21,LAC,NBA,Jawun Evans,48,4,778,4.1,11.7,3.4,9.2,0.7,2.5,1.8,2.3,0.4,3.5,3.9,4.6,1.7,0.3,2,4.5,10.7,0.352,0.372,0.278,0.381,0.776,0.421
392,2017-18,23,LAL,NBA,Tyler Ennis,54,11,683,5,11.8,4.2,8.9,0.7,3,1.2,1.5,1,4,5,5.5,1.6,0.5,2,4,11.8,0.42,0.476,0.25,0.451,0.759,0.473
393,2017-18,27,TOT,NBA,James Ennis,72,22,1604,4.1,8.6,2.9,5.2,1.1,3.4,2.2,2.6,1.6,3.4,5,1.6,1.1,0.4,1.3,3,11.5,0.474,0.567,0.333,0.54,0.836,0.588
394,2017-18,23,PHI,NBA,Joel Embiid,63,63,1912,9.6,19.9,8.4,15.9,1.2,4,6.8,8.8,2.7,10.3,13,3.7,0.8,2.1,4.4,3.9,27.2,0.483,0.527,0.308,0.514,0.769,0.573
395,2017-18,30,MIA,NBA,Wayne Ellington,77,2,2041,5,12.3,1,2.1,4,10.2,1.2,1.4,0.4,3.4,3.8,1.4,0.9,0.1,0.9,1.7,15.2,0.407,0.479,0.392,0.569,0.859,0.588
396,2017-18,21,DET,NBA,Henry Ellenson,38,0,329,5.8,16,3.6,9.4,2.2,6.6,2.7,3.2,1.1,7.8,8.9,2.2,0.5,0,2,2.4,16.5,0.363,0.384,0.333,0.432,0.862,0.476
397,2017-18,26,TOT,NBA,Jarell Eddie,3,0,9,0,8,0,0,0,8,0,0,0,4,4,0,4,0,0,0,0,0,,0,0,,0
398,2017-18,29,GSW,NBA,Kevin Durant,68,68,2325,9.8,18.9,7.1,12.5,2.7,6.4,5.6,6.3,0.5,6.7,7.2,5.7,0.8,1.8,3.2,2.1,27.7,0.516,0.565,0.419,0.586,0.889,0.64
399,2017-18,23,CHI,NBA,Kris Dunn,52,43,1525,6.8,15.7,5.7,12.6,1,3.2,2,2.7,0.6,4.7,5.2,7.3,2.5,0.6,3.5,4.1,16.5,0.429,0.457,0.321,0.462,0.73,0.488
400,2017-18,32,PHO,NBA,Jared Dudley,48,0,686,2.5,6.4,1,2.2,1.5,4.2,1.4,1.8,0.4,4.5,4.9,4.1,1.3,0.6,1.5,4.5,8,0.393,0.452,0.363,0.512,0.771,0.553
401,2017-18,24,DET,NBA,Andre Drummond,78,78,2625,6.4,12.1,6.4,11.9,0,0.2,3.3,5.4,5.5,11.6,17.1,3.3,1.6,1.7,2.7,3.4,16.1,0.529,0.536,0,0.529,0.605,0.555
402,2017-18,27,TOT,NBA,Larry Drew,10,0,70,3.6,12.3,2.1,7.7,1.5,4.6,0,0,1.5,0,1.5,5.1,0,0,1.5,3.1,8.7,0.292,0.267,0.333,0.354,,0.354
403,2017-18,31,MIA,NBA,Goran Dragic,75,75,2378,7.3,16.3,5.6,11.7,1.7,4.5,3.3,4.1,0.8,3.8,4.6,5.4,1,0.2,2.5,2.7,19.6,0.45,0.481,0.37,0.502,0.801,0.543
404,2017-18,21,OKC,NBA,PJ Dozier,2,0,3,12,24,12,24,0,0,0,0,0,12,12,0,0,0,12,12,24,0.5,0.5,,0.5,,0.5
405,2017-18,24,BRK,NBA,Milton Doyle,10,0,125,3.7,13.5,2.6,6.9,1.2,6.6,1.2,2.3,0.9,4.3,5.2,2.9,1.7,0.6,0.6,3.7,9.8,0.277,0.375,0.174,0.319,0.5,0.337
406,2017-18,23,NYK,NBA,Damyean Dotson,44,2,474,5.5,12.2,3.8,7.1,1.7,5.2,1.2,1.7,0.7,5.7,6.4,2.4,0.9,0.2,1.3,2.6,13.8,0.447,0.538,0.324,0.516,0.696,0.532
407,2017-18,21,ATL,NBA,Tyler Dorsey,56,5,974,5.3,14.1,2.7,6.8,2.7,7.4,1.7,2.3,0.6,4.2,4.8,2.9,0.6,0.2,1.4,2.3,15,0.377,0.393,0.362,0.471,0.714,0.494
408,2017-18,24,BRK,NBA,Spencer Dinwiddie,80,58,2306,5.1,13.1,2.9,6.3,2.2,6.8,3.4,4.2,0.6,3.4,4,8.2,1.1,0.4,2,2.9,15.7,0.387,0.452,0.326,0.471,0.813,0.527
409,2017-18,28,MIN,NBA,Gorgui Dieng,79,0,1333,5,10.5,4.5,8.8,0.5,1.6,2.1,2.8,2.9,6.9,9.7,1.9,1.2,1.1,1.6,4,12.7,0.479,0.511,0.311,0.504,0.775,0.543
410,2017-18,21,NOP,NBA,Cheick Diallo,52,0,581,6.3,10.9,6.3,10.9,0,0,3.1,4.1,2.9,10.2,13.1,1.2,0.7,1.3,1.7,5.1,15.7,0.58,0.58,,0.58,0.758,0.619
411,2017-18,28,TOR,NBA,DeMar DeRozan,80,80,2711,8.6,18.8,7.4,15,1.2,3.8,6.1,7.4,0.8,3.4,4.2,5.5,1.1,0.3,2.3,2,24.4,0.456,0.493,0.312,0.488,0.825,0.555
412,2017-18,32,LAL,NBA,Luol Deng,1,1,13,2.8,5.5,2.8,5.5,0,0,0,0,0,0,0,2.8,2.8,0,2.8,0,5.5,0.5,0.5,,0.5,,0.5
413,2017-18,27,MIL,NBA,Matthew Dellavedova,38,3,712,2.8,7.7,1.3,3.7,1.5,3.9,1.3,1.4,0.7,2.5,3.2,7.3,0.7,0,2.5,3.4,8.3,0.362,0.351,0.372,0.457,0.926,0.5
414,2017-18,28,ATL,NBA,Malcolm Delaney,54,3,1014,3.9,10.1,2.2,5.7,1.6,4.4,2.6,3.3,0.3,3.2,3.6,5.8,1.2,0.2,2.3,2.9,12,0.382,0.391,0.371,0.463,0.804,0.519
415,2017-18,23,LAC,NBA,Sam Dekker,73,1,883,5.2,10.6,4.8,8.1,0.4,2.4,1.5,2.3,1.8,5.3,7.1,1.5,1,0.4,1.3,2.9,12.4,0.494,0.593,0.167,0.514,0.661,0.534
416,2017-18,28,ATL,NBA,Dewayne Dedmon,62,46,1542,5.8,11.1,4.7,7.8,1.2,3.3,1.6,2,2.3,9.1,11.4,2.1,0.9,1.2,2,3.8,14.4,0.524,0.595,0.355,0.577,0.779,0.599
417,2017-18,28,POR,NBA,Ed Davis,78,0,1471,4.2,7.1,4.2,7.1,0,0,1.8,2.7,4.5,9.6,14.1,1,0.8,1.3,1.6,4.6,10.1,0.582,0.584,0,0.582,0.667,0.607
418,2017-18,21,MEM,NBA,Deyonta Davis,62,6,943,6.1,10.1,6.1,10.1,0,0,1.5,2.2,2.9,6.7,9.5,1.5,0.6,1.5,1.2,4.8,13.7,0.608,0.608,,0.608,0.667,0.621
419,2017-18,24,NOP,NBA,Anthony Davis,75,75,2727,10.3,19.3,9.6,17.2,0.7,2.1,6.5,7.9,2.5,8.5,11,2.3,1.5,2.5,2.1,2.1,27.9,0.534,0.558,0.34,0.552,0.828,0.612
420,2017-18,26,PHO,NBA,Troy Daniels,79,15,1622,5.1,12.8,1.1,2.6,4.1,10.2,1.2,1.4,0.3,2.6,2.8,1.1,0.6,0.1,1.2,3,15.6,0.403,0.419,0.4,0.563,0.875,0.583
Rk,Season,Age,Tm,Lg,Player,G,GS,MP,FG,FGA,2P,2PA,3P,3PA,FT,FTA,ORB,DRB,TRB,AST,STL,BLK,TOV,PF,PTS,FG%,2P%,3P%,eFG%,FT%,TS%
421,2017-18,29,GSW,NBA,Stephen Curry,51,51,1631,9.4,19.1,4.8,8,4.7,11.1,6.1,6.7,0.8,5,5.8,6.8,1.8,0.2,3.4,2.5,29.7,0.495,0.595,0.423,0.618,0.921,0.675
422,2017-18,30,TOT,NBA,Dante Cunningham,73,25,1562,3.8,8.4,2.4,4.5,1.3,3.9,0.7,1.2,1.8,5.1,6.9,1.1,0.9,0.7,0.8,2.6,9.6,0.451,0.541,0.345,0.53,0.596,0.539
423,2017-18,27,TOT,NBA,Jae Crowder,80,47,2090,4.7,11.6,2.8,5.7,1.9,5.9,2.1,2.5,1,3.7,4.7,1.7,1.1,0.4,1.3,3.2,13.3,0.404,0.488,0.323,0.486,0.818,0.525
424,2017-18,29,NOP,NBA,Jordan Crawford,5,0,53,8.2,18.3,2.7,8.8,5.4,9.5,0.7,0.7,1.4,1.4,2.7,8.8,0.7,0.7,3.4,4.8,22.4,0.444,0.308,0.571,0.593,1,0.601
425,2017-18,37,MIN,NBA,Jamal Crawford,80,0,1653,6.7,16.2,4.4,9.3,2.3,6.8,2.2,2.5,0.5,1.7,2.2,4,0.9,0.2,2.1,1.9,17.9,0.415,0.477,0.331,0.485,0.903,0.519
426,2017-18,27,DEN,NBA,Torrey Craig,39,5,629,3.5,7.8,2.6,4.5,1,3.3,1.3,2,2.3,5,7.3,1.4,0.7,0.9,1.1,3.6,9.3,0.453,0.57,0.293,0.515,0.629,0.535
427,2017-18,25,BRK,NBA,Allen Crabbe,75,68,2197,5.5,13.6,2.2,4.8,3.3,8.7,1.9,2.2,0.5,4.9,5.3,1.9,0.8,0.6,1.3,2.8,16.2,0.407,0.461,0.378,0.529,0.852,0.558
428,2017-18,27,PHI,NBA,Robert Covington,80,80,2532,4.9,11.9,2,4.1,2.9,7.8,1.6,1.9,0.8,5.4,6.2,2.2,1.9,1,1.8,3.4,14.3,0.413,0.497,0.369,0.534,0.853,0.563
429,2017-18,27,NOP,NBA,DeMarcus Cousins,48,48,1737,8.4,17.9,6.3,11.8,2.2,6.1,6.1,8.2,2.2,10.6,12.8,5.3,1.6,1.6,5,3.8,25.1,0.47,0.53,0.354,0.53,0.746,0.583
430,2017-18,24,SAS,NBA,Matt Costello,4,0,32,2.3,4.5,2.3,4.5,0,0,0,0,1.1,9,10.1,2.3,2.3,2.3,1.1,7.9,4.5,0.5,0.5,,0.5,,0.5
431,2017-18,26,SAC,NBA,Jack Cooley,7,0,87,5.4,11.2,5.4,11.2,0,0,5.8,7.9,5.8,6.6,12.4,2.5,0.4,0,1.2,5.4,16.6,0.481,0.481,,0.481,0.737,0.566
432,2017-18,23,NOP,NBA,Charles Cooke,13,0,38,1.9,13.3,0.9,5.7,0.9,7.6,0.9,1.9,0,1.9,1.9,0.9,0.9,0,0.9,0,5.7,0.143,0.167,0.125,0.179,0.5,0.202
433,2017-18,24,GSW,NBA,Quinn Cook,33,18,740,5.9,12.3,3.7,7.2,2.2,5.1,1.1,1.2,0.5,3.5,4,4.3,0.6,0,1.6,2.9,15.2,0.484,0.514,0.442,0.575,0.88,0.593
434,2017-18,25,POR,NBA,Pat Connaughton,82,5,1488,4,9.4,2.2,4.4,1.8,5.1,0.9,1.1,0.9,3,3.9,2.2,0.6,0.5,1,2.9,10.7,0.423,0.506,0.352,0.518,0.841,0.539
435,2017-18,30,MEM,NBA,Mike Conley,12,12,373,6.2,16.2,3.9,8.8,2.3,7.4,5.1,6.4,0,2.6,2.6,4.7,1.2,0.3,1.7,2.3,19.8,0.381,0.44,0.312,0.452,0.803,0.52
436,2017-18,37,OKC,NBA,Nick Collison,15,0,75,6.2,9.1,6.2,9.1,0,0,2.4,6.2,3.4,6.2,9.6,1.9,0,0,3.4,3.4,14.9,0.684,0.684,,0.684,0.385,0.627
437,2017-18,30,IND,NBA,Darren Collison,69,64,2018,5.6,11.4,3.9,7.7,1.7,3.7,2.3,2.6,0.7,2.5,3.2,6.6,1.6,0.3,1.5,2.2,15.3,0.495,0.508,0.468,0.571,0.882,0.61
438,2017-18,26,DAL,NBA,Kyle Collinsworth,32,2,480,2.8,7.4,2.5,6.1,0.3,1.3,1.6,3,2.4,5.6,8,4.2,1.3,0.7,1.8,3.3,7.6,0.384,0.415,0.235,0.404,0.525,0.433
439,2017-18,20,POR,NBA,Zach Collins,66,1,1045,4,10,2.8,6.1,1.2,3.9,0.9,1.4,1.6,6.1,7.6,1.8,0.6,1.1,2,4.6,10.1,0.398,0.455,0.31,0.458,0.643,0.475
440,2017-18,20,ATL,NBA,John Collins,74,26,1785,6.3,11,6,10,0.3,0.9,2.7,3.8,3.5,7.4,10.9,2,0.9,1.6,2.1,4.3,15.7,0.576,0.598,0.34,0.591,0.715,0.62
Rk,Season,Age,Tm,Lg,Player,G,GS,MP,FG,FGA,2P,2PA,3P,3PA,FT,FTA,ORB,DRB,TRB,AST,STL,BLK,TOV,PF,PTS,FG%,2P%,3P%,eFG%,FT%,TS%
441,2017-18,23,TOT,NBA,Antonius Cleveland,17,0,123,2.3,6.1,1.5,5,0.9,1.2,1.2,1.8,0.9,3.2,4.1,0.6,2,1.5,2,6.7,6.7,0.381,0.294,0.75,0.452,0.667,0.486
442,2017-18,24,DAL,NBA,Gian Clavell,7,0,64,3.4,10.1,0,1.7,3.4,8.4,1.1,1.1,0.6,3.4,3.9,1.7,1.1,0,1.1,4.5,11.3,0.333,0,0.4,0.5,1,0.53
443,2017-18,25,TOT,NBA,Jordan Clarkson,81,2,1888,8.2,18.2,6.1,12.1,2.1,6.1,2.9,3.6,1.1,3.1,4.1,4.2,1.1,0.1,2.4,2,21.4,0.451,0.5,0.352,0.509,0.8,0.542
444,2017-18,26,NOP,NBA,Ian Clark,74,2,1455,5.5,12.2,4,7.4,1.5,4.8,1.1,1.5,0.2,2.9,3.1,2.7,0.8,0.2,1.4,3,13.6,0.448,0.533,0.318,0.511,0.763,0.529
445,2017-18,20,PHO,NBA,Marquese Chriss,72,49,1527,4.8,11.2,3.4,6.8,1.3,4.5,2.3,3.7,1.8,7.5,9.3,2,1.2,1.7,2.5,4.8,13.1,0.423,0.509,0.295,0.482,0.608,0.509
446,2017-18,30,DEN,NBA,Wilson Chandler,74,71,2346,4.3,9.7,3,5.9,1.4,3.8,1.4,1.7,1.6,4.5,6.1,2.5,0.7,0.6,1.4,2.4,11.3,0.445,0.501,0.358,0.515,0.772,0.542
447,2017-18,35,PHO,NBA,Tyson Chandler,46,46,1151,3.8,5.8,3.8,5.8,0,0,1.8,2.9,4.2,8.9,13.1,1.7,0.5,0.8,1.8,3.3,9.4,0.647,0.647,,0.647,0.617,0.657
448,2017-18,31,MEM,NBA,Mario Chalmers,66,10,1421,4.3,11.2,2.9,6.4,1.3,4.8,3,3.5,0.3,3.6,4,5,2,0.4,3,4.5,12.8,0.379,0.456,0.277,0.439,0.855,0.503
449,2017-18,23,ATL,NBA,Tyler Cavanaugh,39,1,518,4.7,10.6,2.4,4.4,2.2,6.2,1.2,1.5,3.1,5.7,8.8,1.9,0.6,0.3,1,4.2,12.7,0.441,0.556,0.36,0.546,0.81,0.567
450,2017-18,24,SAC,NBA,Willie Cauley-Stein,73,58,2044,6.8,13.6,6.8,13.4,0.1,0.2,2.7,4.4,2.3,6.7,9,3,1.4,1.2,1.9,3.3,16.4,0.502,0.506,0.25,0.504,0.619,0.529
451,2017-18,29,GSW,NBA,Omri Casspi,53,7,740,5.8,10.1,5.4,9,0.5,1.1,2.4,3.4,1.5,8.3,9.7,2.5,0.9,0.9,1.8,3.4,14.6,0.58,0.595,0.455,0.604,0.725,0.632
452,2017-18,23,LAL,NBA,Alex Caruso,37,7,562,3.2,7.4,2.4,4.7,0.8,2.8,1.3,1.9,1,3.2,4.2,4.8,1.5,0.6,2.7,3.3,8.6,0.431,0.507,0.302,0.487,0.7,0.519
453,2017-18,26,CHO,NBA,Michael Carter-Williams,52,2,835,3.3,9.9,2.7,7.3,0.6,2.5,3.1,3.8,1.6,4.4,5.9,5,1.9,1,2.2,4.3,10.3,0.332,0.365,0.237,0.362,0.82,0.446
454,2017-18,41,SAC,NBA,Vince Carter,58,5,1026,4,9.9,2,4.1,2,5.8,1,1.3,0.6,4.6,5.2,2.4,1.5,0.9,1.3,3.4,11,0.403,0.483,0.345,0.504,0.757,0.523
455,2017-18,31,BRK,NBA,DeMarre Carroll,73,73,2180,5.4,13,3,6.5,2.4,6.5,3.1,4.1,1.7,6.2,7.9,2.4,1,0.5,1.7,2.7,16.2,0.414,0.457,0.371,0.506,0.764,0.55
456,2017-18,23,HOU,NBA,Clint Capela,74,74,2034,7.8,12,7.8,11.9,0,0,2.5,4.5,4.3,9.9,14.2,1.2,1,2.4,1.8,3.3,18.2,0.652,0.653,0,0.652,0.56,0.65
457,2017-18,26,TOT,NBA,Isaiah Canaan,20,1,422,4.4,11.7,2.6,6.1,1.9,5.6,3.9,4.4,0.5,3.3,3.8,6.5,1.4,0.1,2.5,3.1,14.7,0.38,0.423,0.333,0.46,0.902,0.539
458,2017-18,24,LAL,NBA,Kentavious Caldwell-Pope,74,74,2458,5,11.7,2.7,5.6,2.3,6.1,2.2,2.8,0.9,4.8,5.7,2.4,1.6,0.2,1.4,2.1,14.5,0.426,0.473,0.383,0.526,0.789,0.561
459,2017-18,36,CLE,NBA,Jose Calderon,57,32,914,3.7,7.3,1.9,3.5,1.8,3.8,0.9,1.2,0.6,2.8,3.3,4.6,1.1,0.1,1.6,3.2,10,0.503,0.545,0.464,0.624,0.8,0.643
460,2017-18,22,TOT,NBA,Bruno Caboclo,12,0,107,3,10.4,2,4.7,1,5.7,1.7,2,2.4,5,7.4,1.7,1,1.3,1.3,2.7,8.7,0.29,0.429,0.176,0.339,0.833,0.386
Rk,Season,Age,Tm,Lg,Player,G,GS,MP,FG,FGA,2P,2PA,3P,3PA,FT,FTA,ORB,DRB,TRB,AST,STL,BLK,TOV,PF,PTS,FG%,2P%,3P%,eFG%,FT%,TS%
461,2017-18,28,DET,NBA,Dwight Buycks,29,0,427,6.9,16.7,5.6,12.9,1.3,3.8,3,3.5,1,2.4,3.5,5,1.6,0.2,3.3,3.3,18.1,0.414,0.438,0.333,0.452,0.878,0.498
462,2017-18,28,MIN,NBA,Jimmy Butler,59,59,2164,7.3,15.3,6.1,12,1.2,3.3,6,7.1,1.3,3.9,5.2,4.8,1.9,0.4,1.8,1.3,21.7,0.474,0.509,0.35,0.512,0.854,0.59
463,2017-18,26,UTA,NBA,Alec Burks,64,1,1059,5.8,14.1,4.2,9.2,1.6,4.8,3.6,4.2,0.6,5.9,6.5,2.3,1.3,0.3,2,2.5,16.8,0.411,0.452,0.331,0.467,0.863,0.527
464,2017-18,25,NYK,NBA,Trey Burke,36,9,785,8.9,17.6,7.1,12.8,1.7,4.8,1.7,2.6,0.6,2.7,3.3,7.8,1.1,0.2,2,2,21.1,0.503,0.556,0.362,0.552,0.649,0.563
465,2017-18,26,DET,NBA,Reggie Bullock,62,52,1732,5.5,11.3,3,5.5,2.6,5.8,0.8,1,0.6,2.6,3.2,2,1,0.3,1,1.5,14.5,0.489,0.536,0.445,0.603,0.796,0.615
466,2017-18,20,LAL,NBA,Thomas Bryant,15,0,72,4,10.5,3.5,5.5,0.5,5,2.5,4.5,1.5,7,8.5,3,0.5,1,1,3,11,0.381,0.636,0.1,0.405,0.556,0.441
467,2017-18,24,ATL,NBA,Nicolas Brussino,4,0,10,0,7.2,0,0,0,7.2,0,0,0,10.8,10.8,0,0,0,0,0,0,0,,0,0,,0
468,2017-18,22,MIL,NBA,Sterling Brown,54,4,776,3.8,9.5,2.3,5.3,1.5,4.2,1,1.1,1.3,5.4,6.6,1.2,1.4,0.6,1.2,3.7,10.1,0.4,0.439,0.352,0.478,0.875,0.503
469,2017-18,26,HOU,NBA,Markel Brown,4,0,31,2.3,8.1,1.2,2.3,1.2,5.8,0,0,1.2,4.6,5.8,2.3,0,0,2.3,7,5.8,0.286,0.5,0.2,0.357,,0.357
470,2017-18,27,TOR,NBA,Lorenzo Brown,14,0,139,3.6,8.8,3.1,5.7,0.5,3.1,0.5,0.5,0.3,3.6,3.9,3.4,1.3,0,0.8,1.8,8.3,0.412,0.545,0.167,0.441,1,0.459
471,2017-18,21,BOS,NBA,Jaylen Brown,70,70,2152,6.2,13.4,4.2,8.3,2,5.1,2.5,3.9,1.1,4.7,5.8,1.9,1.2,0.4,2.1,3,17,0.465,0.507,0.395,0.54,0.644,0.562
472,2017-18,33,HOU,NBA,Bobby Brown,20,0,115,5.9,18.2,2.5,5.6,3.4,12.5,0.3,0.6,0,2.2,2.2,3.4,1.3,0,2.8,1.9,15.7,0.328,0.444,0.275,0.422,0.5,0.425
473,2017-18,25,MIN,NBA,Anthony Brown,1,0,4,9,9,0,0,9,9,0,0,0,0,0,9,0,0,0,0,27,1,,1,1.5,,1.5
474,2017-18,29,MEM,NBA,MarShon Brooks,7,1,193,9.5,19,6,13.1,3.5,6,3.7,4.3,1.5,2.4,3.9,4.7,2.1,0.6,3,1.1,26.3,0.5,0.457,0.594,0.593,0.87,0.629
475,2017-18,22,MEM,NBA,Dillon Brooks,82,74,2350,5.2,11.8,3.8,7.8,1.4,4,1.9,2.5,0.8,3.2,3.9,2.1,1.1,0.3,1.9,3.6,13.8,0.44,0.484,0.356,0.501,0.747,0.531
476,2017-18,33,MIN,NBA,Aaron Brooks,32,1,189,5.3,13.1,3.2,7.2,2.1,5.9,1.5,2.1,1.3,1.9,3.2,3.8,1.1,0,2.1,5.3,14.3,0.406,0.447,0.355,0.486,0.727,0.508
477,2017-18,25,MIL,NBA,Malcolm Brogdon,48,20,1436,6.1,12.6,4.6,8.6,1.6,4,1.9,2.1,0.6,3.3,3.9,3.8,1,0.3,1.7,3.2,15.7,0.485,0.532,0.385,0.547,0.882,0.578
478,2017-18,31,TOT,NBA,Corey Brewer,72,18,1208,4.2,9.4,3.3,6.1,0.9,3.3,1.9,2.7,1.3,3.3,4.6,1.9,2.4,0.4,1.5,4.1,11.3,0.449,0.539,0.282,0.498,0.722,0.534
479,2017-18,20,UTA,NBA,Tony Bradley,9,0,29,3.7,13.7,3.7,12.4,0,1.2,2.5,2.5,5,8.7,13.7,1.2,0,0,0,1.2,9.9,0.273,0.3,0,0.273,1,0.337
480,2017-18,27,TOT,NBA,Avery Bradley,46,46,1433,6.5,15.7,4.6,10.6,1.9,5.1,1.6,2.1,0.6,2.4,2.9,2.4,1.3,0.2,2.5,2.3,16.5,0.414,0.436,0.369,0.474,0.768,0.496
Rk,Season,Age,Tm,Lg,Player,G,GS,MP,FG,FGA,2P,2PA,3P,3PA,FT,FTA,ORB,DRB,TRB,AST,STL,BLK,TOV,PF,PTS,FG%,2P%,3P%,eFG%,FT%,TS%
481,2017-18,25,GSW,NBA,Chris Boucher,1,0,1,0,36,0,0,0,36,0,0,0,36,36,0,0,0,0,0,0,0,,0,0,,0
482,2017-18,30,TOT,NBA,Trevor Booker,68,7,1158,5.5,10.7,5.3,9.6,0.2,1,2.1,2.9,3.6,6.2,9.9,2.5,0.9,0.7,1.8,3.7,13.3,0.516,0.545,0.242,0.528,0.71,0.557
483,2017-18,21,PHO,NBA,Devin Booker,54,54,1865,8.8,20.3,5.9,12.9,2.8,7.4,5.6,6.4,0.5,4.2,4.7,4.9,0.9,0.3,3.7,3.2,26,0.432,0.46,0.383,0.501,0.878,0.561
484,2017-18,24,MIL,NBA,Joel Bolomboy,6,0,38,2.8,5.7,2.8,4.7,0,0.9,2.8,5.7,5.7,3.8,9.5,0,1.9,0,1.9,2.8,8.5,0.5,0.6,0,0.5,0.5,0.521
485,2017-18,33,LAL,NBA,Andrew Bogut,23,5,216,2.8,4.2,2.8,4.2,0,0,0.3,0.3,4.3,8.7,13,2.5,0.7,2.2,3.2,6.7,6,0.68,0.68,,0.68,1,0.696
486,2017-18,28,IND,NBA,Bojan Bogdanovic,80,80,2464,5.9,12.4,3.6,6.8,2.3,5.6,2.6,3,0.4,3.5,3.9,1.7,0.8,0.1,1.5,1.9,16.7,0.474,0.534,0.402,0.565,0.868,0.605
487,2017-18,25,SAC,NBA,Bogdan Bogdanovic,78,53,2175,5.7,12.8,3.6,7.3,2.1,5.4,1.7,2,0.5,3.2,3.7,4.3,1.2,0.3,2.1,2.8,15.2,0.446,0.485,0.392,0.529,0.84,0.556
488,2017-18,25,LAL,NBA,Vander Blue,5,0,45,0.8,4,0.8,2.4,0,1.6,0.8,1.6,0,0.8,0.8,2.4,0.8,0,2.4,1.6,2.4,0.2,0.333,0,0.2,0.5,0.255
489,2017-18,28,TOT,NBA,Eric Bledsoe,74,74,2322,7.3,15.3,5.3,9.8,1.9,5.6,3.9,4.9,0.8,3.6,4.4,5.7,2.3,0.7,3.3,2.9,20.4,0.473,0.545,0.347,0.536,0.792,0.582
490,2017-18,21,CHI,NBA,Antonio Blakeney,19,0,314,6.1,16.4,4.4,10.4,1.7,6,3.4,4.5,0.5,3.3,3.8,2.3,0.8,0.1,1.3,2.2,17.3,0.371,0.418,0.288,0.423,0.769,0.471
491,2017-18,26,HOU,NBA,Tarik Black,51,2,536,5,8.5,5,7.8,0.1,0.7,1.9,4.2,4.2,6.7,10.9,0.9,1.4,2,2.4,7.2,12.1,0.591,0.638,0.091,0.594,0.46,0.582
492,2017-18,29,MIN,NBA,Nemanja Bjelica,67,21,1371,4.5,9.7,2.5,4.9,2,4.8,0.9,1.2,1.4,5.8,7.2,2.3,1.3,0.4,1.4,3.7,11.9,0.461,0.505,0.415,0.563,0.8,0.581
493,2017-18,25,ORL,NBA,Bismack Biyombo,82,25,1495,4.4,8.5,4.4,8.5,0,0,2.5,3.8,3.5,7.8,11.3,1.6,0.5,2.3,2,3.8,11.3,0.52,0.521,0,0.52,0.65,0.556
494,2017-18,23,BOS,NBA,Jabari Bird,13,1,115,4.7,8.1,3.8,5.9,0.9,2.2,1.9,4.1,1.9,4.1,5.9,2.5,0.9,0.3,2.5,2.2,12.2,0.577,0.632,0.429,0.635,0.462,0.615
495,2017-18,25,ORL,NBA,Khem Birch,42,0,578,4.2,7.8,4.2,7.8,0,0,2.6,3.8,4.4,6.9,11.2,2.1,0.9,1.3,1.3,3.5,11.1,0.54,0.54,,0.54,0.689,0.582
496,2017-18,29,LAC,NBA,Patrick Beverley,11,11,334,5.2,12.8,2.6,6.4,2.6,6.5,1.5,1.8,1.7,3.1,4.9,3.4,1.9,0.5,2.7,3.7,14.4,0.403,0.407,0.4,0.504,0.824,0.53
497,2017-18,25,SAS,NBA,Davis Bertans,77,10,1086,5.3,12.1,2.2,3.8,3.1,8.4,1.3,1.6,0.6,4.5,5.1,2.5,0.9,0.9,1.2,3.1,15.1,0.44,0.588,0.373,0.568,0.816,0.588
498,2017-18,20,PHO,NBA,Dragan Bender,82,37,2069,3.3,8.4,1.2,2.8,2.1,5.6,0.7,0.9,0.7,5.6,6.3,2.3,0.4,0.9,1.9,2.9,9.2,0.386,0.426,0.366,0.508,0.765,0.524
499,2017-18,23,ATL,NBA,DeAndre' Bembry,26,3,455,4.2,10.1,3.3,7.8,0.9,2.4,1.5,2.6,0.6,5.1,5.7,3.9,1.7,0.9,3.7,3,10.8,0.414,0.429,0.367,0.457,0.576,0.477
500,2017-18,23,GSW,NBA,Jordan Bell,57,13,809,5.2,8.2,5.2,8.1,0,0.2,1.3,2,2.7,6.5,9.2,4.5,1.6,2.5,2.3,4.1,11.7,0.627,0.641,0,0.627,0.682,0.641
501,2017-18,31,TOT,NBA,Marco Belinelli,80,2,1947,6.2,14.1,3.5,6.8,2.8,7.3,2.7,3,0.4,2.4,2.8,2.7,1.2,0.2,1.7,1.7,18,0.442,0.511,0.377,0.539,0.908,0.582
502,2017-18,29,NYK,NBA,Michael Beasley,74,30,1653,8.9,17.6,8.2,15.7,0.7,1.9,2.7,3.5,2.1,6.9,9,2.7,0.8,0.9,3.1,3.2,21.3,0.507,0.52,0.395,0.528,0.78,0.556
503,2017-18,21,DEN,NBA,Malik Beasley,62,0,583,4.5,11,2.8,5.9,1.7,5.1,1.4,2,0.9,3.5,4.4,1.9,0.9,0.4,1.5,2.2,12.1,0.41,0.469,0.341,0.489,0.667,0.509
504,2017-18,24,WAS,NBA,Bradley Beal,82,82,2977,8.3,17.9,5.9,11.5,2.4,6.4,3.5,4.5,0.7,3.7,4.4,4.5,1.2,0.4,2.6,1.9,22.5,0.46,0.507,0.375,0.527,0.793,0.564
505,2017-18,28,ATL,NBA,Kent Bazemore,65,65,1789,5.7,13.6,3.5,8.1,2.2,5.5,3.2,4,0.5,4.5,5,4.6,2,0.9,3.2,3,16.8,0.42,0.438,0.394,0.5,0.796,0.547
506,2017-18,31,BOS,NBA,Aron Baynes,81,67,1485,5.1,10.8,5,10.3,0.1,0.5,1.4,1.9,3.2,7.4,10.5,2.3,0.5,1.2,1.9,4.8,11.7,0.471,0.487,0.143,0.474,0.756,0.502
507,2017-18,29,PHI,NBA,Jerryd Bayless,39,11,925,4.2,10.2,2.1,4.5,2.1,5.7,1.4,1.7,0.6,2.5,3.1,2.1,0.9,0.2,1.8,3.5,11.9,0.416,0.474,0.37,0.519,0.795,0.546
508,2017-18,29,CHO,NBA,Nicolas Batum,64,64,1981,4.9,11.8,3.2,6.8,1.7,5,2,2.4,1,4.5,5.6,6.3,1.2,0.4,2.4,1.3,13.4,0.415,0.473,0.336,0.486,0.831,0.523
509,2017-18,27,DEN,NBA,Will Barton,81,40,2683,6.2,13.8,4.1,8.1,2.1,5.7,2.4,3,0.9,4.5,5.5,4.4,1.1,0.7,2,2.3,17,0.452,0.51,0.37,0.528,0.805,0.562
510,2017-18,25,DAL,NBA,Harrison Barnes,77,77,2634,7.3,16.5,5.7,12,1.6,4.6,3.5,4.3,1.1,5.3,6.4,2.1,0.7,0.2,1.6,1.3,19.8,0.445,0.478,0.357,0.494,0.827,0.539
511,2017-18,33,DAL,NBA,J.J. Barea,69,10,1603,6.8,15.5,4.2,8.5,2.6,7,1.8,2.3,0.3,4.2,4.5,9.7,0.8,0.1,3.2,1.9,18,0.439,0.499,0.367,0.522,0.784,0.545
512,2017-18,20,LAL,NBA,Lonzo Ball,52,50,1780,4.1,11.4,2.3,5.4,1.8,6,0.6,1.4,1.4,5.9,7.3,7.6,1.8,0.9,2.8,2.4,10.7,0.36,0.42,0.305,0.44,0.451,0.444
513,2017-18,21,POR,NBA,Wade Baldwin,7,0,80,6.3,9.5,4.5,7.2,1.8,2.3,2.7,4.5,0.5,3.2,3.6,2.3,0.9,0.5,1.8,5.4,17.1,0.667,0.625,0.8,0.762,0.6,0.748
514,2017-18,24,NYK,NBA,Ron Baker,29,1,385,1.9,5.5,0.8,2.4,1,3.1,1.9,2.4,0.5,2.3,2.8,4.4,2.4,0.6,1.7,3.1,6.6,0.339,0.346,0.333,0.432,0.769,0.504
515,2017-18,22,CHO,NBA,Dwayne Bacon,53,6,713,3.6,9.7,3.1,7.5,0.6,2.2,1,1.3,0.2,6.1,6.3,1.9,0.8,0.1,1.2,2.3,8.8,0.375,0.409,0.256,0.404,0.8,0.431
516,2017-18,28,TOT,NBA,Luke Babbitt,50,14,715,4.6,10.8,1.6,3,3,7.9,0.9,1.1,0.4,4.5,4.8,1.6,0.4,0.4,1,2.7,13,0.423,0.525,0.385,0.563,0.773,0.576
517,2017-18,30,ORL,NBA,D.J. Augustin,75,36,1760,5,11,2.7,5.5,2.3,5.6,3.4,3.9,0.6,2.7,3.3,5.9,1.1,0,2.5,1.9,15.7,0.452,0.485,0.419,0.557,0.868,0.615
518,2017-18,31,TOT,NBA,Omer Asik,18,0,182,1.8,4.4,1.8,4.4,0,0,0.8,2.6,1.8,7.5,9.3,0.6,0.4,0.8,1.8,4,4.4,0.409,0.409,,0.409,0.308,0.397
519,2017-18,25,ORL,NBA,Jamel Artis,15,1,279,4,10.2,3,6.5,1,3.7,0.9,1.5,0.5,4.4,4.9,2.3,0.3,0.4,1,1.4,9.9,0.392,0.46,0.276,0.443,0.583,0.457
520,2017-18,29,DEN,NBA,Darrell Arthur,19,1,141,5.6,12,3.6,6.1,2,5.9,0.5,0.8,0.8,3.1,3.8,2.3,2,0.8,3.8,5.6,13.8,0.468,0.583,0.348,0.553,0.667,0.559
Rk,Season,Age,Tm,Lg,Player,G,GS,MP,FG,FGA,2P,2PA,3P,3PA,FT,FTA,ORB,DRB,TRB,AST,STL,BLK,TOV,PF,PTS,FG%,2P%,3P%,eFG%,FT%,TS%
521,2017-18,32,HOU,NBA,Trevor Ariza,67,67,2269,4.3,10.3,1.6,3,2.7,7.3,1.2,1.4,0.5,4.1,4.7,1.7,1.6,0.2,0.8,2.1,12.4,0.412,0.519,0.368,0.542,0.854,0.567
522,2017-18,23,CHI,NBA,Ryan Arcidiacono,24,0,304,2,4.9,0.9,1.2,1.1,3.7,0.6,0.7,0.1,2.8,3,4.1,1.5,0,1.5,2.1,5.7,0.415,0.8,0.29,0.524,0.833,0.55
523,2017-18,20,TOR,NBA,OG Anunoby,74,62,1481,4,8.4,2.2,3.6,1.8,4.8,0.9,1.5,1.1,3.4,4.5,1.3,1.3,0.3,1.1,3.2,10.6,0.471,0.604,0.371,0.577,0.629,0.587
524,2017-18,33,OKC,NBA,Carmelo Anthony,78,78,2501,6.8,16.8,4.4,10,2.4,6.8,2.1,2.8,1,5.6,6.5,1.5,0.7,0.7,1.4,2.8,18.2,0.404,0.437,0.357,0.476,0.767,0.503
525,2017-18,23,MIL,NBA,Giannis Antetokounmpo,75,75,2756,9.7,18.3,9.1,16.5,0.6,1.8,6.4,8.4,2,7.8,9.8,4.7,1.4,1.4,2.9,3,26.3,0.529,0.554,0.307,0.545,0.76,0.598
526,2017-18,19,IND,NBA,Ike Anigbogu,11,0,30,4.8,10.8,4.8,10.8,0,0,6,7.2,6,4.8,10.8,0,1.2,3.6,2.4,1.2,15.6,0.444,0.444,,0.444,0.833,0.558
527,2017-18,29,HOU,NBA,Ryan Anderson,66,50,1725,4.3,10,1.6,2.9,2.7,7.1,1.5,1.9,2,4.9,6.9,1.3,0.5,0.4,0.9,2.6,12.9,0.431,0.539,0.386,0.568,0.774,0.592
528,2017-18,24,SAS,NBA,Kyle Anderson,74,67,1978,4.2,8,3.9,6.9,0.3,1,1.9,2.7,1.5,5.7,7.2,3.7,2.1,1.1,1.7,2.1,10.6,0.527,0.556,0.333,0.549,0.712,0.582
529,2017-18,24,PHI,NBA,Justin Anderson,38,0,519,6,14,3.7,6.9,2.4,7.1,1.9,2.6,1.7,4.7,6.5,1.7,1,0.5,1.1,3.7,16.4,0.431,0.535,0.33,0.515,0.737,0.54
530,2017-18,27,POR,NBA,Al-Farouq Aminu,69,67,2072,4,10.1,1.8,4.2,2.2,5.9,1,1.4,1.7,7.4,9.1,1.5,1.4,0.7,1.4,2.4,11.2,0.395,0.432,0.369,0.503,0.738,0.522
531,2017-18,36,NOP,NBA,Tony Allen,22,0,273,5.8,12,5.3,10.4,0.5,1.6,1.5,2.8,2.6,3.6,6.2,1.2,1.5,0.4,2.5,6.5,13.6,0.484,0.506,0.333,0.505,0.524,0.514
532,2017-18,25,BOS,NBA,Kadeem Allen,18,1,107,2,7.4,2,3.7,0,3.7,2.4,3,1.3,2.4,3.7,4,1,0.7,3,5,6.4,0.273,0.545,0,0.273,0.778,0.366
533,2017-18,19,BRK,NBA,Jarrett Allen,72,31,1441,5.8,9.9,5.7,9.5,0.1,0.4,2.8,3.7,3.6,6.1,9.7,1.2,0.7,2.2,2,3.7,14.7,0.589,0.599,0.333,0.596,0.776,0.636
534,2017-18,32,SAS,NBA,LaMarcus Aldridge,75,75,2509,9.9,19.3,9.5,18,0.4,1.3,4.8,5.7,3.5,5.6,9.1,2.2,0.6,1.3,1.6,2.3,24.9,0.51,0.526,0.293,0.52,0.837,0.57
535,2017-18,29,MIN,NBA,Cole Aldrich,21,0,49,3.7,11,3.7,11,0,0,1.5,4.4,2.2,8.8,11,2.2,1.5,0.7,0.7,8.1,8.8,0.333,0.333,,0.333,0.333,0.34
536,2017-18,32,ORL,NBA,Arron Afflalo,53,3,682,3.4,8.6,2,4.9,1.4,3.7,1.2,1.4,0.2,3.3,3.5,1.6,0.2,0.5,1.1,3,9.4,0.401,0.413,0.386,0.485,0.846,0.516
537,2017-18,20,MIA,NBA,Bam Adebayo,69,19,1368,4.6,8.9,4.6,8.8,0,0.2,3.4,4.7,3.1,6.9,10,2.7,0.8,1.1,1.7,3.6,12.6,0.512,0.523,0,0.512,0.721,0.57
538,2017-18,24,OKC,NBA,Steven Adams,76,76,2487,6.5,10.3,6.5,10.3,0,0,2.3,4.2,5.6,4.4,9.9,1.3,1.3,1.1,1.9,3.1,15.3,0.629,0.631,0,0.629,0.557,0.63
539,2017-18,27,BRK,NBA,Quincy Acy,70,8,1359,3.4,9.7,0.7,1.9,2.7,7.7,1.3,1.6,1.1,5.7,6.8,1.5,0.9,0.8,1.6,3.9,10.9,0.356,0.384,0.349,0.496,0.817,0.525
540,2017-18,24,OKC,NBA,Alex Abrines,75,8,1134,3.7,9.2,1,2.2,2.7,7,1.2,1.5,0.8,2.8,3.6,0.9,1.2,0.3,0.8,3.9,11.2,0.395,0.443,0.38,0.54,0.848,0.567