,TEAM_ID,combined_zone,SHOT_TYPE,TEAM_NAME,FGM,FGA,OREB,2nd_Chance_Pts,FG%,MISSES,OREB%,shot_value,pts_per_OREB,xpps
0,1610612737,Above the Break 3_Center(C)_24+ ft._3PT Field Goal,3PT Field Goal,Atlanta Hawks,75,258,31,29,0.29069767441860467,183,0.16939890710382513,3,0.9354838709677419,0.9844961240310077
1,1610612737,Above the Break 3_Left Side Center(LC)_24+ ft._3PT Field Goal,3PT Field Goal,Atlanta Hawks,81,248,26,22,0.32661290322580644,167,0.15568862275449102,3,0.8461538461538461,1.068548387096774
2,1610612737,Above the Break 3_Right Side Center(RC)_24+ ft._3PT Field Goal,3PT Field Goal,Atlanta Hawks,88,280,29,30,0.3142857142857143,192,0.15104166666666666,3,1.0344827586206897,1.05
3,1610612737,In The Paint (Non-RA)_Center(C)_8-16 ft._2PT Field Goal,2PT Field Goal,Atlanta Hawks,62,145,13,8,0.42758620689655175,83,0.1566265060240964,2,0.6153846153846154,0.9103448275862069
4,1610612737,In The Paint (Non-RA)_Center(C)_Less Than 8 ft._2PT Field Goal,2PT Field Goal,Atlanta Hawks,64,196,36,37,0.32653061224489793,132,0.2727272727272727,2,1.0277777777777777,0.8418367346938775
5,1610612737,In The Paint (Non-RA)_Left Side(L)_8-16 ft._2PT Field Goal,2PT Field Goal,Atlanta Hawks,4,19,3,2,0.21052631578947367,15,0.2,2,0.6666666666666666,0.5263157894736842
6,1610612737,In The Paint (Non-RA)_Right Side(R)_8-16 ft._2PT Field Goal,2PT Field Goal,Atlanta Hawks,8,26,5,2,0.3076923076923077,18,0.2777777777777778,2,0.4,0.6923076923076923
7,1610612737,Left Corner 3_Left Side(L)_24+ ft._3PT Field Goal,3PT Field Goal,Atlanta Hawks,53,148,15,14,0.3581081081081081,95,0.15789473684210525,3,0.9333333333333333,1.1689189189189189
8,1610612737,Mid-Range_Center(C)_16-24 ft._2PT Field Goal,2PT Field Goal,Atlanta Hawks,20,43,6,4,0.46511627906976744,23,0.2608695652173913,2,0.6666666666666666,1.0232558139534884
9,1610612737,Mid-Range_Center(C)_8-16 ft._2PT Field Goal,2PT Field Goal,Atlanta Hawks,7,21,1,2,0.3333333333333333,14,0.07142857142857142,2,2.0,0.7619047619047619
10,1610612737,Mid-Range_Left Side Center(LC)_16-24 ft._2PT Field Goal,2PT Field Goal,Atlanta Hawks,15,36,4,6,0.4166666666666667,21,0.19047619047619047,2,1.5,1.0
11,1610612737,Mid-Range_Left Side(L)_16-24 ft._2PT Field Goal,2PT Field Goal,Atlanta Hawks,4,11,1,0,0.36363636363636365,7,0.14285714285714285,2,0.0,0.7272727272727273
12,1610612737,Mid-Range_Left Side(L)_8-16 ft._2PT Field Goal,2PT Field Goal,Atlanta Hawks,12,35,5,11,0.34285714285714286,23,0.21739130434782608,2,2.2,1.0
13,1610612737,Mid-Range_Right Side Center(RC)_16-24 ft._2PT Field Goal,2PT Field Goal,Atlanta Hawks,19,54,6,6,0.35185185185185186,35,0.17142857142857143,2,1.0,0.8148148148148149
14,1610612737,Mid-Range_Right Side(R)_16-24 ft._2PT Field Goal,2PT Field Goal,Atlanta Hawks,7,15,2,0,0.4666666666666667,8,0.25,2,0.0,0.9333333333333333
15,1610612737,Mid-Range_Right Side(R)_8-16 ft._2PT Field Goal,2PT Field Goal,Atlanta Hawks,14,37,5,4,0.3783783783783784,23,0.21739130434782608,2,0.8,0.8648648648648649
16,1610612737,Restricted Area_Center(C)_Less Than 8 ft._2PT Field Goal,2PT Field Goal,Atlanta Hawks,666,1093,126,142,0.6093321134492223,427,0.29508196721311475,2,1.126984126984127,1.3485818847209514
17,1610612737,Right Corner 3_Right Side(R)_24+ ft._3PT Field Goal,3PT Field Goal,Atlanta Hawks,65,167,16,12,0.38922155688622756,102,0.1568627450980392,3,0.75,1.2395209580838322
18,1610612738,Above the Break 3_Center(C)_24+ ft._3PT Field Goal,3PT Field Goal,Boston Celtics,86,225,20,25,0.38222222222222224,139,0.14388489208633093,3,1.25,1.2577777777777779
19,1610612738,Above the Break 3_Left Side Center(LC)_24+ ft._3PT Field Goal,3PT Field Goal,Boston Celtics,115,310,41,36,0.3709677419354839,195,0.21025641025641026,3,0.8780487804878049,1.229032258064516
20,1610612738,Above the Break 3_Right Side Center(RC)_24+ ft._3PT Field Goal,3PT Field Goal,Boston Celtics,136,379,48,40,0.35883905013192613,243,0.19753086419753085,3,0.8333333333333334,1.1820580474934037
21,1610612738,In The Paint (Non-RA)_Center(C)_8-16 ft._2PT Field Goal,2PT Field Goal,Boston Celtics,52,114,10,11,0.45614035087719296,62,0.16129032258064516,2,1.1,1.0087719298245614
22,1610612738,In The Paint (Non-RA)_Center(C)_Less Than 8 ft._2PT Field Goal,2PT Field Goal,Boston Celtics,84,216,40,34,0.3888888888888889,132,0.30303030303030304,2,0.85,0.9351851851851852
23,1610612738,In The Paint (Non-RA)_Left Side(L)_8-16 ft._2PT Field Goal,2PT Field Goal,Boston Celtics,5,23,5,3,0.21739130434782608,18,0.2777777777777778,2,0.6,0.5652173913043478
24,1610612738,In The Paint (Non-RA)_Right Side(R)_8-16 ft._2PT Field Goal,2PT Field Goal,Boston Celtics,15,37,4,0,0.40540540540540543,22,0.18181818181818182,2,0.0,0.8108108108108109
25,1610612738,Left Corner 3_Left Side(L)_24+ ft._3PT Field Goal,3PT Field Goal,Boston Celtics,50,119,12,13,0.42016806722689076,69,0.17391304347826086,3,1.0833333333333333,1.3697478991596639
26,1610612738,Mid-Range_Center(C)_16-24 ft._2PT Field Goal,2PT Field Goal,Boston Celtics,32,85,3,2,0.3764705882352941,53,0.05660377358490566,2,0.6666666666666666,0.7764705882352941
27,1610612738,Mid-Range_Center(C)_8-16 ft._2PT Field Goal,2PT Field Goal,Boston Celtics,9,21,2,3,0.42857142857142855,12,0.16666666666666666,2,1.5,1.0
28,1610612738,Mid-Range_Left Side Center(LC)_16-24 ft._2PT Field Goal,2PT Field Goal,Boston Celtics,33,64,2,2,0.515625,31,0.06451612903225806,2,1.0,1.0625
29,1610612738,Mid-Range_Left Side(L)_16-24 ft._2PT Field Goal,2PT Field Goal,Boston Celtics,7,34,3,3,0.20588235294117646,27,0.1111111111111111,2,1.0,0.5
30,1610612738,Mid-Range_Left Side(L)_8-16 ft._2PT Field Goal,2PT Field Goal,Boston Celtics,32,82,9,9,0.3902439024390244,50,0.18,2,1.0,0.8902439024390244
31,1610612738,Mid-Range_Right Side Center(RC)_16-24 ft._2PT Field Goal,2PT Field Goal,Boston Celtics,36,100,7,3,0.36,64,0.109375,2,0.42857142857142855,0.75
32,1610612738,Mid-Range_Right Side(R)_16-24 ft._2PT Field Goal,2PT Field Goal,Boston Celtics,17,32,3,2,0.53125,15,0.2,2,0.6666666666666666,1.125
33,1610612738,Mid-Range_Right Side(R)_8-16 ft._2PT Field Goal,2PT Field Goal,Boston Celtics,55,112,9,11,0.49107142857142855,57,0.15789473684210525,2,1.2222222222222223,1.0803571428571428
34,1610612738,Restricted Area_Center(C)_Less Than 8 ft._2PT Field Goal,2PT Field Goal,Boston Celtics,512,804,87,104,0.6368159203980099,292,0.2979452054794521,2,1.1954022988505748,1.4029850746268657
35,1610612738,Right Corner 3_Right Side(R)_24+ ft._3PT Field Goal,3PT Field Goal,Boston Celtics,34,131,25,21,0.2595419847328244,97,0.25773195876288657,3,0.84,0.9389312977099236
36,1610612739,Above the Break 3_Center(C)_24+ ft._3PT Field Goal,3PT Field Goal,Cleveland Cavaliers,60,187,16,15,0.32085561497326204,127,0.12598425196850394,3,0.9375,1.0427807486631018
37,1610612739,Above the Break 3_Left Side Center(LC)_24+ ft._3PT Field Goal,3PT Field Goal,Cleveland Cavaliers,84,224,24,29,0.375,140,0.17142857142857143,3,1.2083333333333333,1.2544642857142858
38,1610612739,Above the Break 3_Right Side Center(RC)_24+ ft._3PT Field Goal,3PT Field Goal,Cleveland Cavaliers,94,266,19,14,0.3533834586466165,172,0.11046511627906977,3,0.7368421052631579,1.112781954887218
39,1610612739,In The Paint (Non-RA)_Center(C)_8-16 ft._2PT Field Goal,2PT Field Goal,Cleveland Cavaliers,67,154,28,28,0.43506493506493504,87,0.3218390804597701,2,1.0,1.051948051948052
40,1610612739,In The Paint (Non-RA)_Center(C)_Less Than 8 ft._2PT Field Goal,2PT Field Goal,Cleveland Cavaliers,85,250,54,36,0.34,165,0.32727272727272727,2,0.6666666666666666,0.8240000000000001
41,1610612739,In The Paint (Non-RA)_Left Side(L)_8-16 ft._2PT Field Goal,2PT Field Goal,Cleveland Cavaliers,12,29,5,9,0.41379310344827586,17,0.29411764705882354,2,1.8,1.1379310344827587
42,1610612739,In The Paint (Non-RA)_Right Side(R)_8-16 ft._2PT Field Goal,2PT Field Goal,Cleveland Cavaliers,18,46,3,6,0.391304347826087,28,0.10714285714285714,2,2.0,0.9130434782608696
43,1610612739,Left Corner 3_Left Side(L)_24+ ft._3PT Field Goal,3PT Field Goal,Cleveland Cavaliers,36,101,11,12,0.3564356435643564,65,0.16923076923076924,3,1.0909090909090908,1.1881188118811883
44,1610612739,Mid-Range_Center(C)_16-24 ft._2PT Field Goal,2PT Field Goal,Cleveland Cavaliers,39,112,11,15,0.3482142857142857,73,0.1506849315068493,2,1.3636363636363635,0.8303571428571428
45,1610612739,Mid-Range_Center(C)_8-16 ft._2PT Field Goal,2PT Field Goal,Cleveland Cavaliers,16,44,5,5,0.36363636363636365,28,0.17857142857142858,2,1.0,0.8409090909090909
46,1610612739,Mid-Range_Left Side Center(LC)_16-24 ft._2PT Field Goal,2PT Field Goal,Cleveland Cavaliers,44,112,8,11,0.39285714285714285,68,0.11764705882352941,2,1.375,0.8839285714285714
47,1610612739,Mid-Range_Left Side(L)_16-24 ft._2PT Field Goal,2PT Field Goal,Cleveland Cavaliers,18,49,5,6,0.3673469387755102,31,0.16129032258064516,2,1.2,0.8571428571428572
48,1610612739,Mid-Range_Left Side(L)_8-16 ft._2PT Field Goal,2PT Field Goal,Cleveland Cavaliers,45,88,12,12,0.5113636363636364,43,0.27906976744186046,2,1.0,1.1590909090909092
49,1610612739,Mid-Range_Right Side Center(RC)_16-24 ft._2PT Field Goal,2PT Field Goal,Cleveland Cavaliers,63,136,13,13,0.4632352941176471,73,0.1780821917808219,2,1.0,1.0220588235294117
50,1610612739,Mid-Range_Right Side(R)_16-24 ft._2PT Field Goal,2PT Field Goal,Cleveland Cavaliers,15,45,3,0,0.3333333333333333,30,0.1,2,0.0,0.6666666666666666
51,1610612739,Mid-Range_Right Side(R)_8-16 ft._2PT Field Goal,2PT Field Goal,Cleveland Cavaliers,56,106,4,2,0.5283018867924528,50,0.08,2,0.5,1.0754716981132075
52,1610612739,Restricted Area_Center(C)_Less Than 8 ft._2PT Field Goal,2PT Field Goal,Cleveland Cavaliers,542,935,141,147,0.5796791443850268,393,0.35877862595419846,2,1.0425531914893618,1.316577540106952
53,1610612739,Right Corner 3_Right Side(R)_24+ ft._3PT Field Goal,3PT Field Goal,Cleveland Cavaliers,26,68,8,10,0.38235294117647056,42,0.19047619047619047,3,1.25,1.2941176470588234
54,1610612740,Above the Break 3_Center(C)_24+ ft._3PT Field Goal,3PT Field Goal,New Orleans Pelicans,62,199,22,14,0.31155778894472363,137,0.16058394160583941,3,0.6363636363636364,1.0050251256281408
55,1610612740,Above the Break 3_Left Side Center(LC)_24+ ft._3PT Field Goal,3PT Field Goal,New Orleans Pelicans,124,307,27,40,0.40390879478827363,183,0.14754098360655737,3,1.4814814814814814,1.3420195439739415
56,1610612740,Above the Break 3_Right Side Center(RC)_24+ ft._3PT Field Goal,3PT Field Goal,New Orleans Pelicans,83,278,38,40,0.29856115107913667,195,0.19487179487179487,3,1.0526315789473684,1.039568345323741
57,1610612740,In The Paint (Non-RA)_Center(C)_8-16 ft._2PT Field Goal,2PT Field Goal,New Orleans Pelicans,78,187,23,23,0.41711229946524064,109,0.21100917431192662,2,1.0,0.9572192513368984
58,1610612740,In The Paint (Non-RA)_Center(C)_Less Than 8 ft._2PT Field Goal,2PT Field Goal,New Orleans Pelicans,134,308,45,57,0.43506493506493504,174,0.25862068965517243,2,1.2666666666666666,1.0551948051948052
59,1610612740,In The Paint (Non-RA)_Left Side(L)_8-16 ft._2PT Field Goal,2PT Field Goal,New Orleans Pelicans,20,42,5,8,0.47619047619047616,22,0.22727272727272727,2,1.6,1.1428571428571428
60,1610612740,In The Paint (Non-RA)_Right Side(R)_8-16 ft._2PT Field Goal,2PT Field Goal,New Orleans Pelicans,15,30,6,6,0.5,15,0.4,2,1.0,1.2
61,1610612740,Left Corner 3_Left Side(L)_24+ ft._3PT Field Goal,3PT Field Goal,New Orleans Pelicans,40,100,10,8,0.4,60,0.16666666666666666,3,0.8,1.2800000000000002
62,1610612740,Mid-Range_Center(C)_16-24 ft._2PT Field Goal,2PT Field Goal,New Orleans Pelicans,22,50,7,9,0.44,28,0.25,2,1.2857142857142858,1.06
63,1610612740,Mid-Range_Center(C)_8-16 ft._2PT Field Goal,2PT Field Goal,New Orleans Pelicans,18,32,3,2,0.5625,14,0.21428571428571427,2,0.6666666666666666,1.1875
64,1610612740,Mid-Range_Left Side Center(LC)_16-24 ft._2PT Field Goal,2PT Field Goal,New Orleans Pelicans,30,77,4,6,0.38961038961038963,47,0.0851063829787234,2,1.5,0.8571428571428572
65,1610612740,Mid-Range_Left Side(L)_16-24 ft._2PT Field Goal,2PT Field Goal,New Orleans Pelicans,11,32,4,0,0.34375,21,0.19047619047619047,2,0.0,0.6875
66,1610612740,Mid-Range_Left Side(L)_8-16 ft._2PT Field Goal,2PT Field Goal,New Orleans Pelicans,26,82,10,12,0.3170731707317073,56,0.17857142857142858,2,1.2,0.7804878048780488
67,1610612740,Mid-Range_Right Side Center(RC)_16-24 ft._2PT Field Goal,2PT Field Goal,New Orleans Pelicans,14,48,3,2,0.2916666666666667,34,0.08823529411764706,2,0.6666666666666666,0.625
68,1610612740,Mid-Range_Right Side(R)_16-24 ft._2PT Field Goal,2PT Field Goal,New Orleans Pelicans,7,26,5,4,0.2692307692307692,19,0.2631578947368421,2,0.8,0.6923076923076923
69,1610612740,Mid-Range_Right Side(R)_8-16 ft._2PT Field Goal,2PT Field Goal,New Orleans Pelicans,25,69,10,10,0.36231884057971014,44,0.22727272727272727,2,1.0,0.8695652173913043
70,1610612740,Restricted Area_Center(C)_Less Than 8 ft._2PT Field Goal,2PT Field Goal,New Orleans Pelicans,730,1127,140,154,0.64773735581189,397,0.3526448362720403,2,1.1,1.4321206743566992
71,1610612740,Right Corner 3_Right Side(R)_24+ ft._3PT Field Goal,3PT Field Goal,New Orleans Pelicans,31,90,12,15,0.34444444444444444,59,0.2033898305084746,3,1.25,1.2
72,1610612741,Above the Break 3_Center(C)_24+ ft._3PT Field Goal,3PT Field Goal,Chicago Bulls,68,220,18,14,0.3090909090909091,152,0.11842105263157894,3,0.7777777777777778,0.9909090909090909
73,1610612741,Above the Break 3_Left Side Center(LC)_24+ ft._3PT Field Goal,3PT Field Goal,Chicago Bulls,73,232,18,14,0.3146551724137931,159,0.11320754716981132,3,0.7777777777777778,1.004310344827586
74,1610612741,Above the Break 3_Right Side Center(RC)_24+ ft._3PT Field Goal,3PT Field Goal,Chicago Bulls,79,228,26,14,0.34649122807017546,149,0.174496644295302,3,0.5384615384615384,1.1008771929824561
75,1610612741,In The Paint (Non-RA)_Center(C)_8-16 ft._2PT Field Goal,2PT Field Goal,Chicago Bulls,60,153,12,12,0.39215686274509803,93,0.12903225806451613,2,1.0,0.8627450980392157
76,1610612741,In The Paint (Non-RA)_Center(C)_Less Than 8 ft._2PT Field Goal,2PT Field Goal,Chicago Bulls,104,264,26,25,0.3939393939393939,160,0.1625,2,0.9615384615384616,0.8825757575757576
77,1610612741,In The Paint (Non-RA)_Left Side(L)_8-16 ft._2PT Field Goal,2PT Field Goal,Chicago Bulls,11,21,2,4,0.5238095238095238,10,0.2,2,2.0,1.2380952380952381
78,1610612741,In The Paint (Non-RA)_Right Side(R)_8-16 ft._2PT Field Goal,2PT Field Goal,Chicago Bulls,14,24,3,2,0.5833333333333334,10,0.3,2,0.6666666666666666,1.25
79,1610612741,Left Corner 3_Left Side(L)_24+ ft._3PT Field Goal,3PT Field Goal,Chicago Bulls,54,140,8,7,0.38571428571428573,86,0.09302325581395349,3,0.875,1.2071428571428573
80,1610612741,Mid-Range_Center(C)_16-24 ft._2PT Field Goal,2PT Field Goal,Chicago Bulls,47,122,7,5,0.38524590163934425,75,0.09333333333333334,2,0.7142857142857143,0.8114754098360656
81,1610612741,Mid-Range_Center(C)_8-16 ft._2PT Field Goal,2PT Field Goal,Chicago Bulls,26,53,4,0,0.49056603773584906,27,0.14814814814814814,2,0.0,0.9811320754716981
82,1610612741,Mid-Range_Left Side Center(LC)_16-24 ft._2PT Field Goal,2PT Field Goal,Chicago Bulls,27,76,5,6,0.35526315789473684,49,0.10204081632653061,2,1.2,0.7894736842105263
83,1610612741,Mid-Range_Left Side(L)_16-24 ft._2PT Field Goal,2PT Field Goal,Chicago Bulls,8,26,3,7,0.3076923076923077,18,0.16666666666666666,2,2.3333333333333335,0.8846153846153846
84,1610612741,Mid-Range_Left Side(L)_8-16 ft._2PT Field Goal,2PT Field Goal,Chicago Bulls,30,102,8,6,0.29411764705882354,72,0.1111111111111111,2,0.75,0.6470588235294118
85,1610612741,Mid-Range_Right Side Center(RC)_16-24 ft._2PT Field Goal,2PT Field Goal,Chicago Bulls,25,67,6,3,0.373134328358209,42,0.14285714285714285,2,0.5,0.791044776119403
86,1610612741,Mid-Range_Right Side(R)_16-24 ft._2PT Field Goal,2PT Field Goal,Chicago Bulls,7,22,1,2,0.3181818181818182,15,0.06666666666666667,2,2.0,0.7272727272727273
87,1610612741,Mid-Range_Right Side(R)_8-16 ft._2PT Field Goal,2PT Field Goal,Chicago Bulls,33,85,10,10,0.38823529411764707,52,0.19230769230769232,2,1.0,0.8941176470588236
88,1610612741,Restricted Area_Center(C)_Less Than 8 ft._2PT Field Goal,2PT Field Goal,Chicago Bulls,576,949,79,81,0.60695468914647,373,0.21179624664879357,2,1.0253164556962024,1.2992623814541624
89,1610612741,Right Corner 3_Right Side(R)_24+ ft._3PT Field Goal,3PT Field Goal,Chicago Bulls,46,106,8,5,0.4339622641509434,60,0.13333333333333333,3,0.625,1.349056603773585
90,1610612742,Above the Break 3_Center(C)_24+ ft._3PT Field Goal,3PT Field Goal,Dallas Mavericks,76,224,23,21,0.3392857142857143,148,0.1554054054054054,3,0.9130434782608695,1.1116071428571428
91,1610612742,Above the Break 3_Left Side Center(LC)_24+ ft._3PT Field Goal,3PT Field Goal,Dallas Mavericks,115,342,41,42,0.3362573099415205,227,0.18061674008810572,3,1.024390243902439,1.131578947368421
92,1610612742,Above the Break 3_Right Side Center(RC)_24+ ft._3PT Field Goal,3PT Field Goal,Dallas Mavericks,95,283,32,36,0.33568904593639576,188,0.1702127659574468,3,1.125,1.1342756183745584
93,1610612742,In The Paint (Non-RA)_Center(C)_8-16 ft._2PT Field Goal,2PT Field Goal,Dallas Mavericks,59,154,21,19,0.38311688311688313,95,0.22105263157894736,2,0.9047619047619048,0.8896103896103896
94,1610612742,In The Paint (Non-RA)_Center(C)_Less Than 8 ft._2PT Field Goal,2PT Field Goal,Dallas Mavericks,80,245,44,44,0.32653061224489793,165,0.26666666666666666,2,1.0,0.8326530612244898
95,1610612742,In The Paint (Non-RA)_Left Side(L)_8-16 ft._2PT Field Goal,2PT Field Goal,Dallas Mavericks,13,26,4,4,0.5,13,0.3076923076923077,2,1.0,1.1538461538461537
96,1610612742,In The Paint (Non-RA)_Right Side(R)_8-16 ft._2PT Field Goal,2PT Field Goal,Dallas Mavericks,8,23,4,5,0.34782608695652173,15,0.26666666666666666,2,1.25,0.9130434782608695
97,1610612742,Left Corner 3_Left Side(L)_24+ ft._3PT Field Goal,3PT Field Goal,Dallas Mavericks,45,108,16,10,0.4166666666666667,63,0.25396825396825395,3,0.625,1.3425925925925926
98,1610612742,Mid-Range_Center(C)_16-24 ft._2PT Field Goal,2PT Field Goal,Dallas Mavericks,21,44,3,3,0.4772727272727273,23,0.13043478260869565,2,1.0,1.0227272727272727
99,1610612742,Mid-Range_Center(C)_8-16 ft._2PT Field Goal,2PT Field Goal,Dallas Mavericks,7,21,3,5,0.3333333333333333,14,0.21428571428571427,2,1.6666666666666667,0.9047619047619048
100,1610612742,Mid-Range_Left Side Center(LC)_16-24 ft._2PT Field Goal,2PT Field Goal,Dallas Mavericks,15,41,6,2,0.36585365853658536,26,0.23076923076923078,2,0.3333333333333333,0.7804878048780488
101,1610612742,Mid-Range_Left Side(L)_16-24 ft._2PT Field Goal,2PT Field Goal,Dallas Mavericks,5,18,0,0,0.2777777777777778,13,0.0,2,0.0,0.5555555555555556
102,1610612742,Mid-Range_Left Side(L)_8-16 ft._2PT Field Goal,2PT Field Goal,Dallas Mavericks,28,79,12,9,0.35443037974683544,51,0.23529411764705882,2,0.75,0.8227848101265822
103,1610612742,Mid-Range_Right Side Center(RC)_16-24 ft._2PT Field Goal,2PT Field Goal,Dallas Mavericks,14,40,9,3,0.35,26,0.34615384615384615,2,0.3333333333333333,0.7749999999999999
104,1610612742,Mid-Range_Right Side(R)_16-24 ft._2PT Field Goal,2PT Field Goal,Dallas Mavericks,7,15,1,3,0.4666666666666667,8,0.125,2,3.0,1.1333333333333333
105,1610612742,Mid-Range_Right Side(R)_8-16 ft._2PT Field Goal,2PT Field Goal,Dallas Mavericks,35,67,7,10,0.5223880597014925,32,0.21875,2,1.4285714285714286,1.1940298507462686
106,1610612742,Restricted Area_Center(C)_Less Than 8 ft._2PT Field Goal,2PT Field Goal,Dallas Mavericks,588,911,80,108,0.6454445664105378,323,0.2476780185758514,2,1.35,1.4094401756311745
107,1610612742,Right Corner 3_Right Side(R)_24+ ft._3PT Field Goal,3PT Field Goal,Dallas Mavericks,42,106,15,13,0.39622641509433965,64,0.234375,3,0.8666666666666667,1.3113207547169812
108,1610612743,Above the Break 3_Center(C)_24+ ft._3PT Field Goal,3PT Field Goal,Denver Nuggets,71,218,22,33,0.3256880733944954,147,0.14965986394557823,3,1.5,1.1284403669724772
109,1610612743,Above the Break 3_Left Side Center(LC)_24+ ft._3PT Field Goal,3PT Field Goal,Denver Nuggets,102,271,38,41,0.3763837638376384,169,0.22485207100591717,3,1.0789473684210527,1.2804428044280443
110,1610612743,Above the Break 3_Right Side Center(RC)_24+ ft._3PT Field Goal,3PT Field Goal,Denver Nuggets,67,220,27,21,0.30454545454545456,153,0.17647058823529413,3,0.7777777777777778,1.0090909090909093
111,1610612743,In The Paint (Non-RA)_Center(C)_8-16 ft._2PT Field Goal,2PT Field Goal,Denver Nuggets,66,138,15,16,0.4782608695652174,72,0.20833333333333334,2,1.0666666666666667,1.0724637681159421
112,1610612743,In The Paint (Non-RA)_Center(C)_Less Than 8 ft._2PT Field Goal,2PT Field Goal,Denver Nuggets,132,312,51,50,0.4230769230769231,180,0.2833333333333333,2,0.9803921568627451,1.0064102564102564
113,1610612743,In The Paint (Non-RA)_Left Side(L)_8-16 ft._2PT Field Goal,2PT Field Goal,Denver Nuggets,8,27,7,6,0.2962962962962963,19,0.3684210526315789,2,0.8571428571428571,0.8148148148148148
114,1610612743,In The Paint (Non-RA)_Right Side(R)_8-16 ft._2PT Field Goal,2PT Field Goal,Denver Nuggets,10,25,3,0,0.4,15,0.2,2,0.0,0.8
115,1610612743,Left Corner 3_Left Side(L)_24+ ft._3PT Field Goal,3PT Field Goal,Denver Nuggets,42,115,16,17,0.3652173913043478,73,0.2191780821917808,3,1.0625,1.2434782608695651
116,1610612743,Mid-Range_Center(C)_16-24 ft._2PT Field Goal,2PT Field Goal,Denver Nuggets,22,58,6,4,0.3793103448275862,36,0.16666666666666666,2,0.6666666666666666,0.8275862068965517
117,1610612743,Mid-Range_Center(C)_8-16 ft._2PT Field Goal,2PT Field Goal,Denver Nuggets,10,20,2,3,0.5,10,0.2,2,1.5,1.15
118,1610612743,Mid-Range_Left Side Center(LC)_16-24 ft._2PT Field Goal,2PT Field Goal,Denver Nuggets,20,52,7,2,0.38461538461538464,32,0.21875,2,0.2857142857142857,0.8076923076923077
119,1610612743,Mid-Range_Left Side(L)_16-24 ft._2PT Field Goal,2PT Field Goal,Denver Nuggets,9,16,1,1,0.5625,7,0.14285714285714285,2,1.0,1.1875
120,1610612743,Mid-Range_Left Side(L)_8-16 ft._2PT Field Goal,2PT Field Goal,Denver Nuggets,39,100,11,16,0.39,61,0.18032786885245902,2,1.4545454545454546,0.9400000000000001
121,1610612743,Mid-Range_Right Side Center(RC)_16-24 ft._2PT Field Goal,2PT Field Goal,Denver Nuggets,23,49,5,2,0.46938775510204084,26,0.19230769230769232,2,0.4,0.979591836734694
122,1610612743,Mid-Range_Right Side(R)_16-24 ft._2PT Field Goal,2PT Field Goal,Denver Nuggets,12,17,1,0,0.7058823529411765,5,0.2,2,0.0,1.411764705882353
123,1610612743,Mid-Range_Right Side(R)_8-16 ft._2PT Field Goal,2PT Field Goal,Denver Nuggets,19,56,7,4,0.3392857142857143,37,0.1891891891891892,2,0.5714285714285714,0.75
124,1610612743,Restricted Area_Center(C)_Less Than 8 ft._2PT Field Goal,2PT Field Goal,Denver Nuggets,595,969,128,133,0.6140350877192983,374,0.3422459893048128,2,1.0390625,1.3653250773993808
125,1610612743,Right Corner 3_Right Side(R)_24+ ft._3PT Field Goal,3PT Field Goal,Denver Nuggets,36,93,20,17,0.3870967741935484,57,0.3508771929824561,3,0.85,1.3440860215053763
126,1610612744,Above the Break 3_Center(C)_24+ ft._3PT Field Goal,3PT Field Goal,Golden State Warriors,72,198,25,21,0.36363636363636365,126,0.1984126984126984,3,0.84,1.1969696969696968
127,1610612744,Above the Break 3_Left Side Center(LC)_24+ ft._3PT Field Goal,3PT Field Goal,Golden State Warriors,123,336,34,31,0.36607142857142855,213,0.1596244131455399,3,0.9117647058823529,1.1904761904761902
128,1610612744,Above the Break 3_Right Side Center(RC)_24+ ft._3PT Field Goal,3PT Field Goal,Golden State Warriors,116,305,47,51,0.380327868852459,189,0.24867724867724866,3,1.0851063829787233,1.3081967213114754
129,1610612744,In The Paint (Non-RA)_Center(C)_8-16 ft._2PT Field Goal,2PT Field Goal,Golden State Warriors,69,190,25,18,0.3631578947368421,121,0.2066115702479339,2,0.72,0.8210526315789474
130,1610612744,In The Paint (Non-RA)_Center(C)_Less Than 8 ft._2PT Field Goal,2PT Field Goal,Golden State Warriors,65,147,21,18,0.4421768707482993,82,0.25609756097560976,2,0.8571428571428571,1.0068027210884354
131,1610612744,In The Paint (Non-RA)_Left Side(L)_8-16 ft._2PT Field Goal,2PT Field Goal,Golden State Warriors,19,29,3,7,0.6551724137931034,10,0.3,2,2.3333333333333335,1.5517241379310345
132,1610612744,In The Paint (Non-RA)_Right Side(R)_8-16 ft._2PT Field Goal,2PT Field Goal,Golden State Warriors,10,22,2,0,0.45454545454545453,12,0.16666666666666666,2,0.0,0.9090909090909091
133,1610612744,Left Corner 3_Left Side(L)_24+ ft._3PT Field Goal,3PT Field Goal,Golden State Warriors,52,112,15,15,0.4642857142857143,60,0.25,3,1.0,1.5267857142857142
134,1610612744,Mid-Range_Center(C)_16-24 ft._2PT Field Goal,2PT Field Goal,Golden State Warriors,51,105,8,2,0.4857142857142857,54,0.14814814814814814,2,0.25,0.9904761904761905
135,1610612744,Mid-Range_Center(C)_8-16 ft._2PT Field Goal,2PT Field Goal,Golden State Warriors,15,28,2,5,0.5357142857142857,13,0.15384615384615385,2,2.5,1.25
136,1610612744,Mid-Range_Left Side Center(LC)_16-24 ft._2PT Field Goal,2PT Field Goal,Golden State Warriors,42,92,8,5,0.45652173913043476,50,0.16,2,0.625,0.967391304347826
137,1610612744,Mid-Range_Left Side(L)_16-24 ft._2PT Field Goal,2PT Field Goal,Golden State Warriors,15,38,6,6,0.39473684210526316,23,0.2608695652173913,2,1.0,0.9473684210526316
138,1610612744,Mid-Range_Left Side(L)_8-16 ft._2PT Field Goal,2PT Field Goal,Golden State Warriors,52,106,10,10,0.49056603773584906,54,0.18518518518518517,2,1.0,1.0754716981132075
139,1610612744,Mid-Range_Right Side Center(RC)_16-24 ft._2PT Field Goal,2PT Field Goal,Golden State Warriors,87,188,15,21,0.4627659574468085,101,0.1485148514851485,2,1.4,1.0372340425531914
140,1610612744,Mid-Range_Right Side(R)_16-24 ft._2PT Field Goal,2PT Field Goal,Golden State Warriors,34,72,7,7,0.4722222222222222,38,0.18421052631578946,2,1.0,1.0416666666666667
141,1610612744,Mid-Range_Right Side(R)_8-16 ft._2PT Field Goal,2PT Field Goal,Golden State Warriors,70,143,16,19,0.48951048951048953,73,0.2191780821917808,2,1.1875,1.1118881118881119
142,1610612744,Restricted Area_Center(C)_Less Than 8 ft._2PT Field Goal,2PT Field Goal,Golden State Warriors,512,771,69,66,0.6640726329442282,259,0.26640926640926643,2,0.9565217391304348,1.4137483787289233
143,1610612744,Right Corner 3_Right Side(R)_24+ ft._3PT Field Goal,3PT Field Goal,Golden State Warriors,43,105,17,19,0.4095238095238095,62,0.27419354838709675,3,1.1176470588235294,1.4095238095238096
144,1610612745,Above the Break 3_Center(C)_24+ ft._3PT Field Goal,3PT Field Goal,Houston Rockets,75,229,27,31,0.32751091703056767,154,0.17532467532467533,3,1.1481481481481481,1.1179039301310043
145,1610612745,Above the Break 3_Left Side Center(LC)_24+ ft._3PT Field Goal,3PT Field Goal,Houston Rockets,133,357,46,44,0.37254901960784315,224,0.20535714285714285,3,0.9565217391304348,1.2408963585434174
146,1610612745,Above the Break 3_Right Side Center(RC)_24+ ft._3PT Field Goal,3PT Field Goal,Houston Rockets,129,431,49,41,0.29930394431554525,302,0.16225165562913907,3,0.8367346938775511,0.9930394431554526
147,1610612745,In The Paint (Non-RA)_Center(C)_8-16 ft._2PT Field Goal,2PT Field Goal,Houston Rockets,32,94,13,12,0.3404255319148936,62,0.20967741935483872,2,0.9230769230769231,0.8085106382978724
148,1610612745,In The Paint (Non-RA)_Center(C)_Less Than 8 ft._2PT Field Goal,2PT Field Goal,Houston Rockets,69,204,38,29,0.3382352941176471,135,0.2814814814814815,2,0.7631578947368421,0.8186274509803922
149,1610612745,In The Paint (Non-RA)_Left Side(L)_8-16 ft._2PT Field Goal,2PT Field Goal,Houston Rockets,5,8,0,0,0.625,3,0.0,2,0.0,1.25
150,1610612745,In The Paint (Non-RA)_Right Side(R)_8-16 ft._2PT Field Goal,2PT Field Goal,Houston Rockets,9,20,3,2,0.45,11,0.2727272727272727,2,0.6666666666666666,1.0
151,1610612745,Left Corner 3_Left Side(L)_24+ ft._3PT Field Goal,3PT Field Goal,Houston Rockets,50,132,19,16,0.3787878787878788,82,0.23170731707317074,3,0.8421052631578947,1.2575757575757573
152,1610612745,Mid-Range_Center(C)_16-24 ft._2PT Field Goal,2PT Field Goal,Houston Rockets,9,18,0,0,0.5,9,0.0,2,0.0,1.0
153,1610612745,Mid-Range_Center(C)_8-16 ft._2PT Field Goal,2PT Field Goal,Houston Rockets,4,13,2,3,0.3076923076923077,9,0.2222222222222222,2,1.5,0.8461538461538461
154,1610612745,Mid-Range_Left Side Center(LC)_16-24 ft._2PT Field Goal,2PT Field Goal,Houston Rockets,3,14,0,0,0.21428571428571427,11,0.0,2,0.0,0.42857142857142855
155,1610612745,Mid-Range_Left Side(L)_16-24 ft._2PT Field Goal,2PT Field Goal,Houston Rockets,2,7,0,0,0.2857142857142857,5,0.0,2,0.0,0.5714285714285714
156,1610612745,Mid-Range_Left Side(L)_8-16 ft._2PT Field Goal,2PT Field Goal,Houston Rockets,10,28,6,3,0.35714285714285715,18,0.3333333333333333,2,0.5,0.8214285714285714
157,1610612745,Mid-Range_Right Side Center(RC)_16-24 ft._2PT Field Goal,2PT Field Goal,Houston Rockets,5,14,3,5,0.35714285714285715,9,0.3333333333333333,2,1.6666666666666667,1.0714285714285714
158,1610612745,Mid-Range_Right Side(R)_16-24 ft._2PT Field Goal,2PT Field Goal,Houston Rockets,6,7,0,0,0.8571428571428571,1,0.0,2,0.0,1.7142857142857142
159,1610612745,Mid-Range_Right Side(R)_8-16 ft._2PT Field Goal,2PT Field Goal,Houston Rockets,21,42,2,0,0.5,21,0.09523809523809523,2,0.0,1.0
160,1610612745,Restricted Area_Center(C)_Less Than 8 ft._2PT Field Goal,2PT Field Goal,Houston Rockets,573,900,104,110,0.6366666666666667,327,0.3180428134556575,2,1.0576923076923077,1.3955555555555557
161,1610612745,Right Corner 3_Right Side(R)_24+ ft._3PT Field Goal,3PT Field Goal,Houston Rockets,80,198,25,31,0.40404040404040403,118,0.211864406779661,3,1.24,1.3686868686868687
162,1610612746,Above the Break 3_Center(C)_24+ ft._3PT Field Goal,3PT Field Goal,LA Clippers,61,160,16,20,0.38125,99,0.16161616161616163,3,1.25,1.2687499999999998
163,1610612746,Above the Break 3_Left Side Center(LC)_24+ ft._3PT Field Goal,3PT Field Goal,LA Clippers,88,251,26,32,0.350597609561753,163,0.15950920245398773,3,1.2307692307692308,1.1792828685258963
164,1610612746,Above the Break 3_Right Side Center(RC)_24+ ft._3PT Field Goal,3PT Field Goal,LA Clippers,92,229,28,24,0.4017467248908297,137,0.20437956204379562,3,0.8571428571428571,1.3100436681222707
165,1610612746,In The Paint (Non-RA)_Center(C)_8-16 ft._2PT Field Goal,2PT Field Goal,LA Clippers,84,196,25,26,0.42857142857142855,112,0.22321428571428573,2,1.04,0.9897959183673469
166,1610612746,In The Paint (Non-RA)_Center(C)_Less Than 8 ft._2PT Field Goal,2PT Field Goal,LA Clippers,114,272,37,38,0.41911764705882354,158,0.23417721518987342,2,1.027027027027027,0.9779411764705882
167,1610612746,In The Paint (Non-RA)_Left Side(L)_8-16 ft._2PT Field Goal,2PT Field Goal,LA Clippers,21,42,4,0,0.5,21,0.19047619047619047,2,0.0,1.0
168,1610612746,In The Paint (Non-RA)_Right Side(R)_8-16 ft._2PT Field Goal,2PT Field Goal,LA Clippers,16,38,2,2,0.42105263157894735,22,0.09090909090909091,2,1.0,0.8947368421052632
169,1610612746,Left Corner 3_Left Side(L)_24+ ft._3PT Field Goal,3PT Field Goal,LA Clippers,41,94,8,6,0.43617021276595747,53,0.1509433962264151,3,0.75,1.372340425531915
170,1610612746,Mid-Range_Center(C)_16-24 ft._2PT Field Goal,2PT Field Goal,LA Clippers,46,99,4,7,0.46464646464646464,53,0.07547169811320754,2,1.75,1.0
171,1610612746,Mid-Range_Center(C)_8-16 ft._2PT Field Goal,2PT Field Goal,LA Clippers,18,39,5,7,0.46153846153846156,21,0.23809523809523808,2,1.4,1.1025641025641026
172,1610612746,Mid-Range_Left Side Center(LC)_16-24 ft._2PT Field Goal,2PT Field Goal,LA Clippers,42,97,7,10,0.4329896907216495,55,0.12727272727272726,2,1.4285714285714286,0.9690721649484536
173,1610612746,Mid-Range_Left Side(L)_16-24 ft._2PT Field Goal,2PT Field Goal,LA Clippers,13,31,2,0,0.41935483870967744,18,0.1111111111111111,2,0.0,0.8387096774193549
174,1610612746,Mid-Range_Left Side(L)_8-16 ft._2PT Field Goal,2PT Field Goal,LA Clippers,38,88,6,4,0.4318181818181818,50,0.12,2,0.6666666666666666,0.9090909090909091
175,1610612746,Mid-Range_Right Side Center(RC)_16-24 ft._2PT Field Goal,2PT Field Goal,LA Clippers,29,83,5,3,0.3493975903614458,54,0.09259259259259259,2,0.6,0.7349397590361446
176,1610612746,Mid-Range_Right Side(R)_16-24 ft._2PT Field Goal,2PT Field Goal,LA Clippers,3,12,1,0,0.25,9,0.1111111111111111,2,0.0,0.5
177,1610612746,Mid-Range_Right Side(R)_8-16 ft._2PT Field Goal,2PT Field Goal,LA Clippers,19,51,4,4,0.37254901960784315,32,0.125,2,1.0,0.8235294117647058
178,1610612746,Restricted Area_Center(C)_Less Than 8 ft._2PT Field Goal,2PT Field Goal,LA Clippers,603,996,114,130,0.6054216867469879,393,0.2900763358778626,2,1.1403508771929824,1.3413654618473896
179,1610612746,Right Corner 3_Right Side(R)_24+ ft._3PT Field Goal,3PT Field Goal,LA Clippers,30,71,13,15,0.4225352112676056,41,0.3170731707317073,3,1.1538461538461537,1.4788732394366197
180,1610612747,Above the Break 3_Center(C)_24+ ft._3PT Field Goal,3PT Field Goal,Los Angeles Lakers,51,146,8,5,0.3493150684931507,95,0.08421052631578947,3,0.625,1.0821917808219177
181,1610612747,Above the Break 3_Left Side Center(LC)_24+ ft._3PT Field Goal,3PT Field Goal,Los Angeles Lakers,99,337,37,29,0.29376854599406527,238,0.15546218487394958,3,0.7837837837837838,0.9673590504451037
182,1610612747,Above the Break 3_Right Side Center(RC)_24+ ft._3PT Field Goal,3PT Field Goal,Los Angeles Lakers,116,300,23,28,0.38666666666666666,184,0.125,3,1.2173913043478262,1.2533333333333332
183,1610612747,In The Paint (Non-RA)_Center(C)_8-16 ft._2PT Field Goal,2PT Field Goal,Los Angeles Lakers,56,129,19,23,0.43410852713178294,73,0.2602739726027397,2,1.2105263157894737,1.0465116279069768
184,1610612747,In The Paint (Non-RA)_Center(C)_Less Than 8 ft._2PT Field Goal,2PT Field Goal,Los Angeles Lakers,68,195,25,24,0.3487179487179487,127,0.1968503937007874,2,0.96,0.8205128205128205
185,1610612747,In The Paint (Non-RA)_Left Side(L)_8-16 ft._2PT Field Goal,2PT Field Goal,Los Angeles Lakers,7,17,4,6,0.4117647058823529,10,0.4,2,1.5,1.1764705882352942
186,1610612747,In The Paint (Non-RA)_Right Side(R)_8-16 ft._2PT Field Goal,2PT Field Goal,Los Angeles Lakers,2,16,8,9,0.125,14,0.5714285714285714,2,1.125,0.8125
187,1610612747,Left Corner 3_Left Side(L)_24+ ft._3PT Field Goal,3PT Field Goal,Los Angeles Lakers,39,109,13,16,0.3577981651376147,70,0.18571428571428572,3,1.2307692307692308,1.2201834862385321
188,1610612747,Mid-Range_Center(C)_16-24 ft._2PT Field Goal,2PT Field Goal,Los Angeles Lakers,28,56,5,4,0.5,28,0.17857142857142858,2,0.8,1.0714285714285714
189,1610612747,Mid-Range_Center(C)_8-16 ft._2PT Field Goal,2PT Field Goal,Los Angeles Lakers,6,29,4,2,0.20689655172413793,23,0.17391304347826086,2,0.5,0.48275862068965514
190,1610612747,Mid-Range_Left Side Center(LC)_16-24 ft._2PT Field Goal,2PT Field Goal,Los Angeles Lakers,22,71,10,15,0.30985915492957744,49,0.20408163265306123,2,1.5,0.8309859154929577
191,1610612747,Mid-Range_Left Side(L)_16-24 ft._2PT Field Goal,2PT Field Goal,Los Angeles Lakers,13,24,4,7,0.5416666666666666,11,0.36363636363636365,2,1.75,1.375
192,1610612747,Mid-Range_Left Side(L)_8-16 ft._2PT Field Goal,2PT Field Goal,Los Angeles Lakers,16,44,6,7,0.36363636363636365,28,0.21428571428571427,2,1.1666666666666667,0.8863636363636364
193,1610612747,Mid-Range_Right Side Center(RC)_16-24 ft._2PT Field Goal,2PT Field Goal,Los Angeles Lakers,27,72,5,8,0.375,45,0.1111111111111111,2,1.6,0.8611111111111112
194,1610612747,Mid-Range_Right Side(R)_16-24 ft._2PT Field Goal,2PT Field Goal,Los Angeles Lakers,11,18,2,2,0.6111111111111112,7,0.2857142857142857,2,1.0,1.3333333333333335
195,1610612747,Mid-Range_Right Side(R)_8-16 ft._2PT Field Goal,2PT Field Goal,Los Angeles Lakers,28,73,9,11,0.3835616438356164,45,0.2,2,1.2222222222222223,0.9178082191780822
196,1610612747,Restricted Area_Center(C)_Less Than 8 ft._2PT Field Goal,2PT Field Goal,Los Angeles Lakers,780,1198,123,126,0.6510851419031719,418,0.2942583732057416,2,1.024390243902439,1.4073455759599331
197,1610612747,Right Corner 3_Right Side(R)_24+ ft._3PT Field Goal,3PT Field Goal,Los Angeles Lakers,49,123,9,15,0.3983739837398374,74,0.12162162162162163,3,1.6666666666666667,1.3170731707317072
198,1610612748,Above the Break 3_Center(C)_24+ ft._3PT Field Goal,3PT Field Goal,Miami Heat,67,176,23,23,0.3806818181818182,109,0.21100917431192662,3,1.0,1.2727272727272727
199,1610612748,Above the Break 3_Left Side Center(LC)_24+ ft._3PT Field Goal,3PT Field Goal,Miami Heat,124,351,35,35,0.35327635327635326,227,0.15418502202643172,3,1.0,1.1595441595441596
200,1610612748,Above the Break 3_Right Side Center(RC)_24+ ft._3PT Field Goal,3PT Field Goal,Miami Heat,103,306,40,45,0.3366013071895425,203,0.19704433497536947,3,1.125,1.156862745098039
201,1610612748,In The Paint (Non-RA)_Center(C)_8-16 ft._2PT Field Goal,2PT Field Goal,Miami Heat,80,225,33,32,0.35555555555555557,145,0.22758620689655173,2,0.9696969696969697,0.8533333333333334
202,1610612748,In The Paint (Non-RA)_Center(C)_Less Than 8 ft._2PT Field Goal,2PT Field Goal,Miami Heat,96,268,58,51,0.3582089552238806,172,0.3372093023255814,2,0.8793103448275862,0.9067164179104478
203,1610612748,In The Paint (Non-RA)_Left Side(L)_8-16 ft._2PT Field Goal,2PT Field Goal,Miami Heat,5,21,3,4,0.23809523809523808,16,0.1875,2,1.3333333333333333,0.6666666666666666
204,1610612748,In The Paint (Non-RA)_Right Side(R)_8-16 ft._2PT Field Goal,2PT Field Goal,Miami Heat,7,21,5,8,0.3333333333333333,14,0.35714285714285715,2,1.6,1.0476190476190477
205,1610612748,Left Corner 3_Left Side(L)_24+ ft._3PT Field Goal,3PT Field Goal,Miami Heat,59,137,15,7,0.4306569343065693,78,0.19230769230769232,3,0.4666666666666667,1.3430656934306568
206,1610612748,Mid-Range_Center(C)_16-24 ft._2PT Field Goal,2PT Field Goal,Miami Heat,11,46,10,8,0.2391304347826087,35,0.2857142857142857,2,0.8,0.6521739130434783
207,1610612748,Mid-Range_Center(C)_8-16 ft._2PT Field Goal,2PT Field Goal,Miami Heat,7,19,1,2,0.3684210526315789,12,0.08333333333333333,2,2.0,0.8421052631578947
208,1610612748,Mid-Range_Left Side Center(LC)_16-24 ft._2PT Field Goal,2PT Field Goal,Miami Heat,14,41,6,9,0.34146341463414637,27,0.2222222222222222,2,1.5,0.9024390243902439
209,1610612748,Mid-Range_Left Side(L)_16-24 ft._2PT Field Goal,2PT Field Goal,Miami Heat,7,25,4,6,0.28,18,0.2222222222222222,2,1.5,0.8
210,1610612748,Mid-Range_Left Side(L)_8-16 ft._2PT Field Goal,2PT Field Goal,Miami Heat,30,84,7,6,0.35714285714285715,54,0.12962962962962962,2,0.8571428571428571,0.7857142857142857
211,1610612748,Mid-Range_Right Side Center(RC)_16-24 ft._2PT Field Goal,2PT Field Goal,Miami Heat,12,30,1,0,0.4,18,0.05555555555555555,2,0.0,0.8
212,1610612748,Mid-Range_Right Side(R)_16-24 ft._2PT Field Goal,2PT Field Goal,Miami Heat,0,10,3,2,0.0,10,0.3,2,0.6666666666666666,0.19999999999999998
213,1610612748,Mid-Range_Right Side(R)_8-16 ft._2PT Field Goal,2PT Field Goal,Miami Heat,20,55,15,15,0.36363636363636365,35,0.42857142857142855,2,1.0,1.0
214,1610612748,Restricted Area_Center(C)_Less Than 8 ft._2PT Field Goal,2PT Field Goal,Miami Heat,552,921,117,112,0.5993485342019544,369,0.3170731707317073,2,0.9572649572649573,1.3203040173724214
215,1610612748,Right Corner 3_Right Side(R)_24+ ft._3PT Field Goal,3PT Field Goal,Miami Heat,32,103,11,14,0.3106796116504854,71,0.15492957746478872,3,1.2727272727272727,1.0679611650485437
216,1610612749,Above the Break 3_Center(C)_24+ ft._3PT Field Goal,3PT Field Goal,Milwaukee Bucks,93,293,36,36,0.3174061433447099,200,0.18,3,1.0,1.075085324232082
217,1610612749,Above the Break 3_Left Side Center(LC)_24+ ft._3PT Field Goal,3PT Field Goal,Milwaukee Bucks,125,371,40,36,0.33692722371967654,246,0.16260162601626016,3,0.9,1.1078167115902964
218,1610612749,Above the Break 3_Right Side Center(RC)_24+ ft._3PT Field Goal,3PT Field Goal,Milwaukee Bucks,117,327,40,40,0.3577981651376147,210,0.19047619047619047,3,1.0,1.1957186544342508
219,1610612749,In The Paint (Non-RA)_Center(C)_8-16 ft._2PT Field Goal,2PT Field Goal,Milwaukee Bucks,32,98,11,9,0.32653061224489793,66,0.16666666666666666,2,0.8181818181818182,0.7448979591836734
220,1610612749,In The Paint (Non-RA)_Center(C)_Less Than 8 ft._2PT Field Goal,2PT Field Goal,Milwaukee Bucks,54,160,29,25,0.3375,106,0.27358490566037735,2,0.8620689655172413,0.83125
221,1610612749,In The Paint (Non-RA)_Left Side(L)_8-16 ft._2PT Field Goal,2PT Field Goal,Milwaukee Bucks,9,18,0,0,0.5,9,0.0,2,0.0,1.0
222,1610612749,In The Paint (Non-RA)_Right Side(R)_8-16 ft._2PT Field Goal,2PT Field Goal,Milwaukee Bucks,6,16,6,4,0.375,10,0.6,2,0.6666666666666666,1.0
223,1610612749,Left Corner 3_Left Side(L)_24+ ft._3PT Field Goal,3PT Field Goal,Milwaukee Bucks,48,126,17,12,0.38095238095238093,78,0.21794871794871795,3,0.7058823529411765,1.2380952380952381
224,1610612749,Mid-Range_Center(C)_16-24 ft._2PT Field Goal,2PT Field Goal,Milwaukee Bucks,14,37,3,2,0.3783783783783784,23,0.13043478260869565,2,0.6666666666666666,0.8108108108108109
225,1610612749,Mid-Range_Center(C)_8-16 ft._2PT Field Goal,2PT Field Goal,Milwaukee Bucks,4,13,2,0,0.3076923076923077,9,0.2222222222222222,2,0.0,0.6153846153846154
226,1610612749,Mid-Range_Left Side Center(LC)_16-24 ft._2PT Field Goal,2PT Field Goal,Milwaukee Bucks,11,31,2,0,0.3548387096774194,20,0.1,2,0.0,0.7096774193548387
227,1610612749,Mid-Range_Left Side(L)_16-24 ft._2PT Field Goal,2PT Field Goal,Milwaukee Bucks,5,14,0,0,0.35714285714285715,9,0.0,2,0.0,0.7142857142857143
228,1610612749,Mid-Range_Left Side(L)_8-16 ft._2PT Field Goal,2PT Field Goal,Milwaukee Bucks,12,37,0,0,0.32432432432432434,25,0.0,2,0.0,0.6486486486486487
229,1610612749,Mid-Range_Right Side Center(RC)_16-24 ft._2PT Field Goal,2PT Field Goal,Milwaukee Bucks,6,35,6,9,0.17142857142857143,29,0.20689655172413793,2,1.5,0.6
230,1610612749,Mid-Range_Right Side(R)_16-24 ft._2PT Field Goal,2PT Field Goal,Milwaukee Bucks,3,10,1,0,0.3,7,0.14285714285714285,2,0.0,0.6
231,1610612749,Mid-Range_Right Side(R)_8-16 ft._2PT Field Goal,2PT Field Goal,Milwaukee Bucks,12,33,1,0,0.36363636363636365,21,0.047619047619047616,2,0.0,0.7272727272727273
232,1610612749,Restricted Area_Center(C)_Less Than 8 ft._2PT Field Goal,2PT Field Goal,Milwaukee Bucks,758,1113,94,97,0.6810422282120395,355,0.2647887323943662,2,1.0319148936170213,1.4492362982929021
233,1610612749,Right Corner 3_Right Side(R)_24+ ft._3PT Field Goal,3PT Field Goal,Milwaukee Bucks,53,144,16,18,0.3680555555555556,91,0.17582417582417584,3,1.125,1.2291666666666667
234,1610612750,Above the Break 3_Center(C)_24+ ft._3PT Field Goal,3PT Field Goal,Minnesota Timberwolves,75,203,21,22,0.3694581280788177,128,0.1640625,3,1.0476190476190477,1.2167487684729066
235,1610612750,Above the Break 3_Left Side Center(LC)_24+ ft._3PT Field Goal,3PT Field Goal,Minnesota Timberwolves,97,285,31,33,0.34035087719298246,188,0.16489361702127658,3,1.064516129032258,1.1368421052631579
236,1610612750,Above the Break 3_Right Side Center(RC)_24+ ft._3PT Field Goal,3PT Field Goal,Minnesota Timberwolves,84,227,32,44,0.3700440528634361,143,0.22377622377622378,3,1.375,1.303964757709251
237,1610612750,In The Paint (Non-RA)_Center(C)_8-16 ft._2PT Field Goal,2PT Field Goal,Minnesota Timberwolves,68,160,26,29,0.425,92,0.2826086956521739,2,1.1153846153846154,1.03125
238,1610612750,In The Paint (Non-RA)_Center(C)_Less Than 8 ft._2PT Field Goal,2PT Field Goal,Minnesota Timberwolves,139,336,47,52,0.41369047619047616,197,0.23857868020304568,2,1.1063829787234043,0.9821428571428571
239,1610612750,In The Paint (Non-RA)_Left Side(L)_8-16 ft._2PT Field Goal,2PT Field Goal,Minnesota Timberwolves,15,39,2,2,0.38461538461538464,24,0.08333333333333333,2,1.0,0.8205128205128206
240,1610612750,In The Paint (Non-RA)_Right Side(R)_8-16 ft._2PT Field Goal,2PT Field Goal,Minnesota Timberwolves,7,24,5,5,0.2916666666666667,17,0.29411764705882354,2,1.0,0.7916666666666667
241,1610612750,Left Corner 3_Left Side(L)_24+ ft._3PT Field Goal,3PT Field Goal,Minnesota Timberwolves,53,126,16,23,0.42063492063492064,73,0.2191780821917808,3,1.4375,1.4444444444444444
242,1610612750,Mid-Range_Center(C)_16-24 ft._2PT Field Goal,2PT Field Goal,Minnesota Timberwolves,27,82,12,18,0.32926829268292684,55,0.21818181818181817,2,1.5,0.8780487804878049
243,1610612750,Mid-Range_Center(C)_8-16 ft._2PT Field Goal,2PT Field Goal,Minnesota Timberwolves,13,34,7,8,0.38235294117647056,21,0.3333333333333333,2,1.1428571428571428,0.9999999999999999
244,1610612750,Mid-Range_Left Side Center(LC)_16-24 ft._2PT Field Goal,2PT Field Goal,Minnesota Timberwolves,35,104,6,6,0.33653846153846156,69,0.08695652173913043,2,1.0,0.7307692307692308
245,1610612750,Mid-Range_Left Side(L)_16-24 ft._2PT Field Goal,2PT Field Goal,Minnesota Timberwolves,19,51,6,4,0.37254901960784315,32,0.1875,2,0.6666666666666666,0.8235294117647058
246,1610612750,Mid-Range_Left Side(L)_8-16 ft._2PT Field Goal,2PT Field Goal,Minnesota Timberwolves,39,92,8,12,0.42391304347826086,53,0.1509433962264151,2,1.5,0.9782608695652174
247,1610612750,Mid-Range_Right Side Center(RC)_16-24 ft._2PT Field Goal,2PT Field Goal,Minnesota Timberwolves,24,77,7,8,0.3116883116883117,53,0.1320754716981132,2,1.1428571428571428,0.7272727272727273
248,1610612750,Mid-Range_Right Side(R)_16-24 ft._2PT Field Goal,2PT Field Goal,Minnesota Timberwolves,13,39,2,0,0.3333333333333333,26,0.07692307692307693,2,0.0,0.6666666666666666
249,1610612750,Mid-Range_Right Side(R)_8-16 ft._2PT Field Goal,2PT Field Goal,Minnesota Timberwolves,35,90,10,9,0.3888888888888889,55,0.18181818181818182,2,0.9,0.8777777777777778
250,1610612750,Restricted Area_Center(C)_Less Than 8 ft._2PT Field Goal,2PT Field Goal,Minnesota Timberwolves,564,905,99,102,0.6232044198895028,341,0.2903225806451613,2,1.0303030303030303,1.3591160220994476
251,1610612750,Right Corner 3_Right Side(R)_24+ ft._3PT Field Goal,3PT Field Goal,Minnesota Timberwolves,31,88,11,13,0.3522727272727273,57,0.19298245614035087,3,1.1818181818181819,1.2045454545454546
252,1610612751,Above the Break 3_Center(C)_24+ ft._3PT Field Goal,3PT Field Goal,Brooklyn Nets,76,252,28,21,0.30158730158730157,176,0.1590909090909091,3,0.75,0.988095238095238
253,1610612751,Above the Break 3_Left Side Center(LC)_24+ ft._3PT Field Goal,3PT Field Goal,Brooklyn Nets,131,321,35,26,0.40809968847352024,190,0.18421052631578946,3,0.7428571428571429,1.3052959501557633
254,1610612751,Above the Break 3_Right Side Center(RC)_24+ ft._3PT Field Goal,3PT Field Goal,Brooklyn Nets,112,333,55,51,0.33633633633633636,221,0.248868778280543,3,0.9272727272727272,1.1621621621621623
255,1610612751,In The Paint (Non-RA)_Center(C)_8-16 ft._2PT Field Goal,2PT Field Goal,Brooklyn Nets,73,163,19,17,0.44785276073619634,90,0.2111111111111111,2,0.8947368421052632,1.0
256,1610612751,In The Paint (Non-RA)_Center(C)_Less Than 8 ft._2PT Field Goal,2PT Field Goal,Brooklyn Nets,113,317,59,55,0.35646687697160884,204,0.28921568627450983,2,0.9322033898305084,0.886435331230284
257,1610612751,In The Paint (Non-RA)_Left Side(L)_8-16 ft._2PT Field Goal,2PT Field Goal,Brooklyn Nets,16,35,6,6,0.45714285714285713,19,0.3157894736842105,2,1.0,1.0857142857142856
258,1610612751,In The Paint (Non-RA)_Right Side(R)_8-16 ft._2PT Field Goal,2PT Field Goal,Brooklyn Nets,8,25,3,3,0.32,17,0.17647058823529413,2,1.0,0.76
259,1610612751,Left Corner 3_Left Side(L)_24+ ft._3PT Field Goal,3PT Field Goal,Brooklyn Nets,52,125,20,24,0.416,73,0.273972602739726,3,1.2,1.44
260,1610612751,Mid-Range_Center(C)_16-24 ft._2PT Field Goal,2PT Field Goal,Brooklyn Nets,16,44,2,2,0.36363636363636365,28,0.07142857142857142,2,1.0,0.7727272727272727
261,1610612751,Mid-Range_Center(C)_8-16 ft._2PT Field Goal,2PT Field Goal,Brooklyn Nets,8,22,4,6,0.36363636363636365,14,0.2857142857142857,2,1.5,1.0
262,1610612751,Mid-Range_Left Side Center(LC)_16-24 ft._2PT Field Goal,2PT Field Goal,Brooklyn Nets,18,50,6,4,0.36,32,0.1875,2,0.6666666666666666,0.7999999999999999
263,1610612751,Mid-Range_Left Side(L)_16-24 ft._2PT Field Goal,2PT Field Goal,Brooklyn Nets,8,25,3,2,0.32,17,0.17647058823529413,2,0.6666666666666666,0.72
264,1610612751,Mid-Range_Left Side(L)_8-16 ft._2PT Field Goal,2PT Field Goal,Brooklyn Nets,18,44,4,0,0.4090909090909091,26,0.15384615384615385,2,0.0,0.8181818181818182
265,1610612751,Mid-Range_Right Side Center(RC)_16-24 ft._2PT Field Goal,2PT Field Goal,Brooklyn Nets,16,45,2,2,0.35555555555555557,29,0.06896551724137931,2,1.0,0.7555555555555555
266,1610612751,Mid-Range_Right Side(R)_16-24 ft._2PT Field Goal,2PT Field Goal,Brooklyn Nets,6,15,0,0,0.4,9,0.0,2,0.0,0.8
267,1610612751,Mid-Range_Right Side(R)_8-16 ft._2PT Field Goal,2PT Field Goal,Brooklyn Nets,12,45,10,15,0.26666666666666666,33,0.30303030303030304,2,1.5,0.8666666666666667
268,1610612751,Restricted Area_Center(C)_Less Than 8 ft._2PT Field Goal,2PT Field Goal,Brooklyn Nets,648,1058,121,125,0.6124763705103969,410,0.2951219512195122,2,1.0330578512396693,1.3431001890359167
269,1610612751,Right Corner 3_Right Side(R)_24+ ft._3PT Field Goal,3PT Field Goal,Brooklyn Nets,52,133,13,10,0.39097744360902253,81,0.16049382716049382,3,0.7692307692307693,1.2481203007518795
270,1610612752,Above the Break 3_Center(C)_24+ ft._3PT Field Goal,3PT Field Goal,New York Knicks,87,238,26,28,0.36554621848739494,151,0.17218543046357615,3,1.0769230769230769,1.2142857142857142
271,1610612752,Above the Break 3_Left Side Center(LC)_24+ ft._3PT Field Goal,3PT Field Goal,New York Knicks,105,310,39,31,0.3387096774193548,205,0.1902439024390244,3,0.7948717948717948,1.1161290322580646
272,1610612752,Above the Break 3_Right Side Center(RC)_24+ ft._3PT Field Goal,3PT Field Goal,New York Knicks,97,284,36,33,0.3415492957746479,187,0.1925133689839572,3,0.9166666666666666,1.140845070422535
273,1610612752,In The Paint (Non-RA)_Center(C)_8-16 ft._2PT Field Goal,2PT Field Goal,New York Knicks,59,161,34,34,0.36645962732919257,102,0.3333333333333333,2,1.0,0.9440993788819876
274,1610612752,In The Paint (Non-RA)_Center(C)_Less Than 8 ft._2PT Field Goal,2PT Field Goal,New York Knicks,90,238,38,36,0.37815126050420167,148,0.25675675675675674,2,0.9473684210526315,0.907563025210084
275,1610612752,In The Paint (Non-RA)_Left Side(L)_8-16 ft._2PT Field Goal,2PT Field Goal,New York Knicks,10,25,5,4,0.4,15,0.3333333333333333,2,0.8,0.9600000000000001
276,1610612752,In The Paint (Non-RA)_Right Side(R)_8-16 ft._2PT Field Goal,2PT Field Goal,New York Knicks,5,21,6,4,0.23809523809523808,16,0.375,2,0.6666666666666666,0.6666666666666666
277,1610612752,Left Corner 3_Left Side(L)_24+ ft._3PT Field Goal,3PT Field Goal,New York Knicks,27,76,12,15,0.35526315789473684,49,0.24489795918367346,3,1.25,1.2631578947368423
278,1610612752,Mid-Range_Center(C)_16-24 ft._2PT Field Goal,2PT Field Goal,New York Knicks,51,125,11,9,0.408,74,0.14864864864864866,2,0.8181818181818182,0.888
279,1610612752,Mid-Range_Center(C)_8-16 ft._2PT Field Goal,2PT Field Goal,New York Knicks,22,52,6,3,0.4230769230769231,30,0.2,2,0.5,0.9038461538461539
280,1610612752,Mid-Range_Left Side Center(LC)_16-24 ft._2PT Field Goal,2PT Field Goal,New York Knicks,41,91,9,8,0.45054945054945056,50,0.18,2,0.8888888888888888,0.989010989010989
281,1610612752,Mid-Range_Left Side(L)_16-24 ft._2PT Field Goal,2PT Field Goal,New York Knicks,13,26,1,2,0.5,13,0.07692307692307693,2,2.0,1.0769230769230769
282,1610612752,Mid-Range_Left Side(L)_8-16 ft._2PT Field Goal,2PT Field Goal,New York Knicks,26,64,7,4,0.40625,38,0.18421052631578946,2,0.5714285714285714,0.875
283,1610612752,Mid-Range_Right Side Center(RC)_16-24 ft._2PT Field Goal,2PT Field Goal,New York Knicks,57,123,9,10,0.4634146341463415,66,0.13636363636363635,2,1.1111111111111112,1.0081300813008132
284,1610612752,Mid-Range_Right Side(R)_16-24 ft._2PT Field Goal,2PT Field Goal,New York Knicks,9,23,4,2,0.391304347826087,14,0.2857142857142857,2,0.5,0.8695652173913044
285,1610612752,Mid-Range_Right Side(R)_8-16 ft._2PT Field Goal,2PT Field Goal,New York Knicks,31,95,16,19,0.3263157894736842,64,0.25,2,1.1875,0.8526315789473684
286,1610612752,Restricted Area_Center(C)_Less Than 8 ft._2PT Field Goal,2PT Field Goal,New York Knicks,597,1036,117,140,0.5762548262548263,439,0.26651480637813213,2,1.1965811965811965,1.2876447876447876
287,1610612752,Right Corner 3_Right Side(R)_24+ ft._3PT Field Goal,3PT Field Goal,New York Knicks,27,83,6,5,0.3253012048192771,56,0.10714285714285714,3,0.8333333333333334,1.036144578313253
288,1610612753,Above the Break 3_Center(C)_24+ ft._3PT Field Goal,3PT Field Goal,Orlando Magic,60,219,17,23,0.273972602739726,159,0.1069182389937107,3,1.3529411764705883,0.9269406392694064
289,1610612753,Above the Break 3_Left Side Center(LC)_24+ ft._3PT Field Goal,3PT Field Goal,Orlando Magic,126,332,29,33,0.3795180722891566,206,0.1407766990291262,3,1.1379310344827587,1.2379518072289155
290,1610612753,Above the Break 3_Right Side Center(RC)_24+ ft._3PT Field Goal,3PT Field Goal,Orlando Magic,97,252,30,23,0.38492063492063494,155,0.1935483870967742,3,0.7666666666666667,1.246031746031746
291,1610612753,In The Paint (Non-RA)_Center(C)_8-16 ft._2PT Field Goal,2PT Field Goal,Orlando Magic,58,139,13,9,0.4172661870503597,81,0.16049382716049382,2,0.6923076923076923,0.8992805755395683
292,1610612753,In The Paint (Non-RA)_Center(C)_Less Than 8 ft._2PT Field Goal,2PT Field Goal,Orlando Magic,93,252,36,46,0.36904761904761907,159,0.22641509433962265,2,1.2777777777777777,0.9206349206349207
293,1610612753,In The Paint (Non-RA)_Left Side(L)_8-16 ft._2PT Field Goal,2PT Field Goal,Orlando Magic,8,23,2,3,0.34782608695652173,15,0.13333333333333333,2,1.5,0.8260869565217391
294,1610612753,In The Paint (Non-RA)_Right Side(R)_8-16 ft._2PT Field Goal,2PT Field Goal,Orlando Magic,7,19,1,0,0.3684210526315789,12,0.08333333333333333,2,0.0,0.7368421052631579
295,1610612753,Left Corner 3_Left Side(L)_24+ ft._3PT Field Goal,3PT Field Goal,Orlando Magic,51,122,10,15,0.4180327868852459,71,0.14084507042253522,3,1.5,1.3770491803278688
296,1610612753,Mid-Range_Center(C)_16-24 ft._2PT Field Goal,2PT Field Goal,Orlando Magic,38,107,8,11,0.35514018691588783,69,0.11594202898550725,2,1.375,0.8130841121495327
297,1610612753,Mid-Range_Center(C)_8-16 ft._2PT Field Goal,2PT Field Goal,Orlando Magic,16,43,6,2,0.37209302325581395,27,0.2222222222222222,2,0.3333333333333333,0.7906976744186046
298,1610612753,Mid-Range_Left Side Center(LC)_16-24 ft._2PT Field Goal,2PT Field Goal,Orlando Magic,46,101,5,2,0.45544554455445546,55,0.09090909090909091,2,0.4,0.9306930693069307
299,1610612753,Mid-Range_Left Side(L)_16-24 ft._2PT Field Goal,2PT Field Goal,Orlando Magic,9,28,3,4,0.32142857142857145,19,0.15789473684210525,2,1.3333333333333333,0.7857142857142858
300,1610612753,Mid-Range_Left Side(L)_8-16 ft._2PT Field Goal,2PT Field Goal,Orlando Magic,25,68,4,6,0.36764705882352944,43,0.09302325581395349,2,1.5,0.823529411764706
301,1610612753,Mid-Range_Right Side Center(RC)_16-24 ft._2PT Field Goal,2PT Field Goal,Orlando Magic,66,140,8,8,0.4714285714285714,74,0.10810810810810811,2,1.0,1.0
302,1610612753,Mid-Range_Right Side(R)_16-24 ft._2PT Field Goal,2PT Field Goal,Orlando Magic,13,34,3,7,0.38235294117647056,21,0.14285714285714285,2,2.3333333333333335,0.9705882352941176
303,1610612753,Mid-Range_Right Side(R)_8-16 ft._2PT Field Goal,2PT Field Goal,Orlando Magic,29,79,9,9,0.3670886075949367,50,0.18,2,1.0,0.8481012658227849
304,1610612753,Restricted Area_Center(C)_Less Than 8 ft._2PT Field Goal,2PT Field Goal,Orlando Magic,470,749,90,104,0.6275033377837116,279,0.3225806451612903,2,1.1555555555555554,1.3938584779706273
305,1610612753,Right Corner 3_Right Side(R)_24+ ft._3PT Field Goal,3PT Field Goal,Orlando Magic,20,66,7,8,0.30303030303030304,46,0.15217391304347827,3,1.1428571428571428,1.0303030303030305
306,1610612754,Above the Break 3_Center(C)_24+ ft._3PT Field Goal,3PT Field Goal,Indiana Pacers,69,178,13,9,0.38764044943820225,109,0.11926605504587157,3,0.6923076923076923,1.2134831460674158
307,1610612754,Above the Break 3_Left Side Center(LC)_24+ ft._3PT Field Goal,3PT Field Goal,Indiana Pacers,83,237,31,47,0.350210970464135,154,0.2012987012987013,3,1.5161290322580645,1.248945147679325
308,1610612754,Above the Break 3_Right Side Center(RC)_24+ ft._3PT Field Goal,3PT Field Goal,Indiana Pacers,82,221,28,21,0.37104072398190047,139,0.2014388489208633,3,0.75,1.2081447963800906
309,1610612754,In The Paint (Non-RA)_Center(C)_8-16 ft._2PT Field Goal,2PT Field Goal,Indiana Pacers,62,134,12,9,0.4626865671641791,72,0.16666666666666666,2,0.75,0.9925373134328358
310,1610612754,In The Paint (Non-RA)_Center(C)_Less Than 8 ft._2PT Field Goal,2PT Field Goal,Indiana Pacers,102,256,32,34,0.3984375,154,0.2077922077922078,2,1.0625,0.9296875
311,1610612754,In The Paint (Non-RA)_Left Side(L)_8-16 ft._2PT Field Goal,2PT Field Goal,Indiana Pacers,11,27,2,2,0.4074074074074074,16,0.125,2,1.0,0.8888888888888888
312,1610612754,In The Paint (Non-RA)_Right Side(R)_8-16 ft._2PT Field Goal,2PT Field Goal,Indiana Pacers,11,25,2,2,0.44,14,0.14285714285714285,2,1.0,0.96
313,1610612754,Left Corner 3_Left Side(L)_24+ ft._3PT Field Goal,3PT Field Goal,Indiana Pacers,48,120,8,10,0.4,72,0.1111111111111111,3,1.25,1.2833333333333334
314,1610612754,Mid-Range_Center(C)_16-24 ft._2PT Field Goal,2PT Field Goal,Indiana Pacers,60,147,10,10,0.40816326530612246,87,0.11494252873563218,2,1.0,0.8843537414965986
315,1610612754,Mid-Range_Center(C)_8-16 ft._2PT Field Goal,2PT Field Goal,Indiana Pacers,12,34,1,2,0.35294117647058826,22,0.045454545454545456,2,2.0,0.7647058823529412
316,1610612754,Mid-Range_Left Side Center(LC)_16-24 ft._2PT Field Goal,2PT Field Goal,Indiana Pacers,48,109,10,4,0.44036697247706424,61,0.16393442622950818,2,0.4,0.9174311926605505
317,1610612754,Mid-Range_Left Side(L)_16-24 ft._2PT Field Goal,2PT Field Goal,Indiana Pacers,7,24,3,2,0.2916666666666667,17,0.17647058823529413,2,0.6666666666666666,0.6666666666666667
318,1610612754,Mid-Range_Left Side(L)_8-16 ft._2PT Field Goal,2PT Field Goal,Indiana Pacers,20,52,3,4,0.38461538461538464,32,0.09375,2,1.3333333333333333,0.8461538461538463
319,1610612754,Mid-Range_Right Side Center(RC)_16-24 ft._2PT Field Goal,2PT Field Goal,Indiana Pacers,57,142,9,13,0.4014084507042254,85,0.10588235294117647,2,1.4444444444444444,0.8943661971830986
320,1610612754,Mid-Range_Right Side(R)_16-24 ft._2PT Field Goal,2PT Field Goal,Indiana Pacers,14,31,2,2,0.45161290322580644,17,0.11764705882352941,2,1.0,0.967741935483871
321,1610612754,Mid-Range_Right Side(R)_8-16 ft._2PT Field Goal,2PT Field Goal,Indiana Pacers,37,81,6,3,0.4567901234567901,44,0.13636363636363635,2,0.5,0.9506172839506173
322,1610612754,Restricted Area_Center(C)_Less Than 8 ft._2PT Field Goal,2PT Field Goal,Indiana Pacers,627,1006,121,150,0.6232604373757455,379,0.31926121372031663,2,1.2396694214876034,1.3956262425447317
323,1610612754,Right Corner 3_Right Side(R)_24+ ft._3PT Field Goal,3PT Field Goal,Indiana Pacers,32,87,13,10,0.367816091954023,55,0.23636363636363636,3,0.7692307692307693,1.2183908045977012
324,1610612755,Above the Break 3_Center(C)_24+ ft._3PT Field Goal,3PT Field Goal,Philadelphia 76ers,87,273,30,44,0.31868131868131866,186,0.16129032258064516,3,1.4666666666666666,1.1172161172161172
325,1610612755,Above the Break 3_Left Side Center(LC)_24+ ft._3PT Field Goal,3PT Field Goal,Philadelphia 76ers,107,308,41,46,0.3474025974025974,201,0.20398009950248755,3,1.1219512195121952,1.1915584415584415
326,1610612755,Above the Break 3_Right Side Center(RC)_24+ ft._3PT Field Goal,3PT Field Goal,Philadelphia 76ers,117,304,40,30,0.3848684210526316,187,0.21390374331550802,3,0.75,1.2532894736842104
327,1610612755,In The Paint (Non-RA)_Center(C)_8-16 ft._2PT Field Goal,2PT Field Goal,Philadelphia 76ers,59,143,19,18,0.4125874125874126,84,0.2261904761904762,2,0.9473684210526315,0.951048951048951
328,1610612755,In The Paint (Non-RA)_Center(C)_Less Than 8 ft._2PT Field Goal,2PT Field Goal,Philadelphia 76ers,102,262,39,42,0.3893129770992366,160,0.24375,2,1.0769230769230769,0.9389312977099236
329,1610612755,In The Paint (Non-RA)_Left Side(L)_8-16 ft._2PT Field Goal,2PT Field Goal,Philadelphia 76ers,12,31,6,10,0.3870967741935484,19,0.3157894736842105,2,1.6666666666666667,1.096774193548387
330,1610612755,In The Paint (Non-RA)_Right Side(R)_8-16 ft._2PT Field Goal,2PT Field Goal,Philadelphia 76ers,15,35,7,8,0.42857142857142855,20,0.35,2,1.1428571428571428,1.0857142857142856
331,1610612755,Left Corner 3_Left Side(L)_24+ ft._3PT Field Goal,3PT Field Goal,Philadelphia 76ers,30,64,8,9,0.46875,34,0.23529411764705882,3,1.125,1.546875
332,1610612755,Mid-Range_Center(C)_16-24 ft._2PT Field Goal,2PT Field Goal,Philadelphia 76ers,53,114,6,8,0.4649122807017544,61,0.09836065573770492,2,1.3333333333333333,1.0
333,1610612755,Mid-Range_Center(C)_8-16 ft._2PT Field Goal,2PT Field Goal,Philadelphia 76ers,19,37,4,4,0.5135135135135135,18,0.2222222222222222,2,1.0,1.135135135135135
334,1610612755,Mid-Range_Left Side Center(LC)_16-24 ft._2PT Field Goal,2PT Field Goal,Philadelphia 76ers,27,63,3,5,0.42857142857142855,36,0.08333333333333333,2,1.6666666666666667,0.9365079365079365
335,1610612755,Mid-Range_Left Side(L)_16-24 ft._2PT Field Goal,2PT Field Goal,Philadelphia 76ers,18,39,5,6,0.46153846153846156,21,0.23809523809523808,2,1.2,1.0769230769230769
336,1610612755,Mid-Range_Left Side(L)_8-16 ft._2PT Field Goal,2PT Field Goal,Philadelphia 76ers,22,70,8,6,0.3142857142857143,48,0.16666666666666666,2,0.75,0.7142857142857143
337,1610612755,Mid-Range_Right Side Center(RC)_16-24 ft._2PT Field Goal,2PT Field Goal,Philadelphia 76ers,31,72,8,11,0.4305555555555556,41,0.1951219512195122,2,1.375,1.0138888888888888
338,1610612755,Mid-Range_Right Side(R)_16-24 ft._2PT Field Goal,2PT Field Goal,Philadelphia 76ers,8,31,3,2,0.25806451612903225,23,0.13043478260869565,2,0.6666666666666666,0.5806451612903225
339,1610612755,Mid-Range_Right Side(R)_8-16 ft._2PT Field Goal,2PT Field Goal,Philadelphia 76ers,36,89,9,6,0.4044943820224719,53,0.16981132075471697,2,0.6666666666666666,0.8764044943820224
340,1610612755,Restricted Area_Center(C)_Less Than 8 ft._2PT Field Goal,2PT Field Goal,Philadelphia 76ers,618,924,87,89,0.6688311688311688,306,0.28431372549019607,2,1.0229885057471264,1.433982683982684
341,1610612755,Right Corner 3_Right Side(R)_24+ ft._3PT Field Goal,3PT Field Goal,Philadelphia 76ers,35,109,15,14,0.3211009174311927,74,0.20270270270270271,3,0.9333333333333333,1.091743119266055
342,1610612756,Above the Break 3_Center(C)_24+ ft._3PT Field Goal,3PT Field Goal,Phoenix Suns,53,175,15,9,0.3028571428571429,122,0.12295081967213115,3,0.6,0.96
343,1610612756,Above the Break 3_Left Side Center(LC)_24+ ft._3PT Field Goal,3PT Field Goal,Phoenix Suns,95,287,17,12,0.3310104529616725,192,0.08854166666666667,3,0.7058823529411765,1.034843205574913
344,1610612756,Above the Break 3_Right Side Center(RC)_24+ ft._3PT Field Goal,3PT Field Goal,Phoenix Suns,100,280,23,18,0.35714285714285715,180,0.12777777777777777,3,0.782608695652174,1.1357142857142857
345,1610612756,In The Paint (Non-RA)_Center(C)_8-16 ft._2PT Field Goal,2PT Field Goal,Phoenix Suns,86,187,29,32,0.45989304812834225,101,0.2871287128712871,2,1.103448275862069,1.0909090909090908
346,1610612756,In The Paint (Non-RA)_Center(C)_Less Than 8 ft._2PT Field Goal,2PT Field Goal,Phoenix Suns,99,236,40,46,0.4194915254237288,137,0.291970802919708,2,1.15,1.0338983050847457
347,1610612756,In The Paint (Non-RA)_Left Side(L)_8-16 ft._2PT Field Goal,2PT Field Goal,Phoenix Suns,6,28,3,5,0.21428571428571427,22,0.13636363636363635,2,1.6666666666666667,0.6071428571428571
348,1610612756,In The Paint (Non-RA)_Right Side(R)_8-16 ft._2PT Field Goal,2PT Field Goal,Phoenix Suns,15,36,4,6,0.4166666666666667,21,0.19047619047619047,2,1.5,1.0
349,1610612756,Left Corner 3_Left Side(L)_24+ ft._3PT Field Goal,3PT Field Goal,Phoenix Suns,46,126,11,14,0.36507936507936506,80,0.1375,3,1.2727272727272727,1.2063492063492063
350,1610612756,Mid-Range_Center(C)_16-24 ft._2PT Field Goal,2PT Field Goal,Phoenix Suns,46,111,6,3,0.4144144144144144,65,0.09230769230769231,2,0.5,0.8558558558558558
351,1610612756,Mid-Range_Center(C)_8-16 ft._2PT Field Goal,2PT Field Goal,Phoenix Suns,11,38,5,4,0.2894736842105263,27,0.18518518518518517,2,0.8,0.6842105263157895
352,1610612756,Mid-Range_Left Side Center(LC)_16-24 ft._2PT Field Goal,2PT Field Goal,Phoenix Suns,42,79,5,0,0.5316455696202531,37,0.13513513513513514,2,0.0,1.0632911392405062
353,1610612756,Mid-Range_Left Side(L)_16-24 ft._2PT Field Goal,2PT Field Goal,Phoenix Suns,6,14,3,2,0.42857142857142855,8,0.375,2,0.6666666666666666,1.0
354,1610612756,Mid-Range_Left Side(L)_8-16 ft._2PT Field Goal,2PT Field Goal,Phoenix Suns,31,78,12,10,0.3974358974358974,47,0.2553191489361702,2,0.8333333333333334,0.923076923076923
355,1610612756,Mid-Range_Right Side Center(RC)_16-24 ft._2PT Field Goal,2PT Field Goal,Phoenix Suns,26,75,5,5,0.3466666666666667,49,0.10204081632653061,2,1.0,0.76
356,1610612756,Mid-Range_Right Side(R)_16-24 ft._2PT Field Goal,2PT Field Goal,Phoenix Suns,11,19,1,0,0.5789473684210527,8,0.125,2,0.0,1.1578947368421053
357,1610612756,Mid-Range_Right Side(R)_8-16 ft._2PT Field Goal,2PT Field Goal,Phoenix Suns,25,74,5,9,0.33783783783783783,49,0.10204081632653061,2,1.8,0.7972972972972973
358,1610612756,Restricted Area_Center(C)_Less Than 8 ft._2PT Field Goal,2PT Field Goal,Phoenix Suns,605,970,95,97,0.6237113402061856,365,0.2602739726027397,2,1.0210526315789474,1.3474226804123712
359,1610612756,Right Corner 3_Right Side(R)_24+ ft._3PT Field Goal,3PT Field Goal,Phoenix Suns,40,128,17,27,0.3125,88,0.19318181818181818,3,1.588235294117647,1.1484375
360,1610612757,Above the Break 3_Center(C)_24+ ft._3PT Field Goal,3PT Field Goal,Portland Trail Blazers,90,246,26,15,0.36585365853658536,156,0.16666666666666666,3,0.5769230769230769,1.1585365853658538
361,1610612757,Above the Break 3_Left Side Center(LC)_24+ ft._3PT Field Goal,3PT Field Goal,Portland Trail Blazers,118,318,38,36,0.3710691823899371,200,0.19,3,0.9473684210526315,1.2264150943396226
362,1610612757,Above the Break 3_Right Side Center(RC)_24+ ft._3PT Field Goal,3PT Field Goal,Portland Trail Blazers,95,277,42,39,0.34296028880866425,182,0.23076923076923078,3,0.9285714285714286,1.1696750902527075
363,1610612757,In The Paint (Non-RA)_Center(C)_8-16 ft._2PT Field Goal,2PT Field Goal,Portland Trail Blazers,52,137,18,18,0.3795620437956204,85,0.21176470588235294,2,1.0,0.8905109489051095
364,1610612757,In The Paint (Non-RA)_Center(C)_Less Than 8 ft._2PT Field Goal,2PT Field Goal,Portland Trail Blazers,79,218,40,50,0.3623853211009174,139,0.28776978417266186,2,1.25,0.9541284403669725
365,1610612757,In The Paint (Non-RA)_Left Side(L)_8-16 ft._2PT Field Goal,2PT Field Goal,Portland Trail Blazers,10,20,2,2,0.5,10,0.2,2,1.0,1.1
366,1610612757,In The Paint (Non-RA)_Right Side(R)_8-16 ft._2PT Field Goal,2PT Field Goal,Portland Trail Blazers,6,17,1,0,0.35294117647058826,11,0.09090909090909091,2,0.0,0.7058823529411765
367,1610612757,Left Corner 3_Left Side(L)_24+ ft._3PT Field Goal,3PT Field Goal,Portland Trail Blazers,33,96,16,14,0.34375,63,0.25396825396825395,3,0.875,1.1770833333333333
368,1610612757,Mid-Range_Center(C)_16-24 ft._2PT Field Goal,2PT Field Goal,Portland Trail Blazers,33,79,9,12,0.4177215189873418,46,0.1956521739130435,2,1.3333333333333333,0.9873417721518988
369,1610612757,Mid-Range_Center(C)_8-16 ft._2PT Field Goal,2PT Field Goal,Portland Trail Blazers,25,54,6,4,0.46296296296296297,29,0.20689655172413793,2,0.6666666666666666,1.0
370,1610612757,Mid-Range_Left Side Center(LC)_16-24 ft._2PT Field Goal,2PT Field Goal,Portland Trail Blazers,35,93,15,14,0.3763440860215054,58,0.25862068965517243,2,0.9333333333333333,0.903225806451613
371,1610612757,Mid-Range_Left Side(L)_16-24 ft._2PT Field Goal,2PT Field Goal,Portland Trail Blazers,12,30,1,0,0.4,18,0.05555555555555555,2,0.0,0.8
372,1610612757,Mid-Range_Left Side(L)_8-16 ft._2PT Field Goal,2PT Field Goal,Portland Trail Blazers,26,58,7,11,0.4482758620689655,32,0.21875,2,1.5714285714285714,1.0862068965517242
373,1610612757,Mid-Range_Right Side Center(RC)_16-24 ft._2PT Field Goal,2PT Field Goal,Portland Trail Blazers,44,80,4,5,0.55,36,0.1111111111111111,2,1.25,1.1625
374,1610612757,Mid-Range_Right Side(R)_16-24 ft._2PT Field Goal,2PT Field Goal,Portland Trail Blazers,13,42,2,2,0.30952380952380953,29,0.06896551724137931,2,1.0,0.6666666666666667
375,1610612757,Mid-Range_Right Side(R)_8-16 ft._2PT Field Goal,2PT Field Goal,Portland Trail Blazers,40,71,5,3,0.5633802816901409,31,0.16129032258064516,2,0.6,1.1690140845070423
376,1610612757,Restricted Area_Center(C)_Less Than 8 ft._2PT Field Goal,2PT Field Goal,Portland Trail Blazers,610,1029,125,123,0.5928085519922255,419,0.29832935560859186,2,0.984,1.305150631681244
377,1610612757,Right Corner 3_Right Side(R)_24+ ft._3PT Field Goal,3PT Field Goal,Portland Trail Blazers,24,67,9,12,0.3582089552238806,43,0.20930232558139536,3,1.3333333333333333,1.2537313432835822
378,1610612758,Above the Break 3_Center(C)_24+ ft._3PT Field Goal,3PT Field Goal,Sacramento Kings,68,176,12,9,0.38636363636363635,108,0.1111111111111111,3,0.75,1.2102272727272727
379,1610612758,Above the Break 3_Left Side Center(LC)_24+ ft._3PT Field Goal,3PT Field Goal,Sacramento Kings,127,325,38,37,0.39076923076923076,198,0.1919191919191919,3,0.9736842105263158,1.2861538461538462
380,1610612758,Above the Break 3_Right Side Center(RC)_24+ ft._3PT Field Goal,3PT Field Goal,Sacramento Kings,102,279,29,37,0.3655913978494624,177,0.1638418079096045,3,1.2758620689655173,1.2293906810035842
381,1610612758,In The Paint (Non-RA)_Center(C)_8-16 ft._2PT Field Goal,2PT Field Goal,Sacramento Kings,80,187,21,13,0.42780748663101603,107,0.19626168224299065,2,0.6190476190476191,0.9251336898395721
382,1610612758,In The Paint (Non-RA)_Center(C)_Less Than 8 ft._2PT Field Goal,2PT Field Goal,Sacramento Kings,124,327,51,57,0.37920489296636084,203,0.2512315270935961,2,1.1176470588235294,0.9327217125382263
383,1610612758,In The Paint (Non-RA)_Left Side(L)_8-16 ft._2PT Field Goal,2PT Field Goal,Sacramento Kings,12,40,7,3,0.3,28,0.25,2,0.42857142857142855,0.6749999999999999
384,1610612758,In The Paint (Non-RA)_Right Side(R)_8-16 ft._2PT Field Goal,2PT Field Goal,Sacramento Kings,12,33,5,3,0.36363636363636365,21,0.23809523809523808,2,0.6,0.8181818181818182
385,1610612758,Left Corner 3_Left Side(L)_24+ ft._3PT Field Goal,3PT Field Goal,Sacramento Kings,47,112,5,5,0.41964285714285715,65,0.07692307692307693,3,1.0,1.3035714285714286
386,1610612758,Mid-Range_Center(C)_16-24 ft._2PT Field Goal,2PT Field Goal,Sacramento Kings,29,92,11,9,0.31521739130434784,63,0.1746031746031746,2,0.8181818181818182,0.7282608695652174
387,1610612758,Mid-Range_Center(C)_8-16 ft._2PT Field Goal,2PT Field Goal,Sacramento Kings,15,33,4,3,0.45454545454545453,18,0.2222222222222222,2,0.75,1.0
388,1610612758,Mid-Range_Left Side Center(LC)_16-24 ft._2PT Field Goal,2PT Field Goal,Sacramento Kings,36,80,5,5,0.45,44,0.11363636363636363,2,1.0,0.9625
389,1610612758,Mid-Range_Left Side(L)_16-24 ft._2PT Field Goal,2PT Field Goal,Sacramento Kings,16,39,3,4,0.41025641025641024,23,0.13043478260869565,2,1.3333333333333333,0.923076923076923
390,1610612758,Mid-Range_Left Side(L)_8-16 ft._2PT Field Goal,2PT Field Goal,Sacramento Kings,30,73,9,11,0.410958904109589,43,0.20930232558139536,2,1.2222222222222223,0.9726027397260274
391,1610612758,Mid-Range_Right Side Center(RC)_16-24 ft._2PT Field Goal,2PT Field Goal,Sacramento Kings,29,72,7,9,0.4027777777777778,43,0.16279069767441862,2,1.2857142857142858,0.9305555555555556
392,1610612758,Mid-Range_Right Side(R)_16-24 ft._2PT Field Goal,2PT Field Goal,Sacramento Kings,13,34,1,2,0.38235294117647056,21,0.047619047619047616,2,2.0,0.8235294117647058
393,1610612758,Mid-Range_Right Side(R)_8-16 ft._2PT Field Goal,2PT Field Goal,Sacramento Kings,26,57,5,8,0.45614035087719296,31,0.16129032258064516,2,1.6,1.0526315789473684
394,1610612758,Restricted Area_Center(C)_Less Than 8 ft._2PT Field Goal,2PT Field Goal,Sacramento Kings,620,965,101,118,0.6424870466321243,345,0.2927536231884058,2,1.1683168316831682,1.4072538860103627
395,1610612758,Right Corner 3_Right Side(R)_24+ ft._3PT Field Goal,3PT Field Goal,Sacramento Kings,37,94,12,13,0.39361702127659576,57,0.21052631578947367,3,1.0833333333333333,1.319148936170213
396,1610612759,Above the Break 3_Center(C)_24+ ft._3PT Field Goal,3PT Field Goal,San Antonio Spurs,71,180,18,19,0.39444444444444443,109,0.1651376146788991,3,1.0555555555555556,1.288888888888889
397,1610612759,Above the Break 3_Left Side Center(LC)_24+ ft._3PT Field Goal,3PT Field Goal,San Antonio Spurs,76,230,33,16,0.33043478260869563,154,0.21428571428571427,3,0.48484848484848486,1.0608695652173912
398,1610612759,Above the Break 3_Right Side Center(RC)_24+ ft._3PT Field Goal,3PT Field Goal,San Antonio Spurs,101,217,23,19,0.46543778801843316,116,0.19827586206896552,3,0.8260869565217391,1.4838709677419353
399,1610612759,In The Paint (Non-RA)_Center(C)_8-16 ft._2PT Field Goal,2PT Field Goal,San Antonio Spurs,91,193,22,33,0.47150259067357514,102,0.21568627450980393,2,1.5,1.1139896373056994
400,1610612759,In The Paint (Non-RA)_Center(C)_Less Than 8 ft._2PT Field Goal,2PT Field Goal,San Antonio Spurs,154,333,50,51,0.4624624624624625,179,0.27932960893854747,2,1.02,1.078078078078078
401,1610612759,In The Paint (Non-RA)_Left Side(L)_8-16 ft._2PT Field Goal,2PT Field Goal,San Antonio Spurs,14,43,5,6,0.32558139534883723,29,0.1724137931034483,2,1.2,0.7906976744186047
402,1610612759,In The Paint (Non-RA)_Right Side(R)_8-16 ft._2PT Field Goal,2PT Field Goal,San Antonio Spurs,17,30,4,7,0.5666666666666667,13,0.3076923076923077,2,1.75,1.3666666666666667
403,1610612759,Left Corner 3_Left Side(L)_24+ ft._3PT Field Goal,3PT Field Goal,San Antonio Spurs,39,95,8,6,0.4105263157894737,56,0.14285714285714285,3,0.75,1.2947368421052632
404,1610612759,Mid-Range_Center(C)_16-24 ft._2PT Field Goal,2PT Field Goal,San Antonio Spurs,73,177,12,14,0.4124293785310734,104,0.11538461538461539,2,1.1666666666666667,0.903954802259887
405,1610612759,Mid-Range_Center(C)_8-16 ft._2PT Field Goal,2PT Field Goal,San Antonio Spurs,17,42,6,6,0.40476190476190477,25,0.24,2,1.0,0.9523809523809523
406,1610612759,Mid-Range_Left Side Center(LC)_16-24 ft._2PT Field Goal,2PT Field Goal,San Antonio Spurs,42,120,7,11,0.35,78,0.08974358974358974,2,1.5714285714285714,0.7916666666666666
407,1610612759,Mid-Range_Left Side(L)_16-24 ft._2PT Field Goal,2PT Field Goal,San Antonio Spurs,25,54,7,8,0.46296296296296297,29,0.2413793103448276,2,1.1428571428571428,1.074074074074074
408,1610612759,Mid-Range_Left Side(L)_8-16 ft._2PT Field Goal,2PT Field Goal,San Antonio Spurs,74,171,20,19,0.4327485380116959,97,0.20618556701030927,2,0.95,0.9766081871345029
409,1610612759,Mid-Range_Right Side Center(RC)_16-24 ft._2PT Field Goal,2PT Field Goal,San Antonio Spurs,60,126,12,12,0.47619047619047616,66,0.18181818181818182,2,1.0,1.0476190476190477
410,1610612759,Mid-Range_Right Side(R)_16-24 ft._2PT Field Goal,2PT Field Goal,San Antonio Spurs,22,52,5,2,0.4230769230769231,30,0.16666666666666666,2,0.4,0.8846153846153846
411,1610612759,Mid-Range_Right Side(R)_8-16 ft._2PT Field Goal,2PT Field Goal,San Antonio Spurs,48,110,7,6,0.43636363636363634,62,0.11290322580645161,2,0.8571428571428571,0.9272727272727272
412,1610612759,Restricted Area_Center(C)_Less Than 8 ft._2PT Field Goal,2PT Field Goal,San Antonio Spurs,460,724,78,88,0.6353591160220995,264,0.29545454545454547,2,1.1282051282051282,1.3922651933701657
413,1610612759,Right Corner 3_Right Side(R)_24+ ft._3PT Field Goal,3PT Field Goal,San Antonio Spurs,39,84,5,2,0.4642857142857143,45,0.1111111111111111,3,0.4,1.4166666666666665
414,1610612760,Above the Break 3_Center(C)_24+ ft._3PT Field Goal,3PT Field Goal,Oklahoma City Thunder,56,181,20,15,0.30939226519337015,125,0.16,3,0.75,1.011049723756906
415,1610612760,Above the Break 3_Left Side Center(LC)_24+ ft._3PT Field Goal,3PT Field Goal,Oklahoma City Thunder,77,258,35,32,0.29844961240310075,181,0.19337016574585636,3,0.9142857142857143,1.0193798449612403
416,1610612760,Above the Break 3_Right Side Center(RC)_24+ ft._3PT Field Goal,3PT Field Goal,Oklahoma City Thunder,92,272,37,36,0.3382352941176471,180,0.20555555555555555,3,0.972972972972973,1.1470588235294117
417,1610612760,In The Paint (Non-RA)_Center(C)_8-16 ft._2PT Field Goal,2PT Field Goal,Oklahoma City Thunder,61,142,24,16,0.4295774647887324,81,0.2962962962962963,2,0.6666666666666666,0.9718309859154929
418,1610612760,In The Paint (Non-RA)_Center(C)_Less Than 8 ft._2PT Field Goal,2PT Field Goal,Oklahoma City Thunder,78,214,45,46,0.3644859813084112,136,0.33088235294117646,2,1.0222222222222221,0.9439252336448598
419,1610612760,In The Paint (Non-RA)_Left Side(L)_8-16 ft._2PT Field Goal,2PT Field Goal,Oklahoma City Thunder,7,21,2,2,0.3333333333333333,14,0.14285714285714285,2,1.0,0.7619047619047619
420,1610612760,In The Paint (Non-RA)_Right Side(R)_8-16 ft._2PT Field Goal,2PT Field Goal,Oklahoma City Thunder,3,18,4,3,0.16666666666666666,15,0.26666666666666666,2,0.75,0.5
421,1610612760,Left Corner 3_Left Side(L)_24+ ft._3PT Field Goal,3PT Field Goal,Oklahoma City Thunder,38,108,21,26,0.35185185185185186,70,0.3,3,1.2380952380952381,1.2962962962962963
422,1610612760,Mid-Range_Center(C)_16-24 ft._2PT Field Goal,2PT Field Goal,Oklahoma City Thunder,34,70,4,1,0.4857142857142857,36,0.1111111111111111,2,0.25,0.9857142857142857
423,1610612760,Mid-Range_Center(C)_8-16 ft._2PT Field Goal,2PT Field Goal,Oklahoma City Thunder,16,41,6,4,0.3902439024390244,25,0.24,2,0.6666666666666666,0.8780487804878049
424,1610612760,Mid-Range_Left Side Center(LC)_16-24 ft._2PT Field Goal,2PT Field Goal,Oklahoma City Thunder,26,69,5,5,0.37681159420289856,43,0.11627906976744186,2,1.0,0.8260869565217391
425,1610612760,Mid-Range_Left Side(L)_16-24 ft._2PT Field Goal,2PT Field Goal,Oklahoma City Thunder,7,22,1,0,0.3181818181818182,15,0.06666666666666667,2,0.0,0.6363636363636364
426,1610612760,Mid-Range_Left Side(L)_8-16 ft._2PT Field Goal,2PT Field Goal,Oklahoma City Thunder,31,87,11,8,0.3563218390804598,56,0.19642857142857142,2,0.7272727272727273,0.8045977011494253
427,1610612760,Mid-Range_Right Side Center(RC)_16-24 ft._2PT Field Goal,2PT Field Goal,Oklahoma City Thunder,27,70,11,4,0.38571428571428573,43,0.2558139534883721,2,0.36363636363636365,0.8285714285714286
428,1610612760,Mid-Range_Right Side(R)_16-24 ft._2PT Field Goal,2PT Field Goal,Oklahoma City Thunder,6,17,2,2,0.35294117647058826,11,0.18181818181818182,2,1.0,0.823529411764706
429,1610612760,Mid-Range_Right Side(R)_8-16 ft._2PT Field Goal,2PT Field Goal,Oklahoma City Thunder,37,92,11,7,0.40217391304347827,55,0.2,2,0.6363636363636364,0.8804347826086957
430,1610612760,Restricted Area_Center(C)_Less Than 8 ft._2PT Field Goal,2PT Field Goal,Oklahoma City Thunder,693,1111,133,131,0.6237623762376238,418,0.3181818181818182,2,0.9849624060150376,1.3654365436543654
431,1610612760,Right Corner 3_Right Side(R)_24+ ft._3PT Field Goal,3PT Field Goal,Oklahoma City Thunder,54,136,19,23,0.39705882352941174,82,0.23170731707317074,3,1.2105263157894737,1.3602941176470589
432,1610612761,Above the Break 3_Center(C)_24+ ft._3PT Field Goal,3PT Field Goal,Toronto Raptors,80,263,35,35,0.3041825095057034,183,0.1912568306010929,3,1.0,1.0456273764258555
433,1610612761,Above the Break 3_Left Side Center(LC)_24+ ft._3PT Field Goal,3PT Field Goal,Toronto Raptors,87,277,37,42,0.3140794223826715,190,0.19473684210526315,3,1.135135135135135,1.0938628158844765
434,1610612761,Above the Break 3_Right Side Center(RC)_24+ ft._3PT Field Goal,3PT Field Goal,Toronto Raptors,109,302,34,38,0.3609271523178808,193,0.17616580310880828,3,1.1176470588235294,1.2086092715231789
435,1610612761,In The Paint (Non-RA)_Center(C)_8-16 ft._2PT Field Goal,2PT Field Goal,Toronto Raptors,75,149,10,11,0.5033557046979866,74,0.13513513513513514,2,1.1,1.080536912751678
436,1610612761,In The Paint (Non-RA)_Center(C)_Less Than 8 ft._2PT Field Goal,2PT Field Goal,Toronto Raptors,137,322,56,72,0.4254658385093168,185,0.3027027027027027,2,1.2857142857142858,1.0745341614906834
437,1610612761,In The Paint (Non-RA)_Left Side(L)_8-16 ft._2PT Field Goal,2PT Field Goal,Toronto Raptors,6,15,5,10,0.4,9,0.5555555555555556,2,2.0,1.4666666666666668
438,1610612761,In The Paint (Non-RA)_Right Side(R)_8-16 ft._2PT Field Goal,2PT Field Goal,Toronto Raptors,6,24,4,1,0.25,18,0.2222222222222222,2,0.25,0.5416666666666666
439,1610612761,Left Corner 3_Left Side(L)_24+ ft._3PT Field Goal,3PT Field Goal,Toronto Raptors,63,164,15,18,0.38414634146341464,101,0.1485148514851485,3,1.2,1.2621951219512195
440,1610612761,Mid-Range_Center(C)_16-24 ft._2PT Field Goal,2PT Field Goal,Toronto Raptors,30,72,4,2,0.4166666666666667,42,0.09523809523809523,2,0.5,0.8611111111111112
441,1610612761,Mid-Range_Center(C)_8-16 ft._2PT Field Goal,2PT Field Goal,Toronto Raptors,13,26,0,0,0.5,13,0.0,2,0.0,1.0
442,1610612761,Mid-Range_Left Side Center(LC)_16-24 ft._2PT Field Goal,2PT Field Goal,Toronto Raptors,23,48,2,4,0.4791666666666667,25,0.08,2,2.0,1.0416666666666667
443,1610612761,Mid-Range_Left Side(L)_16-24 ft._2PT Field Goal,2PT Field Goal,Toronto Raptors,14,21,0,0,0.6666666666666666,7,0.0,2,0.0,1.3333333333333333
444,1610612761,Mid-Range_Left Side(L)_8-16 ft._2PT Field Goal,2PT Field Goal,Toronto Raptors,36,77,6,5,0.4675324675324675,41,0.14634146341463414,2,0.8333333333333334,1.0
445,1610612761,Mid-Range_Right Side Center(RC)_16-24 ft._2PT Field Goal,2PT Field Goal,Toronto Raptors,38,69,8,9,0.5507246376811594,31,0.25806451612903225,2,1.125,1.2318840579710144
446,1610612761,Mid-Range_Right Side(R)_16-24 ft._2PT Field Goal,2PT Field Goal,Toronto Raptors,9,31,3,2,0.2903225806451613,22,0.13636363636363635,2,0.6666666666666666,0.6451612903225807
447,1610612761,Mid-Range_Right Side(R)_8-16 ft._2PT Field Goal,2PT Field Goal,Toronto Raptors,44,90,4,5,0.4888888888888889,46,0.08695652173913043,2,1.25,1.0333333333333332
448,1610612761,Restricted Area_Center(C)_Less Than 8 ft._2PT Field Goal,2PT Field Goal,Toronto Raptors,673,1015,90,101,0.6630541871921182,342,0.2631578947368421,2,1.1222222222222222,1.4256157635467979
449,1610612761,Right Corner 3_Right Side(R)_24+ ft._3PT Field Goal,3PT Field Goal,Toronto Raptors,58,154,28,26,0.37662337662337664,96,0.2916666666666667,3,0.9285714285714286,1.2987012987012987
450,1610612762,Above the Break 3_Center(C)_24+ ft._3PT Field Goal,3PT Field Goal,Utah Jazz,48,160,12,12,0.3,112,0.10714285714285714,3,1.0,0.9749999999999999
451,1610612762,Above the Break 3_Left Side Center(LC)_24+ ft._3PT Field Goal,3PT Field Goal,Utah Jazz,106,309,41,43,0.343042071197411,203,0.2019704433497537,3,1.048780487804878,1.168284789644013
452,1610612762,Above the Break 3_Right Side Center(RC)_24+ ft._3PT Field Goal,3PT Field Goal,Utah Jazz,98,284,20,17,0.34507042253521125,186,0.10752688172043011,3,0.85,1.0950704225352113
453,1610612762,In The Paint (Non-RA)_Center(C)_8-16 ft._2PT Field Goal,2PT Field Goal,Utah Jazz,51,127,17,17,0.4015748031496063,76,0.2236842105263158,2,1.0,0.937007874015748
454,1610612762,In The Paint (Non-RA)_Center(C)_Less Than 8 ft._2PT Field Goal,2PT Field Goal,Utah Jazz,71,219,35,34,0.3242009132420091,148,0.23648648648648649,2,0.9714285714285714,0.8036529680365296
455,1610612762,In The Paint (Non-RA)_Left Side(L)_8-16 ft._2PT Field Goal,2PT Field Goal,Utah Jazz,10,30,6,8,0.3333333333333333,20,0.3,2,1.3333333333333333,0.9333333333333333
456,1610612762,In The Paint (Non-RA)_Right Side(R)_8-16 ft._2PT Field Goal,2PT Field Goal,Utah Jazz,10,30,6,6,0.3333333333333333,20,0.3,2,1.0,0.8666666666666667
457,1610612762,Left Corner 3_Left Side(L)_24+ ft._3PT Field Goal,3PT Field Goal,Utah Jazz,57,163,17,14,0.3496932515337423,106,0.16037735849056603,3,0.8235294117647058,1.1349693251533741
458,1610612762,Mid-Range_Center(C)_16-24 ft._2PT Field Goal,2PT Field Goal,Utah Jazz,21,41,2,2,0.5121951219512195,20,0.1,2,1.0,1.0731707317073171
459,1610612762,Mid-Range_Center(C)_8-16 ft._2PT Field Goal,2PT Field Goal,Utah Jazz,13,21,1,0,0.6190476190476191,8,0.125,2,0.0,1.2380952380952381
460,1610612762,Mid-Range_Left Side Center(LC)_16-24 ft._2PT Field Goal,2PT Field Goal,Utah Jazz,26,55,5,2,0.4727272727272727,29,0.1724137931034483,2,0.4,0.9818181818181818
461,1610612762,Mid-Range_Left Side(L)_16-24 ft._2PT Field Goal,2PT Field Goal,Utah Jazz,11,27,3,5,0.4074074074074074,16,0.1875,2,1.6666666666666667,1.0
462,1610612762,Mid-Range_Left Side(L)_8-16 ft._2PT Field Goal,2PT Field Goal,Utah Jazz,19,55,10,11,0.34545454545454546,36,0.2777777777777778,2,1.1,0.8909090909090909
463,1610612762,Mid-Range_Right Side Center(RC)_16-24 ft._2PT Field Goal,2PT Field Goal,Utah Jazz,12,38,2,2,0.3157894736842105,26,0.07692307692307693,2,1.0,0.6842105263157895
464,1610612762,Mid-Range_Right Side(R)_16-24 ft._2PT Field Goal,2PT Field Goal,Utah Jazz,11,24,2,4,0.4583333333333333,13,0.15384615384615385,2,2.0,1.0833333333333333
465,1610612762,Mid-Range_Right Side(R)_8-16 ft._2PT Field Goal,2PT Field Goal,Utah Jazz,13,43,9,4,0.3023255813953488,30,0.3,2,0.4444444444444444,0.6976744186046511
466,1610612762,Restricted Area_Center(C)_Less Than 8 ft._2PT Field Goal,2PT Field Goal,Utah Jazz,674,1053,102,119,0.6400759734093068,379,0.2691292875989446,2,1.1666666666666667,1.3931623931623933
467,1610612762,Right Corner 3_Right Side(R)_24+ ft._3PT Field Goal,3PT Field Goal,Utah Jazz,57,163,15,20,0.3496932515337423,106,0.14150943396226415,3,1.3333333333333333,1.1717791411042944
468,1610612763,Above the Break 3_Center(C)_24+ ft._3PT Field Goal,3PT Field Goal,Memphis Grizzlies,60,185,10,11,0.32432432432432434,125,0.08,3,1.1,1.0324324324324325
469,1610612763,Above the Break 3_Left Side Center(LC)_24+ ft._3PT Field Goal,3PT Field Goal,Memphis Grizzlies,106,280,22,20,0.37857142857142856,174,0.12643678160919541,3,0.9090909090909091,1.207142857142857
470,1610612763,Above the Break 3_Right Side Center(RC)_24+ ft._3PT Field Goal,3PT Field Goal,Memphis Grizzlies,90,244,24,19,0.36885245901639346,154,0.15584415584415584,3,0.7916666666666666,1.1844262295081966
471,1610612763,In The Paint (Non-RA)_Center(C)_8-16 ft._2PT Field Goal,2PT Field Goal,Memphis Grizzlies,85,213,18,17,0.39906103286384975,128,0.140625,2,0.9444444444444444,0.8779342723004695
472,1610612763,In The Paint (Non-RA)_Center(C)_Less Than 8 ft._2PT Field Goal,2PT Field Goal,Memphis Grizzlies,102,275,36,34,0.3709090909090909,173,0.20809248554913296,2,0.9444444444444444,0.8654545454545455
473,1610612763,In The Paint (Non-RA)_Left Side(L)_8-16 ft._2PT Field Goal,2PT Field Goal,Memphis Grizzlies,11,30,7,6,0.36666666666666664,19,0.3684210526315789,2,0.8571428571428571,0.9333333333333332
474,1610612763,In The Paint (Non-RA)_Right Side(R)_8-16 ft._2PT Field Goal,2PT Field Goal,Memphis Grizzlies,9,23,4,5,0.391304347826087,14,0.2857142857142857,2,1.25,1.0
475,1610612763,Left Corner 3_Left Side(L)_24+ ft._3PT Field Goal,3PT Field Goal,Memphis Grizzlies,38,107,11,9,0.35514018691588783,69,0.15942028985507245,3,0.8181818181818182,1.1495327102803736
476,1610612763,Mid-Range_Center(C)_16-24 ft._2PT Field Goal,2PT Field Goal,Memphis Grizzlies,33,83,3,0,0.39759036144578314,50,0.06,2,0.0,0.7951807228915663
477,1610612763,Mid-Range_Center(C)_8-16 ft._2PT Field Goal,2PT Field Goal,Memphis Grizzlies,11,24,0,0,0.4583333333333333,13,0.0,2,0.0,0.9166666666666666
478,1610612763,Mid-Range_Left Side Center(LC)_16-24 ft._2PT Field Goal,2PT Field Goal,Memphis Grizzlies,27,74,3,4,0.36486486486486486,47,0.06382978723404255,2,1.3333333333333333,0.7837837837837838
479,1610612763,Mid-Range_Left Side(L)_16-24 ft._2PT Field Goal,2PT Field Goal,Memphis Grizzlies,8,24,2,1,0.3333333333333333,16,0.125,2,0.5,0.7083333333333333
480,1610612763,Mid-Range_Left Side(L)_8-16 ft._2PT Field Goal,2PT Field Goal,Memphis Grizzlies,26,66,9,7,0.3939393939393939,40,0.225,2,0.7777777777777778,0.8939393939393939
481,1610612763,Mid-Range_Right Side Center(RC)_16-24 ft._2PT Field Goal,2PT Field Goal,Memphis Grizzlies,19,55,6,3,0.34545454545454546,36,0.16666666666666666,2,0.5,0.7454545454545455
482,1610612763,Mid-Range_Right Side(R)_16-24 ft._2PT Field Goal,2PT Field Goal,Memphis Grizzlies,7,20,3,4,0.35,13,0.23076923076923078,2,1.3333333333333333,0.8999999999999999
483,1610612763,Mid-Range_Right Side(R)_8-16 ft._2PT Field Goal,2PT Field Goal,Memphis Grizzlies,21,47,1,0,0.44680851063829785,26,0.038461538461538464,2,0.0,0.8936170212765957
484,1610612763,Restricted Area_Center(C)_Less Than 8 ft._2PT Field Goal,2PT Field Goal,Memphis Grizzlies,553,878,79,96,0.6298405466970387,325,0.24307692307692308,2,1.2151898734177216,1.3690205011389522
485,1610612763,Right Corner 3_Right Side(R)_24+ ft._3PT Field Goal,3PT Field Goal,Memphis Grizzlies,28,79,9,6,0.35443037974683544,51,0.17647058823529413,3,0.6666666666666666,1.1392405063291138
486,1610612764,Above the Break 3_Center(C)_24+ ft._3PT Field Goal,3PT Field Goal,Washington Wizards,60,172,21,14,0.3488372093023256,112,0.1875,3,0.6666666666666666,1.127906976744186
487,1610612764,Above the Break 3_Left Side Center(LC)_24+ ft._3PT Field Goal,3PT Field Goal,Washington Wizards,102,352,37,49,0.2897727272727273,250,0.148,3,1.3243243243243243,1.0085227272727273
488,1610612764,Above the Break 3_Right Side Center(RC)_24+ ft._3PT Field Goal,3PT Field Goal,Washington Wizards,101,310,35,36,0.3258064516129032,209,0.1674641148325359,3,1.0285714285714285,1.0935483870967742
489,1610612764,In The Paint (Non-RA)_Center(C)_8-16 ft._2PT Field Goal,2PT Field Goal,Washington Wizards,56,136,14,11,0.4117647058823529,80,0.175,2,0.7857142857142857,0.9044117647058822
490,1610612764,In The Paint (Non-RA)_Center(C)_Less Than 8 ft._2PT Field Goal,2PT Field Goal,Washington Wizards,78,193,35,38,0.40414507772020725,115,0.30434782608695654,2,1.0857142857142856,1.005181347150259
491,1610612764,In The Paint (Non-RA)_Left Side(L)_8-16 ft._2PT Field Goal,2PT Field Goal,Washington Wizards,10,20,1,0,0.5,10,0.1,2,0.0,1.0
492,1610612764,In The Paint (Non-RA)_Right Side(R)_8-16 ft._2PT Field Goal,2PT Field Goal,Washington Wizards,11,20,3,4,0.55,9,0.3333333333333333,2,1.3333333333333333,1.3
493,1610612764,Left Corner 3_Left Side(L)_24+ ft._3PT Field Goal,3PT Field Goal,Washington Wizards,45,135,15,8,0.3333333333333333,90,0.16666666666666666,3,0.5333333333333333,1.0592592592592593
494,1610612764,Mid-Range_Center(C)_16-24 ft._2PT Field Goal,2PT Field Goal,Washington Wizards,18,58,5,2,0.3103448275862069,40,0.125,2,0.4,0.6551724137931034
495,1610612764,Mid-Range_Center(C)_8-16 ft._2PT Field Goal,2PT Field Goal,Washington Wizards,20,49,1,0,0.40816326530612246,29,0.034482758620689655,2,0.0,0.8163265306122449
496,1610612764,Mid-Range_Left Side Center(LC)_16-24 ft._2PT Field Goal,2PT Field Goal,Washington Wizards,23,55,3,4,0.41818181818181815,32,0.09375,2,1.3333333333333333,0.9090909090909091
497,1610612764,Mid-Range_Left Side(L)_16-24 ft._2PT Field Goal,2PT Field Goal,Washington Wizards,19,34,3,2,0.5588235294117647,15,0.2,2,0.6666666666666666,1.1764705882352942
498,1610612764,Mid-Range_Left Side(L)_8-16 ft._2PT Field Goal,2PT Field Goal,Washington Wizards,32,75,7,11,0.4266666666666667,43,0.16279069767441862,2,1.5714285714285714,1.0
499,1610612764,Mid-Range_Right Side Center(RC)_16-24 ft._2PT Field Goal,2PT Field Goal,Washington Wizards,35,92,5,12,0.3804347826086957,57,0.08771929824561403,2,2.4,0.8913043478260869
500,1610612764,Mid-Range_Right Side(R)_16-24 ft._2PT Field Goal,2PT Field Goal,Washington Wizards,12,30,1,0,0.4,18,0.05555555555555555,2,0.0,0.8
501,1610612764,Mid-Range_Right Side(R)_8-16 ft._2PT Field Goal,2PT Field Goal,Washington Wizards,36,88,12,10,0.4090909090909091,52,0.23076923076923078,2,0.8333333333333334,0.9318181818181819
502,1610612764,Restricted Area_Center(C)_Less Than 8 ft._2PT Field Goal,2PT Field Goal,Washington Wizards,689,1064,88,95,0.6475563909774437,375,0.23466666666666666,2,1.0795454545454546,1.3843984962406015
503,1610612764,Right Corner 3_Right Side(R)_24+ ft._3PT Field Goal,3PT Field Goal,Washington Wizards,59,137,10,10,0.4306569343065693,78,0.1282051282051282,3,1.0,1.3649635036496348
504,1610612765,Above the Break 3_Center(C)_24+ ft._3PT Field Goal,3PT Field Goal,Detroit Pistons,58,194,17,8,0.29896907216494845,136,0.125,3,0.47058823529411764,0.9381443298969071
505,1610612765,Above the Break 3_Left Side Center(LC)_24+ ft._3PT Field Goal,3PT Field Goal,Detroit Pistons,102,301,40,31,0.3388704318936877,199,0.20100502512562815,3,0.775,1.1196013289036544
506,1610612765,Above the Break 3_Right Side Center(RC)_24+ ft._3PT Field Goal,3PT Field Goal,Detroit Pistons,78,265,29,35,0.2943396226415094,187,0.15508021390374332,3,1.206896551724138,1.0150943396226415
507,1610612765,In The Paint (Non-RA)_Center(C)_8-16 ft._2PT Field Goal,2PT Field Goal,Detroit Pistons,34,101,18,23,0.33663366336633666,67,0.26865671641791045,2,1.2777777777777777,0.900990099009901
508,1610612765,In The Paint (Non-RA)_Center(C)_Less Than 8 ft._2PT Field Goal,2PT Field Goal,Detroit Pistons,137,382,63,60,0.3586387434554974,245,0.2571428571428571,2,0.9523809523809523,0.8743455497382199
509,1610612765,In The Paint (Non-RA)_Left Side(L)_8-16 ft._2PT Field Goal,2PT Field Goal,Detroit Pistons,9,34,5,9,0.2647058823529412,25,0.2,2,1.8,0.7941176470588236
510,1610612765,In The Paint (Non-RA)_Right Side(R)_8-16 ft._2PT Field Goal,2PT Field Goal,Detroit Pistons,14,30,3,2,0.4666666666666667,16,0.1875,2,0.6666666666666666,1.0
511,1610612765,Left Corner 3_Left Side(L)_24+ ft._3PT Field Goal,3PT Field Goal,Detroit Pistons,57,145,19,10,0.3931034482758621,88,0.2159090909090909,3,0.5263157894736842,1.2482758620689653
512,1610612765,Mid-Range_Center(C)_16-24 ft._2PT Field Goal,2PT Field Goal,Detroit Pistons,20,42,5,9,0.47619047619047616,22,0.22727272727272727,2,1.8,1.1666666666666665
513,1610612765,Mid-Range_Center(C)_8-16 ft._2PT Field Goal,2PT Field Goal,Detroit Pistons,14,27,2,0,0.5185185185185185,13,0.15384615384615385,2,0.0,1.037037037037037
514,1610612765,Mid-Range_Left Side Center(LC)_16-24 ft._2PT Field Goal,2PT Field Goal,Detroit Pistons,17,45,8,8,0.37777777777777777,28,0.2857142857142857,2,1.0,0.9333333333333333
515,1610612765,Mid-Range_Left Side(L)_16-24 ft._2PT Field Goal,2PT Field Goal,Detroit Pistons,5,21,6,7,0.23809523809523808,16,0.375,2,1.1666666666666667,0.8095238095238095
516,1610612765,Mid-Range_Left Side(L)_8-16 ft._2PT Field Goal,2PT Field Goal,Detroit Pistons,21,57,8,9,0.3684210526315789,36,0.2222222222222222,2,1.125,0.894736842105263
517,1610612765,Mid-Range_Right Side Center(RC)_16-24 ft._2PT Field Goal,2PT Field Goal,Detroit Pistons,20,43,5,6,0.46511627906976744,23,0.21739130434782608,2,1.2,1.069767441860465
518,1610612765,Mid-Range_Right Side(R)_16-24 ft._2PT Field Goal,2PT Field Goal,Detroit Pistons,7,18,1,0,0.3888888888888889,11,0.09090909090909091,2,0.0,0.7777777777777778
519,1610612765,Mid-Range_Right Side(R)_8-16 ft._2PT Field Goal,2PT Field Goal,Detroit Pistons,20,51,5,0,0.39215686274509803,31,0.16129032258064516,2,0.0,0.7843137254901961
520,1610612765,Restricted Area_Center(C)_Less Than 8 ft._2PT Field Goal,2PT Field Goal,Detroit Pistons,561,911,107,113,0.6158068057080132,350,0.3057142857142857,2,1.0560747663551402,1.3556531284302964
521,1610612765,Right Corner 3_Right Side(R)_24+ ft._3PT Field Goal,3PT Field Goal,Detroit Pistons,46,122,10,9,0.3770491803278688,76,0.13157894736842105,3,0.9,1.2049180327868851
522,1610612766,Above the Break 3_Center(C)_24+ ft._3PT Field Goal,3PT Field Goal,Charlotte Hornets,84,232,19,13,0.3620689655172414,148,0.12837837837837837,3,0.6842105263157895,1.142241379310345
523,1610612766,Above the Break 3_Left Side Center(LC)_24+ ft._3PT Field Goal,3PT Field Goal,Charlotte Hornets,94,301,31,32,0.3122923588039867,207,0.1497584541062802,3,1.032258064516129,1.043189368770764
524,1610612766,Above the Break 3_Right Side Center(RC)_24+ ft._3PT Field Goal,3PT Field Goal,Charlotte Hornets,107,293,23,23,0.3651877133105802,186,0.12365591397849462,3,1.0,1.1740614334470991
525,1610612766,In The Paint (Non-RA)_Center(C)_8-16 ft._2PT Field Goal,2PT Field Goal,Charlotte Hornets,58,129,20,21,0.4496124031007752,71,0.28169014084507044,2,1.05,1.062015503875969
526,1610612766,In The Paint (Non-RA)_Center(C)_Less Than 8 ft._2PT Field Goal,2PT Field Goal,Charlotte Hornets,106,266,42,47,0.39849624060150374,160,0.2625,2,1.119047619047619,0.9736842105263157
527,1610612766,In The Paint (Non-RA)_Left Side(L)_8-16 ft._2PT Field Goal,2PT Field Goal,Charlotte Hornets,14,31,2,0,0.45161290322580644,17,0.11764705882352941,2,0.0,0.9032258064516129
528,1610612766,In The Paint (Non-RA)_Right Side(R)_8-16 ft._2PT Field Goal,2PT Field Goal,Charlotte Hornets,9,28,4,4,0.32142857142857145,19,0.21052631578947367,2,1.0,0.7857142857142858
529,1610612766,Left Corner 3_Left Side(L)_24+ ft._3PT Field Goal,3PT Field Goal,Charlotte Hornets,41,116,18,12,0.35344827586206895,75,0.24,3,0.6666666666666666,1.1637931034482758
530,1610612766,Mid-Range_Center(C)_16-24 ft._2PT Field Goal,2PT Field Goal,Charlotte Hornets,26,58,3,2,0.4482758620689655,32,0.09375,2,0.6666666666666666,0.9310344827586207
531,1610612766,Mid-Range_Center(C)_8-16 ft._2PT Field Goal,2PT Field Goal,Charlotte Hornets,20,36,2,2,0.5555555555555556,16,0.125,2,1.0,1.1666666666666667
532,1610612766,Mid-Range_Left Side Center(LC)_16-24 ft._2PT Field Goal,2PT Field Goal,Charlotte Hornets,32,83,2,0,0.3855421686746988,51,0.0392156862745098,2,0.0,0.7710843373493976
533,1610612766,Mid-Range_Left Side(L)_16-24 ft._2PT Field Goal,2PT Field Goal,Charlotte Hornets,4,18,2,2,0.2222222222222222,14,0.14285714285714285,2,1.0,0.5555555555555556
534,1610612766,Mid-Range_Left Side(L)_8-16 ft._2PT Field Goal,2PT Field Goal,Charlotte Hornets,26,66,5,3,0.3939393939393939,40,0.125,2,0.6,0.8333333333333333
535,1610612766,Mid-Range_Right Side Center(RC)_16-24 ft._2PT Field Goal,2PT Field Goal,Charlotte Hornets,27,61,4,4,0.4426229508196721,34,0.11764705882352941,2,1.0,0.9508196721311475
536,1610612766,Mid-Range_Right Side(R)_16-24 ft._2PT Field Goal,2PT Field Goal,Charlotte Hornets,13,28,3,4,0.4642857142857143,15,0.2,2,1.3333333333333333,1.0714285714285714
537,1610612766,Mid-Range_Right Side(R)_8-16 ft._2PT Field Goal,2PT Field Goal,Charlotte Hornets,23,58,4,3,0.39655172413793105,35,0.11428571428571428,2,0.75,0.8448275862068966
538,1610612766,Restricted Area_Center(C)_Less Than 8 ft._2PT Field Goal,2PT Field Goal,Charlotte Hornets,579,967,104,127,0.5987590486039297,388,0.26804123711340205,2,1.2211538461538463,1.328852119958635
539,1610612766,Right Corner 3_Right Side(R)_24+ ft._3PT Field Goal,3PT Field Goal,Charlotte Hornets,50,99,11,8,0.5050505050505051,49,0.22448979591836735,3,0.7272727272727273,1.595959595959596
