Rk,Player,Age,Tm,Lg,Season,G,GS,MP,PER,3PAr,FTr,ORB%,DRB%,TRB%,AST%,STL%,BLK%,TOV%,USG%,ORtg,DRtg,OWS,DWS,WS,WS/48,OBPM,DBPM,BPM,VORP
1,Malcolm Brogdon\brogdma01,24,MIL,NBA,2016-17,75,28,1982,14.9,.304,.198,2.8,9.6,6.3,24.3,2.2,0.5,14.1,18.5,111,111,2.6,1.5,4.1,.100,0.6,-1.1,-0.5,0.8
2,Jaylen Brown\brownja02,20,BOS,NBA,2016-17,78,20,1341,10.3,.319,.293,3.8,14.4,9.1,7.2,1.3,1.1,12.5,18.1,102,110,0.2,1.3,1.5,.053,-3.1,-0.9,-4.0,-0.7
3,Marquese Chriss\chrisma01,19,PHO,NBA,2016-17,82,75,1743,12.3,.354,.286,5.8,16.1,10.8,5.2,1.8,3.2,13.2,19.7,102,110,0.3,1.5,1.8,.050,-1.6,0.0,-1.6,0.2
4,Joel Embiid\embiijo01,22,PHI,NBA,2016-17,31,31,786,24.1,.228,.569,8.5,25.6,17.0,16.0,1.7,7.7,17.9,36.0,103,102,0.5,1.5,1.9,.117,0.0,3.2,3.1,1.0
5,Yogi Ferrell\ferreyo01,23,TOT,NBA,2016-17,46,29,1197,13.1,.447,.226,1.8,9.2,5.3,23.2,1.8,0.7,13.9,19.6,106,111,0.8,1.0,1.8,.072,-0.1,-0.6,-0.7,0.4
6,Willy Hernangomez\hernawi01,22,NYK,NBA,2016-17,72,22,1324,19.0,.032,.269,13.8,27.1,20.4,11.5,1.5,2.2,16.1,20.3,111,107,1.8,1.6,3.4,.123,-0.6,0.6,0.0,0.7
7,Buddy Hield\hieldbu01,23,TOT,NBA,2016-17,82,55,1888,11.8,.494,.099,2.0,13.5,7.8,10.3,1.0,0.4,11.2,21.3,100,112,0.0,1.3,1.3,.032,-0.9,-1.9,-2.7,-0.4
8,Brandon Ingram\ingrabr01,19,LAL,NBA,2016-17,79,40,2279,8.5,.273,.312,2.8,12.7,7.6,10.5,1.1,1.3,12.9,16.8,96,115,-1.0,0.7,-0.3,-.007,-3.1,-0.7,-3.8,-1.1
9,Jamal Murray\murraja01,19,DEN,NBA,2016-17,82,10,1764,11.9,.471,.164,2.6,10.7,6.7,14.0,1.4,1.1,12.6,21.6,103,114,0.6,0.7,1.3,.037,-0.5,-2.1,-2.6,-0.3
10,Dario Saric\saricda01,22,PHI,NBA,2016-17,81,36,2129,12.8,.368,.237,5.8,20.8,13.3,14.3,1.3,1.1,15.2,24.6,96,109,-1.2,2.2,1.0,.023,-2.0,-0.2,-2.2,-0.1
11,Devin Booker\bookede01,19,PHO,NBA,2015-16,76,51,2108,11.9,.333,.295,1.4,8.4,4.8,15.8,1.0,0.8,14.0,23.0,102,112,1.2,0.7,1.9,.043,-0.6,-2.4,-3.1,-0.6
12,Willie Cauley-Stein\caulewi01,22,SAC,NBA,2015-16,66,39,1412,15.3,.006,.369,10.3,16.6,13.5,3.8,1.6,3.8,10.5,13.2,119,107,2.4,1.4,3.8,.130,-0.8,1.5,0.7,1.0
13,Nikola Jokic\jokicni01,20,DEN,NBA,2015-16,80,55,1733,21.5,.140,.317,11.4,24.7,17.9,18.1,2.3,2.3,13.2,19.9,118,104,4.5,2.2,6.7,.185,2.6,2.2,4.8,3.0
14,Emmanuel Mudiay\mudiaem01,19,DEN,NBA,2015-16,68,66,2068,9.9,.256,.231,1.7,10.9,6.2,29.0,1.6,1.4,17.9,25.7,88,110,-3.3,1.2,-2.1,-.049,-3.1,-1.2,-4.3,-1.2
15,Jahlil Okafor\okafoja01,20,PHI,NBA,2015-16,53,48,1591,17.1,.008,.248,8.1,17.8,12.8,8.2,0.7,2.9,12.5,27.3,99,110,0.3,0.9,1.2,.037,-2.6,-1.5,-4.1,-0.8
16,Kristaps Porzingis\porzikr01,20,NYK,NBA,2015-16,72,72,2047,17.7,.274,.271,7.1,20.7,14.0,7.9,1.3,5.0,10.9,24.6,103,103,1.5,2.9,4.4,.102,-0.8,0.9,0.1,1.1
17,D'Angelo Russell\russeda01,19,LAL,NBA,2015-16,80,48,2259,13.2,.387,.199,2.2,11.2,6.5,21.2,2.1,0.5,15.9,24.1,96,112,-0.7,0.7,0.0,.001,-0.2,-1.7,-1.8,0.1
18,Karl-Anthony Towns\townska01,20,MIN,NBA,2015-16,82,82,2627,22.5,.076,.239,10.3,27.5,19.0,11.3,1.1,4.3,12.6,24.9,112,106,5.5,2.8,8.3,.151,1.6,1.2,2.8,3.1
19,Myles Turner\turnemy01,19,IND,NBA,2015-16,60,30,1367,15.4,.026,.228,5.5,21.0,13.3,5.0,0.9,5.1,10.3,20.9,103,101,0.8,2.3,3.1,.109,-3.7,1.4,-2.3,-0.1
20,Justise Winslow\winslju01,19,MIA,NBA,2015-16,78,8,2232,8.4,.251,.253,4.2,15.8,10.2,7.4,1.6,0.9,15.6,12.5,97,105,-0.2,2.7,2.5,.054,-2.2,1.6,-0.6,0.8
21,Bojan Bogdanovic\bogdabo02,25,BRK,NBA,2014-15,78,28,1854,11.6,.444,.184,3.0,9.8,6.4,5.8,0.9,0.4,11.1,17.2,106,111,1.7,0.7,2.4,.062,0.0,-1.9,-1.8,0.1
22,Jordan Clarkson\clarkjo01,22,LAL,NBA,2014-15,59,38,1476,16.9,.203,.265,4.0,10.5,7.1,23.8,1.8,0.7,12.6,23.0,107,112,2.0,0.4,2.4,.078,1.4,-1.7,-0.3,0.6
23,Langston Galloway\gallola01,23,NYK,NBA,2014-15,45,41,1457,12.3,.344,.153,2.9,12.5,7.5,17.6,1.9,0.7,10.1,19.2,101,111,0.7,0.6,1.3,.043,0.0,-1.1,-1.1,0.3
24,Zach LaVine\lavinza01,19,MIN,NBA,2014-15,77,40,1902,11.3,.247,.261,1.6,11.6,6.4,24.0,1.4,0.4,20.4,22.0,95,114,-0.7,0.0,-0.7,-.018,-1.7,-2.7,-4.5,-1.2
25,Nikola Mirotic\mirotni01,23,CHI,NBA,2014-15,82,3,1654,17.9,.502,.455,4.3,21.8,13.3,9.7,1.7,2.4,10.6,22.8,111,101,3.0,2.7,5.7,.165,1.2,0.0,1.2,1.3
26,Nerlens Noel\noelne01,20,PHI,NBA,2014-15,75,71,2311,15.0,.000,.352,8.3,21.0,14.3,9.8,2.9,5.0,16.2,17.0,96,99,-0.2,4.2,4.0,.083,-3.7,4.5,0.8,1.6
27,Jusuf Nurkic\nurkiju01,20,DEN,NBA,2014-15,62,27,1103,14.8,.005,.345,11.8,26.1,18.7,7.3,2.4,4.8,16.3,20.7,96,101,-0.2,1.8,1.6,.069,-3.7,3.1,-0.6,0.4
28,Elfrid Payton\paytoel01,20,ORL,NBA,2014-15,82,63,2489,13.8,.059,.302,4.8,11.2,7.9,32.6,2.9,0.7,20.2,18.3,97,107,0.0,2.3,2.3,.044,-1.5,0.8,-0.7,0.8
29,Marcus Smart\smartma01,20,BOS,NBA,2014-15,67,38,1808,11.0,.570,.266,3.6,9.9,6.7,16.3,2.7,0.8,14.4,15.1,101,104,0.7,2.2,2.9,.077,-0.1,1.3,1.1,1.4
30,Andrew Wiggins\wiggian01,19,MIN,NBA,2014-15,82,82,2969,13.9,.111,.410,5.0,9.5,7.2,9.8,1.5,1.3,11.7,22.6,103,114,2.1,0.0,2.1,.034,-0.5,-1.8,-2.3,-0.2
31,Steven Adams\adamsst01,20,OKC,NBA,2013-14,81,20,1197,11.2,.000,.735,14.1,17.1,15.6,4.9,1.7,3.9,22.5,11.7,108,102,0.9,1.9,2.9,.114,-2.1,2.4,0.3,0.7
32,Giannis Antetokounmpo\antetgi01,19,MIL,NBA,2013-14,77,23,1897,10.8,.282,.483,4.6,16.3,10.2,12.1,1.7,2.6,19.4,15.0,99,110,0.1,1.1,1.2,.031,-2.5,0.7,-1.8,0.1
33,Trey Burke\burketr01,21,UTA,NBA,2013-14,70,68,2262,12.6,.375,.126,1.8,9.0,5.3,29.4,1.0,0.2,12.2,21.8,101,115,1.0,0.0,0.9,.020,0.5,-3.0,-2.5,-0.3
34,Michael Carter-Williams\cartemi01,22,PHI,NBA,2013-14,70,70,2414,15.5,.197,.348,4.3,15.6,9.8,30.2,2.6,1.4,16.9,25.7,96,108,-0.8,2.1,1.3,.026,-0.6,0.4,-0.2,1.1
35,Gorgui Dieng\dienggo01,24,MIN,NBA,2013-14,60,15,818,16.5,.004,.410,13.4,26.9,20.0,7.2,1.8,4.6,16.8,16.8,106,100,0.7,1.5,2.2,.129,-2.4,3.1,0.7,0.5
36,Tim Hardaway\hardati02,21,NYK,NBA,2013-14,81,1,1875,12.7,.521,.186,1.2,6.6,3.8,5.8,1.2,0.3,5.9,19.6,112,114,2.7,0.4,3.1,.080,1.3,-3.5,-2.3,-0.1
37,Victor Oladipo\oladivi01,21,ORL,NBA,2013-14,80,44,2487,13.6,.241,.340,1.9,13.1,7.5,21.9,2.7,1.2,19.2,24.4,94,106,-1.4,2.8,1.3,.026,-1.6,0.8,-0.8,0.8
38,Kelly Olynyk\olynyke01,22,BOS,NBA,2013-14,70,9,1400,15.2,.227,.243,11.0,18.8,14.8,13.1,1.3,1.5,16.0,21.0,107,107,1.5,1.4,2.9,.101,0.3,0.2,0.5,0.9
39,Mason Plumlee\plumlma01,23,BRK,NBA,2013-14,70,22,1275,19.0,.010,.646,9.3,19.6,14.5,8.1,2.0,3.6,16.6,17.1,121,104,3.0,1.7,4.7,.176,0.5,1.9,2.4,1.4
40,Cody Zeller\zelleco01,21,CHA,NBA,2013-14,82,3,1416,13.1,.002,.495,9.4,18.8,14.1,10.4,1.5,2.3,15.0,18.9,101,102,0.4,2.2,2.6,.090,-3.2,1.8,-1.3,0.2
41,Harrison Barnes\barneha02,20,GSW,NBA,2012-13,81,81,2058,11.0,.231,.303,2.9,14.5,8.9,7.3,1.3,0.5,12.4,17.7,102,107,0.9,1.9,2.8,.065,-2.1,-0.3,-2.4,-0.2
42,Bradley Beal\bealbr01,19,WAS,NBA,2012-13,56,46,1745,13.6,.344,.231,2.7,10.8,6.7,13.7,1.5,1.3,10.6,22.2,102,105,1.0,2.0,3.0,.082,0.0,0.0,-0.1,0.9
43,Anthony Davis\davisan02,19,NOH,NBA,2012-13,64,60,1846,21.7,.009,.333,10.5,23.5,16.8,6.1,2.2,5.1,10.3,21.8,113,104,3.7,2.4,6.1,.159,0.5,1.9,2.3,2.0
44,Andre Drummond\drumman01,19,DET,NBA,2012-13,60,10,1243,21.6,.006,.465,15.4,27.2,21.2,4.1,2.5,6.1,12.2,17.2,114,99,2.2,2.3,4.5,.172,-0.3,2.6,2.4,1.4
45,Michael Kidd-Gilchrist\kiddgmi01,19,CHA,NBA,2012-13,78,77,2025,14.0,.015,.305,7.2,18.9,12.9,10.1,1.4,2.8,12.7,17.9,102,110,1.1,1.0,2.1,.051,-2.3,0.1,-2.2,-0.1
46,Damian Lillard\lillada01,22,POR,NBA,2012-13,82,82,3167,16.4,.391,.249,1.5,8.0,4.7,28.8,1.2,0.5,14.5,24.2,108,112,5.1,0.7,5.8,.088,2.7,-2.4,0.3,1.9
47,Kyle Singler\singlky01,24,DET,NBA,2012-13,82,74,2293,10.0,.312,.193,5.4,11.3,8.3,5.3,1.3,1.3,12.3,15.8,102,110,1.1,1.2,2.3,.048,-1.2,-0.7,-1.9,0.1
48,Jonas Valanciunas\valanjo01,20,TOR,NBA,2012-13,62,57,1482,15.6,.000,.505,9.6,20.5,14.9,5.0,0.6,4.2,17.4,16.9,113,106,2.5,1.5,3.9,.127,-1.3,0.9,-0.4,0.6
49,Dion Waiters\waitedi01,21,CLE,NBA,2012-13,61,48,1756,13.7,.249,.261,1.4,8.8,4.9,18.4,1.7,0.7,11.8,26.1,99,111,0.3,0.6,0.9,.026,-0.5,-2.7,-3.2,-0.5
50,Tyler Zeller\zellety01,23,CLE,NBA,2012-13,77,55,2033,11.0,.007,.281,8.7,16.7,12.5,7.4,0.9,2.8,13.1,15.9,102,110,0.8,1.2,2.0,.048,-2.7,0.4,-2.3,-0.1
51,MarShon Brooks\brookma01,23,NJN,NBA,2011-12,56,47,1648,12.9,.234,.231,4.8,9.4,7.0,14.6,1.7,0.7,14.3,22.9,98,111,0.5,0.3,0.8,.022,-0.7,-1.8,-2.5,-0.2
52,Kenneth Faried\farieke01,22,DEN,NBA,2011-12,46,39,1037,21.9,.000,.531,16.5,22.9,19.8,5.5,1.7,3.6,12.4,18.7,123,103,3.2,1.3,4.6,.212,2.3,1.0,3.4,1.4
53,Kyrie Irving\irvinky01,19,CLE,NBA,2011-12,51,51,1558,21.4,.245,.262,3.1,11.2,7.0,36.5,1.8,1.0,16.1,28.7,109,110,3.4,0.6,4.1,.125,4.9,-1.7,3.3,2.1
54,Brandon Knight\knighbr03,20,DET,NBA,2011-12,66,60,2129,11.7,.359,.178,1.8,10.3,5.9,20.8,1.2,0.4,17.1,21.7,97,109,0.3,1.0,1.3,.029,0.0,-2.0,-1.9,0.0
55,Kawhi Leonard\leonaka01,20,SAS,NBA,2011-12,64,39,1534,16.6,.270,.218,7.9,16.4,12.2,6.6,2.9,1.1,9.0,14.5,119,101,3.1,2.4,5.5,.171,2.0,2.3,4.3,2.4
56,Chandler Parsons\parsoch01,23,HOU,NBA,2011-12,63,57,1804,13.3,.324,.142,5.7,13.6,9.6,11.7,2.1,1.2,12.2,16.7,105,105,1.6,1.8,3.4,.090,0.5,1.2,1.7,1.7
57,Ricky Rubio\rubiori01,21,MIN,NBA,2011-12,41,31,1404,14.6,.242,.404,1.6,11.9,6.7,37.4,3.3,0.4,22.2,18.7,99,104,0.5,1.5,2.0,.070,-0.2,1.1,0.9,1.0
58,Iman Shumpert\shumpim01,21,NYK,NBA,2011-12,59,35,1705,10.8,.294,.204,2.8,9.9,6.3,15.6,3.1,0.4,16.0,18.2,96,101,-0.1,2.5,2.4,.068,-1.3,1.4,0.1,0.9
59,Isaiah Thomas\thomais02,22,SAC,NBA,2011-12,65,37,1656,17.6,.384,.324,3.0,8.4,5.6,25.6,1.6,0.4,13.9,19.8,116,113,4.2,0.0,4.3,.124,3.2,-2.7,0.5,1.1
60,Klay Thompson\thompkl01,21,GSW,NBA,2011-12,66,29,1608,14.9,.373,.127,1.7,9.6,5.7,14.2,1.6,1.0,12.0,24.7,102,111,1.4,0.3,1.7,.050,0.9,-2.8,-1.9,0.1
61,Tristan Thompson\thomptr01,20,CLE,NBA,2011-12,60,25,1424,13.3,.005,.434,14.4,16.8,15.5,3.3,1.0,3.3,13.3,19.2,98,108,0.3,0.9,1.1,.038,-3.2,-1.0,-4.2,-0.8
62,Derrick Williams\willide02,20,MIN,NBA,2011-12,66,15,1418,12.9,.277,.392,6.0,18.4,12.2,4.5,1.1,1.6,11.7,20.7,100,106,0.6,1.2,1.8,.059,-2.3,-0.8,-3.1,-0.4
63,Eric Bledsoe\bledser01,21,LAC,NBA,2010-11,81,25,1841,10.8,.239,.274,4.4,9.8,7.1,24.2,2.6,1.1,26.3,17.9,93,108,-1.3,1.6,0.3,.008,-2.6,0.6,-2.0,0.0
64,DeMarcus Cousins\couside01,20,SAC,NBA,2010-11,81,62,2309,14.6,.018,.400,10.4,24.4,17.2,14.7,1.9,2.1,18.5,27.2,94,105,-1.9,2.9,1.1,.022,-2.9,1.5,-1.4,0.4
65,Derrick Favors\favorde01,19,TOT,NBA,2010-11,78,27,1535,13.8,.000,.416,12.9,19.1,16.0,4.2,1.0,3.5,13.5,17.1,108,108,1.5,1.4,2.9,.091,-2.1,0.0,-2.1,0.0
66,Landry Fields\fieldla01,22,NYK,NBA,2010-11,82,81,2541,13.5,.364,.244,4.7,18.9,11.7,9.0,1.6,0.5,13.8,13.5,115,110,3.4,1.8,5.3,.100,0.5,0.1,0.6,1.7
67,Paul George\georgpa01,20,IND,NBA,2010-11,61,19,1265,13.0,.349,.256,3.3,16.3,9.8,8.3,2.5,1.5,13.7,17.8,103,104,0.5,1.9,2.4,.091,-1.2,1.2,0.0,0.6
68,Blake Griffin\griffbl01,21,LAC,NBA,2010-11,82,82,3112,21.9,.017,.505,10.2,26.9,18.6,18.7,1.0,1.1,11.7,27.3,111,107,6.5,3.4,9.8,.152,2.2,0.9,3.2,4.0
69,Wesley Johnson\johnswe01,23,MIN,NBA,2010-11,79,63,2069,10.2,.424,.135,2.7,10.4,6.4,11.0,1.4,2.0,11.6,16.8,101,112,0.4,0.9,1.3,.030,-1.1,-0.4,-1.6,0.2
70,Greg Monroe\monrogr01,20,DET,NBA,2010-11,80,48,2222,18.0,.002,.424,13.0,20.4,16.5,7.5,2.3,1.6,11.0,15.4,120,109,4.7,1.9,6.6,.143,1.4,1.0,2.5,2.5
71,Gary Neal\nealga01,26,SAS,NBA,2010-11,80,1,1685,13.1,.487,.165,1.5,11.8,6.8,9.1,0.8,0.2,10.3,20.6,110,109,2.1,1.4,3.5,.099,0.9,-1.9,-1.1,0.4
72,John Wall\walljo01,20,WAS,NBA,2010-11,69,64,2606,15.8,.118,.404,1.5,12.8,6.9,36.0,2.4,1.0,18.6,23.8,100,110,0.3,1.9,2.2,.041,0.0,-0.2,-0.2,1.2
73,DeJuan Blair\blairde01,20,SAS,NBA,2009-10,82,23,1494,17.7,.004,.325,16.0,25.1,20.6,7.1,1.8,1.9,16.5,20.8,108,101,1.8,2.8,4.6,.147,-0.7,1.4,0.7,1.0
74,Darren Collison\collida01,22,NOH,NBA,2009-10,76,37,2109,16.5,.146,.221,2.2,8.6,5.3,32.9,1.9,0.1,18.9,23.1,105,112,1.9,1.1,2.9,.067,0.2,-1.9,-1.7,0.2
75,Stephen Curry\curryst01,21,GSW,NBA,2009-10,80,77,2896,16.3,.332,.175,1.8,12.0,6.8,24.6,2.5,0.5,16.5,21.8,107,111,3.0,1.6,4.7,.077,1.8,-0.7,1.0,2.2
76,Tyreke Evans\evansty01,20,SAC,NBA,2009-10,72,72,2677,18.2,.121,.399,2.8,13.6,8.1,26.1,2.1,0.7,13.6,26.2,107,110,3.3,2.1,5.4,.097,1.6,0.0,1.6,2.5
77,Jonny Flynn\flynnjo01,20,MIN,NBA,2009-10,81,81,2339,13.0,.226,.284,1.1,8.1,4.6,24.7,1.8,0.1,17.9,24.2,97,114,-0.6,0.7,0.1,.002,-1.2,-2.5,-3.6,-1.0
78,Taj Gibson\gibsota01,24,CHI,NBA,2009-10,82,70,2204,13.8,.000,.278,11.6,19.2,15.4,5.0,1.2,3.6,13.9,16.7,104,103,1.2,3.5,4.7,.103,-2.3,1.8,-0.6,0.8
79,James Harden\hardeja01,20,OKC,NBA,2009-10,76,0,1738,14.0,.429,.415,3.2,12.7,8.1,12.3,2.4,0.9,13.4,20.4,109,104,2.0,2.5,4.5,.124,0.7,0.3,1.0,1.3
80,Brandon Jennings\jennibr01,20,MIL,NBA,2009-10,82,82,2671,14.5,.319,.225,2.0,10.4,6.0,29.6,2.1,0.5,13.0,26.1,100,104,0.3,3.9,4.2,.075,0.6,0.2,0.9,1.9
81,Jonas Jerebko\jerebjo01,22,DET,NBA,2009-10,80,73,2232,13.9,.191,.292,9.9,16.5,13.0,4.2,1.9,1.1,10.8,15.7,113,111,2.9,1.5,4.4,.095,0.1,-0.3,-0.2,1.0
82,Marcus Thornton\thornma01,22,NOH,NBA,2009-10,73,17,1872,17.4,.354,.200,4.4,8.9,6.6,10.3,1.6,0.4,7.3,25.3,111,112,3.1,0.9,4.0,.103,2.3,-2.7,-0.4,0.8
83,D.J. Augustin\augusdj01,21,CHA,NBA,2008-09,72,12,1908,14.9,.396,.375,1.1,7.5,4.3,22.6,1.2,0.1,14.1,20.8,115,110,3.6,1.5,5.1,.128,1.6,-2.3,-0.7,0.6
84,Michael Beasley\beaslmi01,20,MIA,NBA,2008-09,81,19,2009,17.2,.085,.252,6.5,19.8,13.1,7.7,1.1,1.5,10.2,27.7,103,108,1.2,2.2,3.4,.081,-2.4,-1.9,-4.3,-1.2
85,Mario Chalmers\chalmma01,22,MIA,NBA,2008-09,82,82,2626,13.3,.470,.292,1.7,8.8,5.2,23.5,3.3,0.2,18.1,16.3,107,107,2.1,3.1,5.2,.095,0.4,0.3,0.8,1.8
86,Rudy Fernandez\fernaru01,23,POR,NBA,2008-09,78,4,1993,15.5,.632,.227,2.9,10.1,6.4,12.7,1.9,0.5,11.0,18.4,120,109,4.3,1.8,6.1,.147,3.6,-0.6,3.1,2.5
87,Marc Gasol\gasolma01,24,MEM,NBA,2008-09,82,75,2521,16.7,.002,.567,9.6,20.0,14.7,9.7,1.3,2.9,16.6,18.3,112,108,3.7,2.7,6.4,.121,-0.2,1.5,1.2,2.1
88,Eric Gordon\gordoer01,20,LAC,NBA,2008-09,78,65,2677,14.9,.374,.388,1.9,6.9,4.3,13.6,1.5,1.0,13.5,20.7,112,115,3.9,0.7,4.6,.082,1.4,-1.9,-0.4,1.1
89,Brook Lopez\lopezbr01,20,NJN,NBA,2008-09,82,75,2501,17.9,.002,.257,10.6,21.2,15.8,6.2,0.9,4.9,13.5,20.3,110,108,3.2,2.7,5.8,.112,-1.2,1.2,0.0,1.2
90,Kevin Love\loveke01,20,MIN,NBA,2008-09,81,37,2048,18.3,.028,.488,15.1,27.3,21.0,6.8,0.9,1.9,12.4,21.0,112,109,3.4,1.9,5.3,.124,-0.7,-0.4,-1.1,0.5
91,O.J. Mayo\mayooj01,21,MEM,NBA,2008-09,82,82,3120,14.2,.295,.219,2.2,10.1,6.1,15.5,1.6,0.3,13.8,24.5,103,112,1.5,1.8,3.4,.052,0.7,-1.6,-0.9,0.9
92,Derrick Rose\rosede01,20,CHI,NBA,2008-09,81,80,3000,16.0,.060,.207,3.7,8.4,6.1,28.8,1.1,0.4,13.3,22.6,108,113,3.4,1.5,4.9,.078,0.9,-1.5,-0.6,1.1
93,Russell Westbrook\westbru01,20,OKC,NBA,2008-09,82,65,2668,15.2,.118,.391,7.6,9.7,8.6,27.5,2.1,0.4,17.6,25.8,99,111,-0.1,2.0,1.9,.035,0.1,-0.2,-0.1,1.3
94,Kevin Durant\duranke01,19,SEA,NBA,2007-08,80,80,2768,15.8,.150,.328,2.8,10.9,6.9,12.0,1.4,1.9,12.9,28.1,100,110,0.4,1.9,2.3,.040,-0.6,-0.7,-1.4,0.4
95,Jeff Green\greenje02,21,SEA,NBA,2007-08,80,52,2253,9.8,.101,.318,4.9,13.4,9.2,8.2,1.0,1.6,15.6,19.4,94,111,-1.3,1.5,0.2,.003,-3.3,0.1,-3.2,-0.7
96,Al Horford\horfoal01,21,ATL,NBA,2007-08,81,77,2540,14.7,.007,.317,11.4,24.5,18.0,7.9,1.2,2.2,15.3,16.0,108,106,2.4,3.0,5.5,.103,-1.3,1.1,-0.2,1.2
97,Carl Landry\landrca01,24,HOU,NBA,2007-08,42,0,711,21.4,.005,.498,15.5,17.3,16.4,5.2,1.3,0.7,8.9,18.8,130,102,2.5,1.2,3.7,.251,2.1,-0.3,1.8,0.7
98,Jamario Moon\moonja01,27,TOR,NBA,2007-08,78,75,2166,15.0,.212,.148,5.0,21.6,13.2,6.2,2.0,4.0,7.7,14.4,110,102,2.1,3.6,5.7,.126,-0.8,3.5,2.8,2.6
99,Juan Carlos Navarro\navarju01,27,MEM,NBA,2007-08,82,30,2117,11.9,.564,.191,1.8,9.4,5.6,13.3,1.1,0.0,13.9,20.2,103,115,1.0,0.4,1.4,.031,0.4,-2.7,-2.3,-0.1
100,Luis Scola\scolalu01,27,HOU,NBA,2007-08,82,39,2024,16.1,.004,.351,9.9,19.3,14.6,8.9,1.6,0.7,12.0,19.8,111,101,2.8,3.7,6.5,.154,-0.9,1.4,0.4,1.3
101,Rodney Stuckey\stuckro01,21,DET,NBA,2007-08,57,2,1081,13.8,.042,.408,3.5,10.8,7.1,23.9,2.5,0.4,14.8,23.1,101,103,0.4,1.6,2.0,.090,-1.6,0.5,-1.1,0.3
102,Al Thornton\thornal01,24,LAC,NBA,2007-08,79,31,2158,12.7,.149,.331,5.2,14.0,9.6,8.4,1.1,1.5,11.4,24.1,97,110,-0.5,1.6,1.1,.025,-2.5,-1.3,-3.8,-1.0
103,Thaddeus Young\youngth01,19,PHI,NBA,2007-08,74,22,1554,16.5,.039,.210,9.1,14.8,11.9,6.2,2.5,0.4,10.7,17.4,115,106,2.6,2.0,4.5,.140,0.3,0.3,0.6,1.0
104,LaMarcus Aldridge\aldrila01,21,POR,NBA,2006-07,63,22,1392,17.1,.004,.240,12.6,15.3,13.9,3.2,0.9,4.2,7.5,19.3,113,109,2.5,1.0,3.4,.118,-0.3,-0.6,-0.9,0.4
105,Andrea Bargnani\bargnan01,21,TOR,NBA,2006-07,65,2,1629,12.8,.429,.227,3.7,14.8,9.2,5.1,1.0,2.5,13.5,22.6,99,106,0.2,1.7,1.9,.057,-1.1,-0.7,-1.7,0.1
106,Randy Foye\foyera01,23,MIN,NBA,2006-07,82,12,1879,14.0,.268,.278,3.2,10.5,6.9,20.9,1.5,0.9,16.4,22.9,102,109,1.0,1.3,2.3,.058,-0.3,-1.3,-1.6,0.2
107,Jorge Garbajosa\garbajo01,29,TOR,NBA,2006-07,67,60,1909,12.1,.365,.147,2.9,17.5,10.2,10.1,2.1,0.6,10.2,15.2,101,105,0.6,2.4,3.0,.074,-0.8,1.7,0.8,1.4
108,Rudy Gay\gayru01,20,MEM,NBA,2006-07,78,43,2103,12.4,.188,.275,5.3,14.5,9.9,8.0,1.7,2.7,14.1,21.3,96,111,-0.5,1.0,0.5,.011,-2.2,-0.3,-2.5,-0.3
109,Walter Herrmann\herrmwa01,27,CHA,NBA,2006-07,48,12,936,16.1,.348,.161,3.4,14.5,8.8,5.0,0.9,0.6,8.3,18.7,117,110,1.8,0.6,2.4,.125,1.1,-2.4,-1.3,0.2
110,Paul Millsap\millspa01,21,UTA,NBA,2006-07,82,1,1472,17.6,.008,.523,15.1,19.8,17.5,6.7,2.4,4.2,16.1,17.8,112,102,2.4,2.3,4.7,.153,0.3,2.6,2.9,1.8
111,Adam Morrison\morriad01,22,CHA,NBA,2006-07,78,23,2326,7.9,.273,.179,2.7,9.2,5.9,11.9,0.6,0.2,11.3,22.4,91,112,-2.2,0.8,-1.5,-.030,-3.0,-2.5,-5.5,-2.0
112,Rajon Rondo\rondora01,20,BOS,NBA,2006-07,78,25,1831,13.1,.064,.409,4.7,14.6,9.5,26.3,3.6,0.3,20.5,16.5,97,103,-0.1,2.6,2.4,.064,-1.5,2.0,0.4,1.1
113,Brandon Roy\roybr01,22,POR,NBA,2006-07,57,55,2015,18.0,.191,.315,3.5,12.1,7.7,20.9,1.8,0.4,11.8,23.0,112,111,3.8,1.0,4.8,.114,2.8,-0.7,2.1,2.1
114,Craig Smith\smithcr01,23,MIN,NBA,2006-07,82,5,1537,15.7,.013,.402,11.9,20.3,16.2,5.4,1.8,0.9,12.0,18.7,110,106,2.1,1.7,3.9,.121,-1.0,-0.6,-1.7,0.1
115,Tyrus Thomas\thomaty01,20,CHI,NBA,2006-07,72,4,966,14.8,.007,.621,10.6,21.1,15.9,6.6,2.4,6.2,20.8,20.9,95,93,-0.4,2.6,2.2,.110,-4.4,4.5,0.1,0.5
116,Marcus Williams\willima03,21,NJN,NBA,2006-07,79,2,1315,11.5,.310,.162,2.6,11.9,7.3,34.4,1.2,0.1,20.1,25.0,92,109,-1.1,1.0,-0.1,-.004,-2.5,-2.3,-4.8,-0.9
117,Andrew Bogut\bogutan01,21,MIL,NBA,2005-06,82,77,2348,15.2,.005,.320,9.4,19.8,14.5,13.4,1.1,2.3,15.3,15.9,111,106,3.1,2.4,5.5,.113,-0.2,2.0,1.8,2.3
118,Raymond Felton\feltora01,21,CHA,NBA,2005-06,80,54,2406,14.2,.307,.251,3.5,9.7,6.4,30.9,2.2,0.3,15.7,21.4,100,109,0.8,1.8,2.6,.051,0.7,-0.8,0.0,1.2
119,Channing Frye\fryech01,22,NYK,NBA,2005-06,65,14,1572,18.1,.014,.358,10.6,18.5,14.5,6.6,1.0,2.5,11.6,24.2,110,110,2.6,0.9,3.5,.108,-0.2,-1.4,-1.6,0.2
120,Ryan Gomes\gomesry01,23,BOS,NBA,2005-06,61,33,1376,14.0,.025,.420,9.3,16.9,13.2,6.8,1.3,0.3,11.6,15.9,112,108,1.9,1.2,3.1,.108,-1.1,-0.8,-1.9,0.1
121,Danny Granger\grangda01,22,IND,NBA,2005-06,78,17,1765,14.7,.195,.310,8.8,16.0,12.5,8.8,1.8,2.6,12.8,16.4,110,101,2.1,3.0,5.1,.139,-0.5,2.6,2.1,1.9
122,Luther Head\headlu01,23,HOU,NBA,2005-06,80,27,2310,11.2,.497,.195,1.7,11.6,6.8,16.2,2.1,0.3,14.8,16.6,100,104,0.5,2.9,3.5,.072,-0.6,0.8,0.2,1.3
123,Chris Paul\paulch01,20,NOK,NBA,2005-06,78,78,2808,22.1,.187,.491,2.5,14.8,8.5,38.2,3.4,0.2,13.7,22.2,114,104,6.8,3.6,10.4,.178,4.7,1.4,6.1,5.7
124,Charlie Villanueva\villach01,21,TOR,NBA,2005-06,81,36,2361,16.4,.228,.170,9.0,18.4,13.5,6.5,1.3,2.1,8.9,21.7,107,111,2.9,1.0,3.9,.079,0.3,-1.3,-1.0,0.6
125,Deron Williams\willide01,21,UTA,NBA,2005-06,80,47,2307,12.4,.272,.168,1.8,8.4,5.1,28.6,1.4,0.6,14.4,20.3,103,110,1.5,1.3,2.8,.059,0.1,-2.4,-2.3,-0.2
126,Marvin Williams\willima02,19,ATL,NBA,2005-06,79,7,1952,12.2,.100,.476,7.3,16.5,11.8,5.2,1.3,0.9,11.4,16.9,109,112,2.1,0.7,2.8,.069,-1.7,-1.9,-3.7,-0.8
127,Josh Childress\childjo01,21,ATL,NBA,2004-05,80,44,2376,15.2,.087,.360,9.1,14.8,11.8,10.4,1.6,1.1,12.5,16.0,113,111,3.7,0.9,4.6,.093,0.3,-0.3,0.0,1.2
128,Luol Deng\denglu01,19,CHI,NBA,2004-05,61,45,1663,14.2,.181,.251,6.2,15.4,10.8,14.8,1.5,1.2,14.1,22.4,98,100,0.1,2.9,3.0,.086,-1.2,1.8,0.6,1.1
129,Ben Gordon\gordobe01,21,CHI,NBA,2004-05,82,3,2002,14.9,.313,.256,3.1,8.9,6.0,16.3,1.4,0.4,13.7,30.4,100,103,0.8,2.7,3.5,.084,0.7,-1.3,-0.6,0.7
130,Dwight Howard\howardw01,19,ORL,NBA,2004-05,82,82,2670,17.2,.003,.610,12.2,22.2,17.3,4.4,1.5,3.6,16.1,16.7,111,104,3.8,3.5,7.3,.131,-0.5,1.5,1.0,2.0
131,Andre Iguodala\iguodan01,21,PHI,NBA,2004-05,82,82,2686,13.5,.260,.385,3.7,15.9,9.7,14.3,2.6,1.4,17.9,12.8,110,102,2.7,4.0,6.6,.118,-0.6,2.9,2.3,2.9
132,Al Jefferson\jeffeal01,20,BOS,NBA,2004-05,71,1,1051,16.6,.008,.366,13.5,21.0,17.3,3.9,1.1,3.9,13.3,21.2,108,104,1.3,1.4,2.7,.123,-1.7,-0.9,-2.7,-0.2
133,Nenad Krstic\krstine01,21,NJN,NBA,2004-05,75,57,1965,13.4,.004,.447,9.7,14.9,12.3,7.1,0.9,2.6,14.1,19.0,106,104,1.9,2.5,4.4,.108,-2.1,0.5,-1.6,0.2
134,Jameer Nelson\nelsoja01,22,ORL,NBA,2004-05,79,21,1612,14.5,.225,.170,3.7,9.7,6.7,24.8,2.5,0.1,14.8,21.4,103,108,1.2,1.3,2.5,.074,0.7,-1.3,-0.5,0.6
135,Emeka Okafor\okafoem01,22,CHA,NBA,2004-05,73,73,2600,16.3,.001,.342,11.5,24.1,17.5,4.3,1.2,3.6,9.8,21.8,100,105,0.9,3.1,4.0,.074,-2.3,0.5,-1.9,0.1
136,Josh Smith\smithjo03,19,ATL,NBA,2004-05,74,59,2050,15.4,.038,.394,7.9,18.6,13.0,10.2,1.5,5.4,16.0,18.4,100,107,0.6,1.8,2.4,.055,-2.4,2.0,-0.4,0.8
137,Carmelo Anthony\anthoca01,19,DEN,NBA,2003-04,82,82,2995,17.6,.146,.358,6.8,12.1,9.4,13.8,1.7,1.0,12.7,28.5,102,105,3.7,2.4,6.1,.098,1.2,-1.2,0.1,1.6
138,Chris Bosh\boshch01,19,TOR,NBA,2003-04,75,63,2510,15.1,.020,.404,8.7,16.9,12.8,5.8,1.3,3.1,11.3,18.3,103,99,2.5,3.8,6.2,.119,-2.0,1.7,-0.3,1.1
139,Marquis Daniels\daniema01,23,DAL,NBA,2003-04,56,15,1039,20.1,.088,.190,6.7,8.6,7.6,17.4,2.6,0.9,9.0,20.6,115,108,2.7,0.4,3.2,.146,2.9,-1.1,1.8,1.0
140,T.J. Ford\fordtj01,20,MIL,NBA,2003-04,55,55,1472,12.1,.053,.246,2.9,10.8,6.8,37.4,2.1,0.1,24.0,17.9,93,106,-0.2,0.9,0.7,.022,-1.6,-0.9,-2.6,-0.2
141,Udonis Haslem\hasleud01,23,MIA,NBA,2003-04,75,24,1795,13.7,.007,.409,12.1,18.7,15.4,4.9,1.0,1.1,12.3,15.8,109,102,2.7,2.1,4.8,.128,-1.5,-0.2,-1.7,0.1
142,Jarvis Hayes\hayesja01,22,WAS,NBA,2003-04,70,42,2044,9.4,.188,.141,3.8,10.9,7.2,9.3,1.8,0.4,13.0,18.4,92,107,-0.6,1.1,0.5,.012,-2.6,-1.1,-3.7,-0.9
143,Kirk Hinrich\hinriki01,23,CHI,NBA,2003-04,76,66,2706,13.1,.448,.204,1.7,9.0,5.2,32.5,1.9,0.6,18.5,18.2,101,105,2.1,1.9,4.1,.072,0.8,-1.3,-0.5,1.0
144,Josh Howard\howarjo01,23,DAL,NBA,2003-04,67,29,1589,15.7,.124,.259,9.9,15.4,12.6,8.8,2.2,2.5,10.2,18.2,107,105,2.3,1.2,3.5,.104,0.6,0.5,1.2,1.3
145,LeBron James\jamesle01,19,CLE,NBA,2003-04,79,79,3122,18.3,.145,.308,3.5,11.8,7.6,27.8,2.2,1.3,13.9,28.2,99,104,2.4,2.6,5.1,.078,2.2,-0.2,1.9,3.1
146,Dwyane Wade\wadedw01,22,MIA,NBA,2003-04,61,56,2126,17.6,.066,.391,4.6,9.0,6.8,25.1,2.2,1.3,17.3,25.0,101,102,2.2,2.3,4.6,.103,0.9,0.4,1.3,1.8
147,Carlos Boozer\boozeca01,21,CLE,NBA,2002-03,81,54,2049,17.9,.002,.311,10.8,22.7,16.6,9.3,1.5,1.7,12.8,17.1,114,105,4.2,1.8,5.9,.139,0.3,-0.1,0.2,1.1
148,J.R. Bremer\bremejr01,22,BOS,NBA,2002-03,64,41,1503,12.7,.616,.239,1.3,9.8,5.5,19.2,1.3,0.2,10.3,17.7,106,105,1.8,1.2,3.0,.096,0.1,-2.0,-1.9,0.0
149,Caron Butler\butleca01,22,MIA,NBA,2002-03,78,78,2858,15.1,.104,.363,5.3,10.9,8.0,14.1,2.6,0.9,13.8,22.9,99,102,1.6,3.6,5.1,.086,0.1,1.6,1.7,2.7
150,Manu Ginobili\ginobma01,25,SAS,NBA,2002-03,69,5,1431,14.7,.373,.431,4.0,8.8,6.5,15.8,3.6,0.8,17.5,18.5,106,98,1.8,2.4,4.2,.141,1.1,1.5,2.6,1.7
151,Gordan Giricek\giricgo01,25,TOT,NBA,2002-03,76,62,2148,12.1,.310,.228,1.9,10.8,6.3,10.8,1.3,0.3,14.1,21.5,99,109,0.9,0.7,1.6,.036,-0.7,-2.3,-3.0,-0.6
152,Drew Gooden\goodedr01,21,TOT,NBA,2002-03,70,47,1873,15.0,.062,.273,9.8,17.7,13.7,7.8,1.5,1.3,14.7,24.5,97,106,0.4,1.3,1.7,.043,-1.9,-1.4,-3.3,-0.6
153,Nene Hilario\hilarne01,20,DEN,NBA,2002-03,80,53,2258,15.4,.005,.551,10.2,15.3,12.7,12.2,3.0,2.3,19.1,18.7,100,99,1.3,3.8,5.0,.107,-0.6,3.1,2.5,2.6
154,Yao Ming\mingya01,22,HOU,NBA,2002-03,82,72,2382,20.6,.002,.461,9.7,22.6,16.3,10.6,0.7,4.4,15.2,22.1,111,100,5.2,3.5,8.7,.176,0.2,1.7,1.9,2.4
155,Amar'e Stoudemire\stoudam01,20,PHO,NBA,2002-03,82,71,2570,16.2,.012,.583,10.9,20.9,15.9,5.0,1.3,2.5,15.3,21.5,103,101,2.6,3.6,6.2,.116,-1.6,0.4,-1.1,0.6
156,Jay Williams\willija03,21,CHI,NBA,2002-03,75,54,1961,12.2,.295,.235,1.5,9.3,5.5,29.2,2.3,0.6,18.4,21.0,94,107,-0.5,1.3,0.8,.020,-0.8,-1.4,-2.2,-0.1
157,Shane Battier\battish01,23,MEM,NBA,2001-02,78,78,3097,13.9,.287,.294,6.5,8.6,7.5,11.9,2.1,1.8,12.5,18.2,104,107,2.7,2.1,4.8,.074,0.9,0.9,1.9,3.0
158,Pau Gasol\gasolpa01,21,MEM,NBA,2001-02,82,79,3007,19.5,.005,.448,8.8,18.2,13.5,13.8,0.7,3.9,15.0,22.6,108,105,4.8,2.8,7.6,.121,0.7,1.5,2.2,3.2
159,Eddie Griffin\griffed01,19,HOU,NBA,2001-02,73,24,1896,13.8,.410,.129,7.0,18.2,12.5,4.8,0.5,4.8,6.3,18.4,101,107,1.0,1.4,2.4,.061,-1.6,-0.3,-2.0,0.0
160,Richard Jefferson\jefferi01,21,NJN,NBA,2001-02,79,9,1917,13.4,.095,.448,4.9,12.2,8.6,11.7,1.7,1.8,13.1,19.1,104,101,1.8,2.9,4.7,.117,-1.3,0.9,-0.4,0.8
161,Joe Johnson\johnsjo02,20,TOT,NBA,2001-02,77,60,1916,11.8,.223,.091,4.3,10.8,7.5,15.0,1.6,0.8,10.5,16.0,102,105,1.1,1.9,3.0,.075,-1.4,0.3,-1.1,0.4
162,Andrei Kirilenko\kirilan01,20,UTA,NBA,2001-02,82,40,2151,18.8,.158,.586,8.3,14.2,11.2,7.4,2.9,5.9,11.9,19.0,113,100,4.0,3.3,7.3,.164,0.8,3.0,3.8,3.2
163,Tony Parker\parketo01,19,SAS,NBA,2001-02,77,72,2267,11.7,.296,.250,1.7,8.0,5.0,23.9,2.1,0.2,17.5,17.7,99,103,0.8,2.9,3.8,.080,-0.5,0.1,-0.4,0.9
164,Vladimir Radmanovic\radmavl01,21,SEA,NBA,2001-02,61,16,1230,12.7,.444,.203,4.4,17.4,11.0,9.8,2.5,1.5,15.7,17.3,101,103,0.6,1.5,2.1,.084,-0.6,0.7,0.0,0.6
165,Zeljko Rebraca\rebraze01,29,DET,NBA,2001-02,74,4,1179,16.2,.000,.468,8.4,20.5,14.5,5.7,1.3,4.4,15.7,21.4,105,100,1.4,1.9,3.3,.134,-2.8,0.7,-2.2,0.0
166,Jason Richardson\richaja01,21,GSW,NBA,2001-02,80,75,2629,13.8,.226,.193,4.9,9.0,6.9,15.4,2.0,0.8,11.9,21.5,102,110,2.0,0.9,2.9,.052,0.8,-1.3,-0.5,1.0
167,Jamaal Tinsley\tinslja01,23,IND,NBA,2001-02,80,78,2442,13.4,.230,.245,3.7,9.9,6.9,42.8,3.0,1.2,24.3,20.7,93,103,-1.3,2.9,1.7,.033,-0.8,0.4,-0.5,0.9
168,Courtney Alexander\alexaco02,23,TOT,NBA,2000-01,65,24,1382,11.6,.080,.262,3.5,8.4,5.9,8.0,1.7,0.3,10.5,23.2,96,109,0.3,0.5,0.8,.027,-1.8,-2.5,-4.4,-0.8
169,Marcus Fizer\fizerma01,22,CHI,NBA,2000-01,72,13,1580,11.0,.060,.249,5.5,18.5,11.8,9.4,1.0,0.9,14.7,24.7,89,108,-1.3,0.6,-0.7,-.022,-4.3,-2.9,-7.2,-2.1
170,Marc Jackson\jacksma02,26,GSW,NBA,2000-01,48,35,1410,16.1,.045,.378,8.3,19.8,13.6,7.3,1.2,1.4,13.6,20.5,105,107,1.9,0.7,2.6,.089,-1.1,-1.2,-2.4,-0.1
171,Kenyon Martin\martike01,23,NJN,NBA,2000-01,68,68,2272,13.4,.014,.247,6.7,19.0,12.7,10.4,1.8,3.7,13.8,19.9,93,102,-0.4,2.5,2.1,.044,-2.6,1.9,-0.7,0.8
172,Desmond Mason\masonde01,23,SEA,NBA,2000-01,78,14,1522,10.5,.153,.207,5.5,13.3,9.4,6.5,1.3,1.0,10.0,15.8,101,107,1.0,0.8,1.7,.055,-1.9,-1.1,-3.0,-0.4
173,Chris Mihm\mihmch01,21,CLE,NBA,2000-01,59,43,1166,12.6,.003,.322,10.6,17.3,13.9,2.4,0.9,3.3,15.2,20.4,97,105,0.3,1.0,1.3,.053,-3.4,-1.5,-5.0,-0.9
174,Darius Miles\milesda01,19,LAC,NBA,2000-01,81,21,2133,14.7,.030,.378,7.0,18.3,12.8,8.1,1.3,4.1,16.7,19.1,97,102,0.5,2.6,3.0,.068,-2.1,2.0,-0.1,1.0
175,Mike Miller\millemi01,20,ORL,NBA,2000-01,82,62,2390,13.2,.431,.151,3.0,12.4,7.6,9.7,1.1,0.6,9.7,18.5,108,105,3.3,1.9,5.3,.106,1.1,-1.5,-0.4,1.0
176,Morris Peterson\petermo01,23,TOR,NBA,2000-01,80,49,1809,14.1,.245,.215,6.8,9.4,8.1,9.6,1.8,0.8,9.6,20.1,105,105,2.3,1.3,3.6,.096,1.0,-1.1,-0.1,0.8
177,Hedo Turkoglu\turkohe01,21,SAC,NBA,2000-01,74,7,1245,11.7,.257,.334,4.4,13.6,9.1,8.3,2.1,1.3,12.5,15.6,103,100,1.0,1.8,2.8,.106,-1.6,0.9,-0.8,0.4
178,Chucky Atkins\atkinch01,25,ORL,NBA,1999-00,82,0,1626,14.4,.220,.179,1.3,7.1,4.2,30.9,1.6,0.1,15.1,24.3,100,106,1.1,1.3,2.4,.072,0.4,-2.6,-2.3,-0.1
179,Elton Brand\brandel01,20,CHI,NBA,1999-00,81,80,2999,20.6,.002,.410,13.3,18.4,15.8,11.8,1.2,3.3,12.9,27.0,104,103,4.2,3.3,7.5,.121,1.3,0.6,1.8,2.9
180,Steve Francis\francst01,22,HOU,NBA,1999-00,77,77,2776,18.4,.278,.327,6.3,10.2,8.3,31.6,2.2,0.7,19.3,25.0,105,107,4.4,2.0,6.4,.111,3.5,-0.2,3.4,3.7
181,Shawn Marion\mariosh01,21,PHO,NBA,1999-00,51,38,1260,17.1,.047,.180,9.5,19.7,14.7,9.1,1.5,3.0,9.1,19.6,107,97,1.7,2.4,4.1,.158,-0.9,1.8,0.9,0.9
182,Andre Miller\millean02,23,CLE,NBA,1999-00,82,36,2093,17.9,.065,.387,4.5,10.5,7.5,38.7,2.0,0.6,15.8,21.8,107,105,3.5,1.8,5.3,.122,1.8,-0.7,1.0,1.6
183,Lamar Odom\odomla01,20,LAC,NBA,1999-00,76,70,2767,16.8,.160,.410,6.2,18.2,12.0,20.2,1.7,2.3,17.6,23.5,100,108,1.7,1.5,3.2,.055,0.6,0.6,1.2,2.3
184,James Posey\poseyja01,23,DEN,NBA,1999-00,81,77,2052,13.0,.410,.280,4.5,12.4,8.4,10.8,2.4,1.1,13.6,14.8,109,105,2.5,1.9,4.3,.101,0.7,0.7,1.4,1.8
185,Wally Szczerbiak\szczewa02,22,MIN,NBA,1999-00,73,53,2171,15.4,.117,.241,4.7,9.9,7.3,14.2,1.4,0.8,10.1,17.1,116,106,4.5,1.7,6.2,.137,1.6,-0.4,1.2,1.8
186,Jason Terry\terryja01,22,ATL,NBA,1999-00,81,27,1888,13.9,.262,.233,1.4,8.2,4.8,29.3,2.5,0.3,19.1,19.2,100,108,0.9,0.9,1.9,.047,-0.1,-1.7,-1.8,0.1
187,Metta World Peace\artesro01,20,CHI,NBA,1999-00,72,63,2238,13.4,.252,.368,3.2,13.1,8.1,17.7,2.9,1.3,15.8,21.4,95,103,-0.3,2.6,2.3,.050,-1.1,0.8,-0.3,1.0
188,Mike Bibby\bibbymi01,20,VAN,NBA,1998-99,50,50,1758,14.8,.122,.279,2.0,7.2,4.6,35.1,2.4,0.2,17.7,21.5,99,110,1.1,0.2,1.3,.035,0.3,-2.5,-2.2,-0.1
189,Vince Carter\cartevi01,22,TOR,NBA,1998-99,50,49,1760,19.6,.086,.350,6.1,12.6,9.3,17.2,1.7,3.3,11.1,25.6,107,104,3.6,1.4,5.0,.136,2.1,-0.2,1.9,1.7
190,Michael Dickerson\dickemi01,23,HOU,NBA,1998-99,50,50,1558,11.5,.355,.156,2.1,4.0,3.1,10.4,0.9,0.5,11.8,16.9,107,109,2.0,0.2,2.2,.069,0.4,-2.3,-1.9,0.1
191,Michael Doleac\doleami01,21,ORL,NBA,1998-99,49,0,780,13.7,.000,.300,9.7,12.4,11.0,4.8,1.3,1.6,7.9,19.1,107,100,1.2,1.1,2.2,.138,-1.5,-0.8,-2.3,-0.1
192,Matt Harpring\harprma01,22,ORL,NBA,1998-99,50,22,1114,13.0,.078,.447,9.0,13.4,11.2,7.1,1.5,0.4,16.0,18.6,103,100,1.2,1.5,2.6,.113,-1.2,-0.2,-1.4,0.2
193,Antawn Jamison\jamisan01,22,GSW,NBA,1998-99,47,24,1058,16.6,.025,.388,12.9,17.6,15.2,5.9,1.9,1.1,12.8,22.2,100,100,0.9,1.4,2.3,.105,-1.1,0.0,-1.1,0.2
194,Cuttino Mobley\moblecu01,23,HOU,NBA,1998-99,49,37,1456,12.2,.365,.272,1.9,6.7,4.5,13.7,1.6,1.1,14.8,17.2,104,106,1.6,0.8,2.3,.077,-0.1,-0.9,-1.0,0.4
195,Michael Olowokandi\olowomi01,23,LAC,NBA,1998-99,45,36,1279,11.8,.000,.296,10.5,23.2,16.5,3.4,1.1,3.2,15.9,19.0,89,107,-0.8,0.5,-0.3,-.010,-4.1,-1.0,-5.1,-1.0
196,Paul Pierce\piercpa01,21,BOS,NBA,1998-99,48,47,1632,19.2,.315,.301,7.8,13.6,10.6,12.3,2.6,2.2,13.4,23.1,106,101,2.9,2.0,4.9,.144,3.0,0.7,3.7,2.3
197,Jason Williams\willija02,23,SAC,NBA,1998-99,50,50,1805,12.8,.524,.170,0.8,8.1,4.5,25.2,2.6,0.0,17.7,19.1,97,105,0.7,1.3,2.1,.055,0.4,-1.0,-0.6,0.6
198,Derek Anderson\anderde01,23,CLE,NBA,1997-98,66,13,1839,15.3,.143,.538,3.7,8.7,6.2,21.3,2.5,0.5,15.0,21.4,107,101,2.6,2.8,5.3,.139,0.4,0.7,1.0,1.4
199,Tim Duncan\duncati01,21,SAS,NBA,1997-98,82,82,3204,22.6,.008,.375,10.5,23.8,17.6,13.7,0.9,4.5,15.7,26.0,108,95,5.6,7.2,12.8,.192,1.8,3.7,5.5,6.0
200,Cedric Henderson\hendece02,22,CLE,NBA,1997-98,82,71,2527,10.7,.006,.262,3.5,12.2,7.9,11.6,2.0,1.4,16.9,17.8,96,100,-0.2,4.0,3.8,.072,-2.6,2.2,-0.5,1.0
201,Zydrunas Ilgauskas\ilgauzy01,22,CLE,NBA,1997-98,82,81,2379,19.7,.005,.345,14.6,22.6,18.6,5.7,1.2,4.3,12.6,22.4,111,97,4.5,4.9,9.4,.189,0.3,1.7,2.0,2.4
202,Bobby Jackson\jacksbo01,24,DEN,NBA,1997-98,68,53,2042,13.6,.102,.231,4.4,13.3,8.7,29.5,2.8,0.4,17.4,23.5,92,111,-1.3,0.7,-0.6,-.014,-1.2,-1.0,-2.2,-0.1
203,Brevin Knight\knighbr01,22,CLE,NBA,1997-98,80,76,2483,17.1,.012,.424,3.4,9.1,6.3,43.7,4.2,0.6,21.6,16.7,109,97,3.5,4.9,8.4,.163,0.7,1.6,2.3,2.7
204,Ron Mercer\mercero01,21,BOS,NBA,1997-98,80,62,2662,14.1,.024,.196,4.4,8.3,6.2,11.6,2.4,0.5,9.6,22.3,103,108,2.2,1.9,4.0,.073,-0.9,-1.1,-2.0,0.0
205,Maurice Taylor\tayloma01,21,LAC,NBA,1997-98,71,3,1513,16.1,.001,.361,8.8,13.5,11.1,6.6,1.2,1.8,12.0,26.1,103,112,1.5,0.3,1.8,.057,-1.6,-3.0,-4.6,-1.0
206,Tim Thomas\thomati01,20,PHI,NBA,1997-98,77,48,1779,14.9,.250,.338,6.9,11.8,9.3,9.3,1.6,0.7,13.1,22.8,105,107,2.1,1.3,3.4,.091,0.6,-1.9,-1.3,0.3
207,Keith Van Horn\vanhoke01,22,NJN,NBA,1997-98,62,62,2325,15.7,.214,.291,6.6,14.1,10.1,7.9,1.5,0.8,12.2,25.2,106,108,3.2,1.6,4.8,.098,1.0,-1.4,-0.4,0.9
208,Shareef Abdur-Rahim\abdursh01,20,VAN,NBA,1996-97,80,71,2802,17.4,.022,.428,8.8,14.2,11.5,12.1,1.5,2.2,13.5,27.6,102,112,1.7,1.2,2.9,.049,-0.8,-1.2,-2.0,0.0
209,Ray Allen\allenra02,21,MIL,NBA,1996-97,82,81,2532,14.6,.328,.274,4.7,11.0,7.9,13.9,1.6,0.3,12.8,21.4,109,110,3.3,1.5,4.9,.092,1.6,-1.2,0.3,1.5
210,Kobe Bryant\bryanko01,18,LAL,NBA,1996-97,71,6,1103,14.4,.322,.393,4.9,8.7,6.8,13.8,2.3,1.6,18.5,24.7,101,105,0.5,1.3,1.8,.079,-0.9,-0.8,-1.7,0.1
211,Marcus Camby\cambyma01,22,TOR,NBA,1996-97,63,38,1897,17.8,.018,.339,7.9,16.7,12.2,9.6,1.8,5.5,13.0,24.3,103,105,1.4,2.3,3.7,.095,-1.8,1.5,-0.3,0.8
212,Allen Iverson\iversal01,21,PHI,NBA,1996-97,76,74,3045,18.0,.303,.362,4.0,7.2,5.6,33.6,2.6,0.6,16.2,28.9,104,112,3.1,1.0,4.1,.065,3.4,-2.0,1.5,2.7
213,Kerry Kittles\kittlke01,22,NJN,NBA,1996-97,82,57,3012,16.0,.352,.191,3.6,8.1,5.7,14.0,2.7,0.9,9.0,20.1,113,110,5.1,1.8,6.9,.110,2.4,-0.4,2.0,3.1
214,Travis Knight\knightr01,22,LAL,NBA,1996-97,71,14,1156,14.1,.000,.364,13.0,18.5,15.7,5.3,1.4,3.8,13.3,14.3,112,102,1.4,1.8,3.3,.137,-1.8,1.6,-0.2,0.5
215,Matt Maloney\malonma01,25,HOU,NBA,1996-97,82,82,2386,12.3,.620,.151,1.0,6.5,3.9,19.5,1.8,0.0,15.7,14.8,113,108,3.2,2.1,5.3,.107,0.9,-1.1,-0.1,1.1
216,Stephon Marbury\marbust01,19,MIN,NBA,1996-97,67,64,2324,16.1,.331,.387,2.8,6.6,4.7,38.1,1.5,0.6,17.1,24.2,105,111,2.5,1.2,3.7,.077,2.0,-3.0,-1.0,0.6
217,Antoine Walker\walkean02,20,BOS,NBA,1996-97,82,68,2970,15.5,.117,.270,10.4,19.0,14.4,15.3,1.8,1.3,13.2,25.2,98,111,0.0,1.7,1.7,.027,-0.7,-0.3,-1.0,0.8
218,Brent Barry\barrybr01,24,LAC,NBA,1995-96,79,44,1898,15.9,.496,.229,2.4,8.4,5.3,18.8,2.6,0.9,15.4,18.3,117,111,3.7,1.2,4.9,.124,2.7,-1.0,1.7,1.8
219,Tyus Edney\edneyty01,22,SAC,NBA,1995-96,80,60,2481,12.7,.195,.341,2.9,6.5,4.7,31.5,1.8,0.1,18.4,18.5,106,112,2.0,1.2,3.3,.064,-0.2,-1.9,-2.2,-0.1
220,Michael Finley\finlemi01,22,PHO,NBA,1995-96,82,72,3212,14.0,.191,.331,5.1,8.3,6.7,13.9,1.4,0.7,10.6,17.3,114,113,5.0,1.3,6.3,.095,1.6,-0.5,1.1,2.5
221,Kevin Garnett\garneke01,19,MIN,NBA,1995-96,80,43,2293,15.8,.038,.203,9.1,17.0,13.1,10.6,1.9,4.4,12.1,17.6,107,107,1.8,2.6,4.4,.092,-0.7,2.4,1.7,2.1
222,Antonio McDyess\mcdyean01,21,DEN,NBA,1995-96,76,75,2280,15.6,.005,.276,11.6,17.4,14.5,5.8,1.2,3.6,13.5,22.4,102,107,0.9,2.7,3.6,.075,-2.0,0.4,-1.6,0.2
223,Bryant Reeves\reevebr01,22,VAN,NBA,1995-96,77,63,2460,13.4,.003,.341,8.2,19.4,13.6,8.3,0.9,1.7,13.5,21.6,99,108,0.0,2.3,2.3,.045,-3.3,0.0,-3.3,-0.8
224,Arvydas Sabonis\sabonar01,31,POR,NBA,1995-96,73,21,1735,24.7,.144,.422,9.7,28.8,19.3,13.8,1.9,3.4,15.2,25.5,116,97,4.5,3.9,8.4,.233,2.5,3.1,5.6,3.3
225,Joe Smith\smithjo02,20,GSW,NBA,1995-96,82,82,2821,17.2,.027,.383,12.1,17.2,14.6,4.6,1.5,3.4,10.3,20.6,111,108,4.1,2.7,6.8,.116,-0.5,0.3,-0.2,1.3
226,Jerry Stackhouse\stackje01,21,PHI,NBA,1995-96,72,71,2701,14.8,.268,.475,3.7,7.7,5.7,19.0,1.5,2.1,16.0,26.0,101,115,0.8,0.4,1.2,.021,0.1,-1.6,-1.4,0.4
227,Damon Stoudamire\stoudda01,22,TOR,NBA,1995-96,70,70,2865,16.7,.298,.262,2.4,9.3,5.8,37.4,1.8,0.5,17.5,23.5,108,115,3.7,0.6,4.3,.072,2.2,-2.7,-0.6,1.0
228,Rasheed Wallace\wallara01,21,WSB,NBA,1995-96,65,51,1788,11.8,.145,.212,6.2,13.6,10.0,7.3,1.2,2.2,14.3,18.0,102,108,0.6,1.8,2.3,.063,-1.6,0.4,-1.2,0.4
229,Brian Grant\grantbr01,22,SAC,NBA,1994-95,80,59,2289,16.5,.005,.449,10.7,19.5,15.2,7.4,1.1,3.8,14.4,22.0,106,104,1.9,3.4,5.3,.112,-1.4,1.6,0.2,1.3
230,Grant Hill\hillgr01,22,DET,NBA,1994-95,70,69,2678,19.0,.025,.480,5.4,14.1,9.7,22.5,2.4,1.7,13.5,24.9,109,111,3.7,1.8,5.4,.097,1.2,0.6,1.8,2.6
231,Juwan Howard\howarju01,21,WSB,NBA,1994-95,65,52,2348,15.0,.008,.314,8.7,18.4,13.4,11.6,1.1,0.5,13.5,22.8,104,112,1.3,1.5,2.8,.057,-0.9,-0.6,-1.5,0.3
232,Eddie Jones\jonesed02,23,LAL,NBA,1994-95,64,58,1981,16.3,.331,.227,4.4,9.5,7.0,9.9,3.3,1.4,8.4,19.4,113,108,2.9,2.1,5.0,.122,1.8,0.5,2.3,2.1
233,Jason Kidd\kiddja01,21,DAL,NBA,1994-95,79,79,2668,15.1,.300,.321,5.8,11.9,8.7,33.2,2.9,0.6,20.4,19.0,103,109,1.1,2.6,3.7,.066,0.8,0.9,1.7,2.5
234,Donyell Marshall\marshdo01,21,TOT,NBA,1994-95,72,31,2086,12.5,.277,.253,7.6,15.0,11.3,8.6,1.1,3.0,10.6,22.9,96,112,-0.9,1.2,0.3,.007,-2.2,-0.7,-2.9,-0.5
235,Eric Montross\montrer01,23,BOS,NBA,1994-95,78,75,2315,12.1,.002,.457,9.6,18.7,14.1,2.3,0.6,1.8,14.0,15.0,111,111,2.3,1.8,4.1,.084,-1.6,-0.6,-2.2,-0.1
236,Wesley Person\persowe01,23,PHO,NBA,1994-95,78,56,1800,14.2,.417,.158,4.3,8.6,6.4,8.6,1.3,1.0,10.4,18.3,116,113,3.0,0.8,3.8,.101,1.8,-1.7,0.1,1.0
237,Glenn Robinson\robingl01,22,MIL,NBA,1994-95,80,76,2958,16.6,.190,.354,6.7,14.4,10.4,12.2,2.0,0.6,16.1,29.1,102,111,1.1,2.2,3.2,.053,0.1,-1.2,-1.1,0.7
238,Jalen Rose\roseja01,22,DEN,NBA,1994-95,81,37,1798,15.1,.228,.468,3.9,10.4,7.2,33.3,1.9,0.9,21.0,19.1,110,110,2.4,1.5,3.8,.103,0.7,-1.0,-0.4,0.7
239,Sharone Wright\wrighsh01,22,PHI,NBA,1994-95,79,49,2044,14.0,.010,.363,10.8,16.1,13.5,4.1,1.0,3.7,14.4,23.0,99,109,-0.2,1.9,1.7,.040,-3.3,-0.8,-4.1,-1.1
240,Vin Baker\bakervi01,22,MIL,NBA,1993-94,82,63,2560,16.1,.006,.473,11.8,16.3,13.9,10.6,1.2,3.0,13.4,20.5,106,109,2.6,1.7,4.4,.082,-0.3,0.3,0.0,1.3
241,Shawn Bradley\bradlsh01,21,PHI,NBA,1993-94,49,45,1385,11.6,.006,.342,7.7,16.5,12.1,11.1,1.6,6.4,20.8,22.4,84,105,-2.7,1.6,-1.1,-.039,-5.4,2.9,-2.6,-0.2
242,Anfernee Hardaway\hardaan01,22,ORL,NBA,1993-94,82,82,3015,17.4,.171,.302,7.2,9.1,8.2,26.6,3.2,1.1,19.1,21.7,107,106,3.8,3.3,7.1,.112,2.4,1.4,3.9,4.5
243,Lindsey Hunter\hunteli01,23,DET,NBA,1993-94,82,26,2172,12.0,.232,.159,2.4,7.3,4.8,27.7,2.8,0.3,16.1,23.0,92,111,-1.8,1.0,-0.8,-.017,-1.5,-1.3,-2.9,-0.5
244,Toni Kukoc\kukocto01,25,CHI,NBA,1993-94,75,8,1808,15.4,.163,.289,6.3,12.9,9.6,21.5,2.3,1.3,16.9,24.1,100,102,0.5,2.7,3.2,.086,-0.5,0.8,0.4,1.1
245,Jamal Mashburn\mashbja01,21,DAL,NBA,1993-94,79,73,2896,13.2,.216,.317,3.9,10.3,6.8,15.8,1.6,0.3,13.5,26.6,97,112,-0.2,1.0,0.9,.014,-0.2,-2.2,-2.5,-0.4
246,Dino Radja\radjadi01,26,BOS,NBA,1993-94,80,47,2303,18.2,.001,.320,9.3,19.0,14.1,7.9,1.5,1.8,12.2,23.0,110,107,3.8,2.2,5.9,.124,0.8,-0.2,0.5,1.5
247,Isaiah Rider\rideris01,22,MIN,NBA,1993-94,79,60,2415,14.2,.135,.238,5.9,9.3,7.6,15.5,1.1,0.7,15.0,26.2,100,112,0.9,0.8,1.7,.034,0.4,-2.2,-1.8,0.1
248,Nick Van Exel\vanexni01,22,LAL,NBA,1993-94,81,80,2700,13.6,.347,.183,1.8,8.0,4.8,25.4,1.6,0.2,11.3,19.9,106,113,2.7,0.7,3.4,.061,1.1,-2.5,-1.4,0.4
249,Chris Webber\webbech01,20,GSW,NBA,1993-94,76,76,2438,21.7,.014,.342,13.8,17.0,15.4,17.1,1.8,4.1,14.7,23.7,110,104,4.6,3.2,7.8,.154,2.9,2.4,5.3,4.5
250,Richard Dumas\dumasri02,23,PHO,NBA,1992-93,48,32,1320,18.6,.005,.373,8.6,10.1,9.4,6.9,3.1,1.8,12.1,23.8,111,105,2.1,1.9,3.9,.142,0.8,0.6,1.4,1.2
251,LaPhonso Ellis\ellisla01,22,DEN,NBA,1992-93,82,82,2749,16.6,.014,.331,10.5,18.2,14.3,8.2,1.3,2.4,12.2,18.5,113,105,4.1,3.8,8.0,.139,0.4,1.4,1.9,2.7
252,Tom Gugliotta\guglito01,23,WSB,NBA,1992-93,81,81,2795,14.6,.119,.248,8.7,23.1,15.7,16.6,2.4,0.8,15.5,22.6,95,107,-1.6,3.2,1.6,.028,-1.3,1.5,0.2,1.5
253,Robert Horry\horryro01,22,HOU,NBA,1992-93,79,79,2330,12.1,.069,.293,5.8,12.8,9.5,11.9,1.7,2.2,16.8,17.5,101,105,0.4,3.2,3.6,.075,-2.0,1.9,0.0,1.2
254,Christian Laettner\laettch01,23,MIN,NBA,1992-93,81,81,2823,17.3,.038,.521,7.4,22.7,15.1,13.4,1.9,1.9,17.4,24.9,105,108,2.2,2.8,5.0,.085,-0.3,0.6,0.3,1.6
255,Alonzo Mourning\mournal01,22,CHH,NBA,1992-93,78,78,2644,20.8,.003,.567,11.2,21.0,16.4,4.3,0.5,5.8,14.4,25.5,112,106,4.8,3.4,8.2,.148,-0.1,0.2,0.2,1.4
256,Shaquille O'Neal\onealsh01,20,ORL,NBA,1992-93,81,81,3071,22.9,.002,.553,13.4,27.1,20.6,8.5,1.0,5.7,15.9,27.0,108,100,4.5,6.0,10.4,.163,0.9,2.8,3.7,4.4
257,Latrell Sprewell\sprewla01,22,GSW,NBA,1992-93,77,69,2741,13.6,.205,.292,3.2,7.8,5.5,15.2,2.2,1.2,15.7,19.3,106,111,2.2,1.8,4.0,.070,0.4,0.1,0.5,1.7
258,Clarence Weatherspoon\weathcl01,22,PHI,NBA,1992-93,82,82,2654,15.0,.004,.387,7.3,16.7,12.0,8.9,1.6,1.5,12.5,22.4,102,110,1.1,2.2,3.3,.059,-1.7,-0.2,-1.9,0.1
259,Walt Williams\williwa02,22,SAC,NBA,1992-93,59,26,1673,15.0,.232,.367,7.4,10.4,8.8,16.7,1.9,1.1,15.8,27.7,101,110,0.4,1.2,1.6,.047,1.0,-1.1,-0.1,0.8
260,Stacey Augmon\augmost01,23,ATL,NBA,1991-92,82,82,2505,14.4,.007,.356,7.9,9.9,8.9,11.4,2.4,0.6,14.8,20.1,104,109,1.5,2.2,3.7,.071,-0.3,0.6,0.3,1.5
261,Terrell Brandon\brandte01,21,CLE,NBA,1991-92,82,9,1605,12.8,.038,.206,3.5,7.6,5.6,27.8,2.6,0.8,17.2,21.5,97,109,-0.6,1.5,0.9,.028,-2.2,-0.8,-3.0,-0.4
262,Rick Fox\foxri01,22,BOS,NBA,1991-92,81,5,1535,12.2,.133,.350,5.5,10.1,7.9,11.1,2.5,1.2,16.9,20.4,102,106,0.4,1.9,2.3,.073,-0.8,0.8,0.0,0.8
263,Larry Johnson\johnsla02,22,CHH,NBA,1991-92,82,77,3047,18.9,.017,.325,11.2,20.7,15.9,13.5,1.3,1.0,10.0,21.2,116,110,6.4,2.5,8.9,.140,2.4,0.4,2.8,3.7
264,Mark Macon\maconma01,22,DEN,NBA,1991-92,76,67,2304,8.3,.034,.208,3.5,6.9,5.1,10.7,3.3,0.4,13.8,19.8,88,109,-3.1,2.3,-0.8,-.016,-4.0,0.6,-3.4,-0.8
265,Dikembe Mutombo\mutomdi01,25,DEN,NBA,1991-92,71,71,2716,16.5,.000,.575,11.9,23.3,17.3,8.6,0.8,4.8,18.8,20.1,103,106,1.3,3.6,4.8,.086,-1.2,2.6,1.4,2.3
266,Billy Owens\owensbi01,22,GSW,NBA,1991-92,80,77,2510,15.6,.010,.350,10.8,17.0,13.9,9.8,1.7,1.5,14.8,19.3,111,109,3.3,2.3,5.6,.107,0.8,0.7,1.5,2.2
267,Stanley Roberts\roberst01,21,ORL,NBA,1991-92,55,34,1118,16.3,.002,.439,11.0,22.9,16.8,5.8,1.0,4.5,12.8,22.7,105,106,0.8,1.4,2.1,.092,-1.8,0.3,-1.5,0.1
268,Steve Smith\smithst01,22,MIA,NBA,1991-92,61,59,1806,12.5,.191,.194,4.9,6.7,5.8,23.4,1.6,0.6,17.6,20.0,103,113,0.8,0.8,1.5,.040,0.1,-1.5,-1.4,0.3
269,Larry Stewart\stewala01,23,WSB,NBA,1991-92,76,43,2229,12.9,.005,.395,8.9,13.2,11.0,7.6,1.1,1.2,13.9,15.2,113,110,2.9,1.8,4.7,.101,-0.7,0.3,-0.4,0.9
270,Mahmoud Abdul-Rauf\abdulma02,21,DEN,NBA,1990-91,67,19,1505,12.2,.099,.097,1.9,6.0,3.8,19.2,1.5,0.1,9.5,27.2,96,118,-0.7,-0.3,-1.0,-.031,-1.7,-4.4,-6.1,-1.6
271,Dee Brown\brownde01,22,BOS,NBA,1990-91,82,5,1945,13.2,.056,.257,2.5,7.4,5.2,22.5,2.1,0.4,16.7,17.7,108,109,1.8,1.8,3.5,.087,-0.6,-0.7,-1.3,0.3
272,Willie Burton\burtowi01,22,MIA,NBA,1990-91,76,26,1928,11.5,.039,.379,6.3,8.9,7.6,8.5,1.8,0.8,13.8,22.1,101,110,0.5,1.6,2.1,.052,-2.0,-0.8,-2.8,-0.4
273,Derrick Coleman\colemde01,23,NJN,NBA,1990-91,74,68,2602,17.6,.035,.402,10.4,20.5,15.3,9.8,1.3,2.2,14.4,23.3,106,106,2.4,3.4,5.8,.108,-0.2,0.7,0.5,1.7
274,Kendall Gill\gillke01,22,CHH,NBA,1990-91,82,36,1944,15.4,.017,.218,6.0,9.6,7.8,24.5,2.6,1.2,15.1,23.6,100,110,0.2,1.6,1.8,.044,-0.1,0.5,0.4,1.2
275,Travis Mays\maystr01,22,SAC,NBA,1990-91,64,55,2145,12.3,.272,.457,2.8,6.7,4.7,18.3,1.9,0.3,15.5,21.0,102,112,0.8,1.3,2.1,.047,-0.1,-1.4,-1.5,0.2
276,Gary Payton\paytoga01,22,SEA,NBA,1990-91,82,82,2244,13.2,.023,.169,5.7,7.3,6.5,30.8,3.7,0.4,22.6,14.9,104,108,1.0,2.4,3.4,.073,0.0,0.9,0.9,1.6
277,Dennis Scott\scottde01,22,ORL,NBA,1990-91,82,73,2336,13.0,.282,.172,2.8,8.3,5.5,9.3,1.3,0.6,9.1,24.4,104,112,1.4,1.2,2.6,.054,0.3,-2.2,-1.9,0.1
278,Lionel Simmons\simmoli01,22,SAC,NBA,1990-91,79,79,2978,15.4,.008,.334,7.2,19.7,13.3,17.7,1.9,1.8,13.4,25.3,97,106,-0.9,3.6,2.7,.044,-1.4,1.5,0.1,1.6
279,Felton Spencer\spencfe01,23,MIN,NBA,1990-91,81,46,2099,13.8,.003,.661,14.1,21.8,17.7,1.6,1.2,3.7,13.5,11.7,121,108,3.5,2.1,5.6,.128,-1.6,0.1,-1.4,0.3
280,Vlade Divac\divacvl01,21,LAL,NBA,1989-90,82,5,1611,17.5,.009,.393,12.3,23.7,18.2,6.7,2.4,4.2,14.6,20.0,108,100,1.7,3.2,5.0,.148,-1.0,2.5,1.5,1.4
281,Sherman Douglas\douglsh01,23,MIA,NBA,1989-90,81,66,2470,17.0,.033,.348,3.0,6.3,4.6,37.4,2.8,0.2,18.5,21.7,106,110,2.3,2.1,4.4,.086,1.0,-1.1,-0.2,1.2
282,Blue Edwards\edwarbl01,24,UTA,NBA,1989-90,82,49,1889,10.7,.053,.360,4.6,10.6,7.8,11.2,2.0,1.2,18.9,18.6,101,106,0.2,2.4,2.7,.068,-1.5,1.5,0.0,1.0
283,Sean Elliott\elliose01,21,SAS,NBA,1989-90,81,69,2032,12.5,.014,.334,7.2,9.2,8.2,10.7,1.1,0.4,13.1,17.4,112,109,2.6,2.0,4.6,.108,-0.4,-0.6,-0.9,0.6
284,Tim Hardaway\hardati01,23,GSW,NBA,1989-90,79,78,2663,16.0,.085,.280,2.4,9.6,6.2,36.4,2.8,0.2,19.0,20.5,105,112,1.9,1.4,3.3,.060,1.0,-1.1,-0.1,1.3
285,Stacey King\kingst01,23,CHI,NBA,1989-90,82,2,1777,13.8,.002,.504,11.2,14.3,12.8,6.6,1.1,2.1,15.5,18.4,111,110,2.2,1.4,3.6,.098,-1.2,-0.9,-2.1,-0.1
286,J.R. Reid\reidjr01,21,CHH,NBA,1989-90,82,82,2757,10.2,.006,.355,7.7,21.5,14.2,5.3,1.6,1.2,15.5,17.2,94,108,-1.7,2.8,1.1,.020,-3.8,1.4,-2.5,-0.3
287,Glen Rice\ricegl01,22,MIA,NBA,1989-90,77,60,2311,11.3,.064,.116,4.6,12.5,8.4,9.1,1.4,0.7,9.1,21.6,98,110,-0.4,1.8,1.4,.029,-2.5,-0.7,-3.2,-0.7
288,Pooh Richardson\richapo01,23,MIN,NBA,1989-90,82,48,2581,15.8,.090,.116,2.4,8.0,5.0,35.3,2.7,0.6,12.7,19.0,106,109,2.0,2.4,4.4,.082,0.5,-1.0,-0.4,1.0
289,David Robinson\robinda01,24,SAS,NBA,1989-90,82,81,3002,26.3,.002,.644,11.7,24.8,18.5,8.7,2.2,6.5,13.3,26.6,116,97,7.9,7.2,15.1,.241,2.7,3.8,6.5,6.4
290,Willie Anderson\anderwi01,22,SAS,NBA,1988-89,81,79,2738,16.6,.016,.225,5.8,11.1,8.4,21.1,2.5,1.4,15.6,23.8,105,108,2.1,2.8,4.9,.085,0.9,0.6,1.5,2.4
291,Rex Chapman\chapmre01,21,CHH,NBA,1988-89,75,44,2219,12.6,.150,.153,3.5,5.9,4.7,12.6,1.5,0.7,7.7,27.1,97,115,-0.7,0.4,-0.2,-.005,-0.7,-2.5,-3.2,-0.7
292,Kevin Edwards\edwarke01,23,MIA,NBA,1988-89,79,62,2349,12.6,.033,.175,3.9,8.8,6.3,24.3,2.9,0.7,17.1,24.8,92,109,-2.3,2.2,-0.2,-.003,-2.1,0.0,-2.1,-0.1
293,Hersey Hawkins\hawkihe01,22,PHI,NBA,1988-89,79,79,2577,14.2,.171,.299,2.2,7.6,4.9,13.0,2.3,0.8,12.6,20.3,108,112,2.7,1.3,4.0,.075,1.0,-0.6,0.3,1.5
294,Chris Morris\morrich01,23,NJN,NBA,1988-89,76,48,2096,15.0,.193,.281,9.7,11.5,10.5,8.8,2.3,1.7,15.7,23.6,102,109,0.8,2.0,2.8,.064,0.5,0.2,0.7,1.4
295,Mitch Richmond\richmmi01,23,GSW,NBA,1988-89,79,79,2717,17.2,.065,.365,5.8,11.4,8.6,17.6,1.4,0.3,14.3,26.2,108,110,3.6,1.9,5.6,.098,1.3,-1.5,-0.2,1.3
296,Brian Shaw\shawbr01,22,BOS,NBA,1988-89,82,54,2301,12.2,.019,.192,6.0,12.7,9.4,27.0,1.7,0.7,20.2,16.8,101,110,0.5,1.7,2.2,.046,-0.8,0.4,-0.4,0.9
297,Charles Smith\smithch01,23,LAC,NBA,1988-89,71,56,2161,15.6,.003,.448,8.6,14.4,11.5,6.9,1.4,2.3,12.2,21.8,108,110,2.4,1.6,4.0,.089,-0.5,-0.7,-1.2,0.4
298,Rik Smits\smitsri01,22,IND,NBA,1988-89,82,71,2041,15.6,.001,.342,10.7,16.2,13.6,5.2,0.9,4.3,13.2,20.3,109,109,2.4,1.9,4.3,.101,-0.8,0.4,-0.4,0.8
299,Rod Strickland\stricro02,22,NYK,NBA,1988-89,81,10,1358,18.0,.104,.407,4.1,9.1,6.5,31.8,3.3,0.1,18.1,23.3,110,107,2.2,1.5,3.7,.131,1.2,-0.7,0.5,0.9
300,Greg Anderson\andergr01,23,SAS,NBA,1987-88,82,45,1984,14.7,.007,.434,8.7,19.4,14.0,5.3,1.3,3.4,13.7,20.8,103,110,0.8,1.5,2.3,.056,-2.2,-0.6,-2.7,-0.4
301,Armen Gilliam\gilliar01,23,PHO,NBA,1987-88,55,53,1807,12.9,.000,.268,8.3,18.8,13.5,5.6,1.5,0.9,13.3,20.9,99,110,-0.1,1.4,1.3,.035,-2.3,-0.8,-3.0,-0.5
302,Mark Jackson\jacksma01,22,NYK,NBA,1987-88,82,80,3249,15.7,.124,.263,4.1,10.0,7.0,37.4,3.1,0.1,18.6,17.3,109,106,3.5,4.2,7.6,.113,1.5,1.2,2.8,3.9
303,Derrick McKey\mckeyde01,21,SEA,NBA,1987-88,82,4,1706,13.8,.058,.432,7.4,14.4,10.8,8.4,2.0,2.3,14.9,17.1,112,107,2.1,2.0,4.1,.116,-0.4,1.2,0.8,1.2
304,Kenny Smith\smithke01,22,SAC,NBA,1987-88,61,60,2170,13.3,.056,.294,2.0,4.9,3.5,27.7,2.0,0.2,19.0,18.0,106,114,1.6,0.6,2.2,.049,-0.2,-2.1,-2.3,-0.2
305,Brad Daugherty\daughbr01,21,CLE,NBA,1986-87,80,80,2695,15.6,.000,.443,6.1,19.8,12.9,16.9,0.9,1.3,18.7,19.8,108,106,2.6,3.5,6.0,.107,-0.1,1.3,1.1,2.1
306,Ron Harper\harpero01,23,CLE,NBA,1986-87,82,82,3064,17.2,.058,.349,6.0,7.8,6.9,21.1,3.2,1.5,15.6,28.9,99,105,-0.1,4.4,4.2,.066,0.8,1.1,2.0,3.1
307,Chuck Person\persoch01,22,IND,NBA,1986-87,82,78,2956,15.6,.102,.219,6.1,19.2,12.5,15.3,1.5,0.3,12.4,24.0,103,106,1.5,3.9,5.4,.088,0.5,0.6,1.1,2.3
308,Roy Tarpley\tarplro01,22,DAL,NBA,1986-87,75,1,1405,15.2,.006,.279,14.1,26.7,20.5,5.0,1.9,3.2,15.3,19.1,103,102,0.6,2.5,3.1,.105,-2.2,1.4,-0.8,0.4
309,Hot Rod Williams\williho01,24,CLE,NBA,1986-87,80,80,2714,16.2,.001,.446,8.8,16.1,12.5,8.3,1.0,3.4,11.5,17.9,113,106,3.8,3.7,7.5,.132,-0.3,1.8,1.5,2.4
310,Joe Dumars\dumarjo01,22,DET,NBA,1985-86,82,45,1957,12.9,.027,.399,3.2,3.3,3.2,24.8,1.6,0.3,18.4,17.2,109,112,2.2,1.0,3.2,.079,-0.2,-2.0,-2.2,-0.1
311,Patrick Ewing\ewingpa01,23,NYK,NBA,1985-86,50,50,1771,17.4,.006,.376,7.6,21.9,14.4,9.6,1.5,3.6,15.3,26.5,99,101,0.0,3.1,3.1,.084,-1.3,2.2,0.9,1.3
312,Karl Malone\malonka01,22,UTA,NBA,1985-86,81,76,2475,13.7,.002,.399,7.8,23.6,15.8,14.2,2.0,1.0,18.9,24.1,92,102,-2.4,4.3,1.9,.036,-2.4,2.0,-0.5,1.0
313,Xavier McDaniel\mcdanxa01,22,SEA,NBA,1985-86,82,80,2706,16.3,.009,.310,13.1,15.6,14.3,11.4,1.8,0.8,15.7,24.5,103,106,1.8,3.3,5.1,.091,0.8,0.7,1.5,2.4
314,Charles Oakley\oaklech01,22,CHI,NBA,1985-86,77,30,1772,16.5,.006,.497,15.7,27.1,21.2,10.5,1.8,1.0,21.0,19.2,106,108,1.7,1.6,3.3,.090,0.7,0.4,1.1,1.4
315,Charles Barkley\barklch01,21,PHI,NBA,1984-85,82,60,2347,18.3,.008,.511,12.9,20.8,16.9,9.6,1.9,2.0,17.9,20.0,114,105,4.2,3.3,7.5,.154,1.9,1.5,3.4,3.2
316,Sam Bowie\bowiesa01,23,POR,NBA,1984-85,76,62,2216,15.7,.000,.404,10.5,22.6,16.6,12.2,1.2,5.0,20.8,14.8,110,103,2.2,3.5,5.7,.123,-0.3,3.8,3.6,3.1
317,Michael Jordan\jordami01,21,CHI,NBA,1984-85,82,82,3144,25.8,.032,.459,6.3,13.2,9.8,25.3,3.0,1.3,13.0,29.8,118,107,10.3,3.7,14.0,.213,6.8,1.4,8.2,8.1
318,Hakeem Olajuwon\olajuha01,22,HOU,NBA,1984-85,82,82,2914,21.1,.000,.438,16.9,20.4,18.7,5.3,1.6,4.3,13.5,23.5,112,103,5.3,4.9,10.2,.168,2.0,1.4,3.4,4.0
319,Sam Perkins\perkisa01,23,DAL,NBA,1984-85,82,42,2317,15.0,.049,.332,9.1,20.9,14.9,7.8,1.3,1.6,10.8,17.1,113,107,3.2,2.6,5.8,.120,-0.1,0.9,0.8,1.7
320,Thurl Bailey\baileth01,22,UTA,NBA,1983-84,81,54,2009,12.9,.000,.198,6.4,17.3,12.1,8.4,0.9,3.1,14.1,14.8,106,107,1.3,2.3,3.6,.086,-1.8,1.5,-0.3,0.9
321,Jeff Malone\malonje01,22,WSB,NBA,1983-84,81,2,1976,11.3,.081,.187,3.4,5.8,4.6,12.1,0.6,0.4,10.0,23.8,100,112,0.2,1.1,1.3,.032,-2.0,-2.7,-4.7,-1.3
322,Ralph Sampson\sampsra01,23,HOU,NBA,1983-84,82,82,2693,20.1,.003,.317,11.8,24.7,18.3,8.9,1.2,4.0,15.9,27.1,104,104,1.9,4.1,6.0,.108,0.1,1.3,1.4,2.3
323,Byron Scott\scottby01,22,LAL,NBA,1983-84,74,49,1637,13.4,.049,.201,3.7,7.3,5.7,14.0,2.3,0.6,13.4,21.3,105,108,1.1,1.5,2.7,.079,-0.7,-0.8,-1.5,0.2
324,Steve Stipanovich\stipast01,23,IND,NBA,1983-84,81,73,2426,12.6,.020,.298,5.3,20.2,12.8,9.9,1.4,1.6,14.9,18.4,100,105,0.4,3.3,3.6,.072,-2.5,1.3,-1.2,0.5
325,Darrell Walker\walkeda01,22,NYK,NBA,1983-84,82,0,1324,15.9,.029,.508,6.8,8.5,7.7,31.1,4.6,0.7,23.4,26.1,97,99,-0.4,2.7,2.3,.083,-0.4,2.4,2.0,1.3
326,Terry Cummings\cummite01,21,SDC,NBA,1982-83,70,69,2531,22.8,.001,.315,12.6,21.6,16.7,10.9,2.4,1.4,12.0,26.0,113,106,6.5,2.2,8.7,.164,3.8,-0.3,3.5,3.5
327,Quintin Dailey\dailequ01,22,CHI,NBA,1982-83,76,32,2081,14.1,.025,.280,4.5,8.9,6.7,20.3,1.6,0.3,15.3,24.8,100,110,1.3,0.9,2.1,.049,0.0,-2.0,-2.0,0.0
328,Clark Kellogg\kellocl01,21,IND,NBA,1982-83,81,81,2761,20.3,.013,.248,12.6,21.3,16.8,11.7,2.4,0.9,12.1,25.5,107,106,4.4,2.4,6.8,.119,2.2,-0.2,2.0,2.8
329,Dominique Wilkins\wilkido01,23,ATL,NBA,1982-83,82,82,2697,16.6,.009,.276,8.9,9.9,9.4,7.7,1.5,1.3,11.6,23.9,104,104,2.9,2.9,5.8,.103,1.0,-0.3,0.7,1.8
330,James Worthy\worthja01,21,LAL,NBA,1982-83,77,1,1970,17.4,.005,.286,9.2,13.0,11.2,8.6,2.1,1.7,17.0,21.0,109,105,3.0,2.1,5.1,.125,1.4,0.0,1.5,1.7
331,Jeff Ruland\rulanje01,23,WSB,NBA,1981-82,82,0,2214,18.8,.004,.607,12.7,24.7,18.8,9.1,1.0,1.5,20.0,22.4,111,100,3.7,4.1,7.8,.170,1.0,1.5,2.6,2.6
332,Isiah Thomas\thomais01,20,DET,NBA,1981-82,72,72,2433,14.5,.055,.402,2.5,7.1,4.7,32.6,2.8,0.4,19.2,25.0,98,107,-0.2,2.5,2.3,.046,-0.2,-0.9,-1.0,0.6
333,Kelly Tripucka\tripuke01,22,DET,NBA,1981-82,82,82,3077,16.4,.017,.485,7.6,8.2,7.9,12.7,1.3,0.3,15.3,23.3,111,110,5.4,2.1,7.5,.117,2.2,-1.0,1.2,2.5
334,Jay Vincent\vinceja01,22,DAL,NBA,1981-82,81,62,2626,18.7,.003,.282,7.7,17.3,12.3,11.5,1.7,0.5,10.6,28.6,107,109,3.6,2.0,5.6,.102,1.7,-1.4,0.3,1.5
335,Buck Williams\willibu01,21,NJN,NBA,1981-82,82,82,2825,17.2,.001,.440,13.7,26.6,20.1,5.4,1.4,1.7,18.3,18.2,110,100,3.6,5.3,8.9,.152,0.2,1.6,1.8,2.7
336,Joe Barry Carroll\carrojo01,22,GSW,NBA,1980-81,82,,2919,16.4,.002,.351,10.3,18.7,14.4,5.8,0.8,2.3,14.4,23.0,106,108,3.7,2.0,5.7,.094,-0.1,-0.8,-0.9,0.8
337,Darrell Griffith\griffda01,22,UTA,NBA,1980-81,81,,2867,14.7,.034,.207,3.2,8.3,5.8,11.4,1.8,0.8,12.1,28.8,95,111,-0.8,1.1,0.4,.006,-1.6,-2.6,-4.1,-1.6
338,Kevin McHale\mchalke01,23,BOS,NBA,1980-81,82,1,1645,16.4,.003,.239,11.2,13.6,12.4,4.8,0.8,5.1,13.0,20.9,108,102,2.3,2.4,4.7,.137,-0.3,0.6,0.3,1.0
339,Kelvin Ransey\ranseke01,22,POR,NBA,1980-81,80,,2431,14.9,.027,.188,1.9,6.9,4.4,31.4,1.7,0.2,15.6,24.3,101,109,1.3,1.6,2.8,.056,-0.3,-2.5,-2.8,-0.5
340,Larry Smith\smithla01,23,GSW,NBA,1980-81,82,,2578,14.8,.000,.507,18.3,24.5,21.4,4.6,1.3,1.4,16.7,13.4,113,107,3.7,2.4,6.1,.113,0.9,0.5,1.4,2.2
341,Larry Bird\birdla01,23,BOS,NBA,1979-80,82,82,2955,20.5,.098,.246,8.3,23.6,16.0,18.5,2.3,1.0,14.0,25.3,109,98,5.6,5.6,11.2,.182,2.7,2.6,5.3,5.4
342,Bill Cartwright\cartwbi01,22,NYK,NBA,1979-80,82,,3150,17.9,.000,.466,6.6,18.6,12.6,7.0,0.7,1.7,13.2,20.6,117,108,7.7,2.1,9.7,.148,1.5,-0.9,0.6,2.1
343,Dave Greenwood\greenda01,22,CHI,NBA,1979-80,82,,2791,16.2,.007,.396,9.2,21.6,15.6,9.8,1.0,2.6,14.5,21.1,107,105,3.5,3.1,6.5,.112,-0.3,0.8,0.5,1.8
344,Magic Johnson\johnsma02,20,LAL,NBA,1979-80,77,,2795,20.6,.033,.487,7.1,15.4,11.6,25.2,3.1,0.8,20.9,20.9,113,101,6.2,4.3,10.5,.180,3.3,2.2,5.5,5.3
345,Calvin Natt\nattca01,23,TOT,NBA,1979-80,78,,2857,17.0,.007,.323,8.8,16.7,12.7,9.1,1.6,0.7,11.8,23.2,106,103,3.5,3.7,7.1,.120,0.5,-0.2,0.3,1.7
