Rk,Player,Age,Tm,Lg,Season,G,GS,MP,FG,FGA,2P,2PA,3P,3PA,FT,FTA,ORB,DRB,TRB,AST,STL,BLK,TOV,PF,PTS,FG%,2P%,3P%,eFG%,FT%,TS%
1,Malcolm Brogdon\brogdma01,24,MIL,NBA,2016-17,75,28,1982,5.3,11.5,3.9,8.0,1.4,3.5,2.0,2.3,0.9,3.0,3.9,5.8,1.5,0.2,2.1,2.5,13.9,.457,.480,.404,.518,.865,.555
2,Jaylen Brown\brownja02,20,BOS,NBA,2016-17,78,20,1341,5.2,11.4,3.9,7.7,1.2,3.6,2.3,3.3,1.2,4.7,5.9,1.7,0.9,0.5,1.8,3.8,13.8,.454,.507,.341,.508,.685,.539
3,Marquese Chriss\chrisma01,19,PHO,NBA,2016-17,82,75,1743,5.9,13.1,4.4,8.4,1.5,4.6,2.3,3.7,2.0,5.2,7.2,1.2,1.4,1.4,2.2,5.4,15.6,.449,.520,.321,.506,.624,.529
4,Joel Embiid\embiijo01,22,PHI,NBA,2016-17,31,31,786,9.2,19.6,7.5,15.2,1.6,4.5,8.7,11.2,2.8,8.3,11.1,3.0,1.2,3.5,5.4,5.1,28.7,.466,.495,.367,.508,.783,.584
5,Yogi Ferrell\ferreyo01,23,TOT,NBA,2016-17,46,29,1197,4.8,11.8,2.8,6.6,2.0,5.3,2.2,2.7,0.6,2.7,3.3,5.2,1.3,0.3,2.1,2.7,13.9,.406,.422,.386,.492,.831,.533
6,Willy Hernangomez\hernawi01,22,NYK,NBA,2016-17,72,22,1324,6.7,12.6,6.6,12.2,0.1,0.4,2.5,3.4,4.6,9.0,13.6,2.6,1.1,1.0,2.7,4.1,16.0,.529,.538,.267,.533,.728,.564
7,Buddy Hield\hieldbu01,23,TOT,NBA,2016-17,82,55,1888,6.2,14.6,3.4,7.4,2.8,7.2,1.2,1.4,0.7,4.5,5.1,2.3,0.7,0.2,1.9,2.2,16.5,.426,.461,.391,.523,.842,.541
8,Brandon Ingram\ingrabr01,19,LAL,NBA,2016-17,79,40,2279,4.4,10.8,3.5,7.9,0.9,3.0,2.1,3.4,0.9,4.0,5.0,2.6,0.8,0.6,1.8,2.5,11.7,.402,.443,.294,.442,.621,.474
9,Jamal Murray\murraja01,19,DEN,NBA,2016-17,82,10,1764,6.0,14.9,3.7,7.9,2.3,7.0,2.2,2.4,0.8,3.5,4.4,3.5,1.0,0.5,2.3,2.5,16.6,.404,.466,.334,.483,.883,.518
10,Dario Saric\saricda01,22,PHI,NBA,2016-17,81,36,2129,6.4,15.7,4.7,9.9,1.8,5.8,2.9,3.7,1.9,6.8,8.7,3.1,1.0,0.5,3.1,2.7,17.6,.411,.469,.311,.468,.782,.508
11,Devin Booker\bookede01,19,PHO,NBA,2015-16,76,51,2108,6.3,14.8,4.6,9.9,1.7,4.9,3.7,4.4,0.5,2.7,3.2,3.4,0.8,0.3,2.7,3.8,17.9,.423,.464,.343,.480,.840,.535
12,Willie Cauley-Stein\caulewi01,22,SAC,NBA,2015-16,66,39,1412,4.9,8.6,4.9,8.6,0.0,0.1,2.1,3.2,3.4,5.6,9.0,0.9,1.2,1.7,1.2,3.7,11.8,.563,.567,.000,.563,.648,.588
13,Nikola Jokic\jokicni01,20,DEN,NBA,2015-16,80,55,1733,6.4,12.5,5.8,10.7,0.6,1.7,3.2,3.9,3.8,7.9,11.6,3.9,1.6,1.0,2.2,4.3,16.5,.512,.541,.333,.535,.811,.582
14,Emmanuel Mudiay\mudiaem01,19,DEN,NBA,2015-16,68,66,2068,5.7,15.8,4.4,11.7,1.3,4.0,2.4,3.6,0.6,3.5,4.0,6.5,1.1,0.6,3.8,2.5,15.2,.364,.379,.319,.404,.670,.437
15,Jahlil Okafor\okafoja01,20,PHI,NBA,2015-16,53,48,1591,9.0,17.7,9.0,17.5,0.0,0.1,3.0,4.4,2.8,5.7,8.4,1.5,0.5,1.4,2.8,3.2,21.0,.508,.511,.167,.509,.686,.536
16,Kristaps Porzingis\porzikr01,20,NYK,NBA,2015-16,72,72,2047,6.6,15.6,5.1,11.3,1.4,4.3,3.5,4.2,2.3,6.9,9.3,1.7,0.9,2.4,2.1,3.6,18.1,.421,.454,.333,.467,.838,.518
17,D'Angelo Russell\russeda01,19,LAL,NBA,2015-16,80,48,2259,6.2,15.2,4.2,9.3,2.1,5.9,2.2,3.0,0.7,3.6,4.4,4.2,1.5,0.2,3.1,2.3,16.8,.410,.447,.351,.478,.737,.507
18,Karl-Anthony Towns\townska01,20,MIN,NBA,2015-16,82,82,2627,8.6,15.8,8.2,14.6,0.4,1.2,3.1,3.8,3.1,8.6,11.8,2.2,0.8,1.9,2.5,3.4,20.6,.542,.559,.341,.555,.811,.590
19,Myles Turner\turnemy01,19,IND,NBA,2015-16,60,30,1367,7.0,14.0,6.9,13.6,0.1,0.4,2.3,3.2,1.8,7.0,8.7,1.1,0.7,2.3,1.8,4.2,16.3,.498,.506,.214,.501,.727,.531
20,Justise Winslow\winslju01,19,MIA,NBA,2015-16,78,8,2232,3.1,7.5,2.6,5.6,0.5,1.9,1.3,1.9,1.3,5.2,6.5,1.9,1.1,0.4,1.5,3.0,8.1,.422,.471,.276,.457,.684,.489
21,Bojan Bogdanovic\bogdabo02,25,BRK,NBA,2014-15,78,28,1854,5.1,11.2,3.3,6.2,1.8,5.0,1.7,2.1,1.0,3.2,4.1,1.3,0.7,0.2,1.5,2.0,13.6,.453,.531,.355,.532,.821,.562
22,Jordan Clarkson\clarkjo01,22,LAL,NBA,2014-15,59,38,1476,6.5,14.5,5.6,11.6,0.9,3.0,3.2,3.9,1.4,3.3,4.7,5.0,1.2,0.3,2.3,2.7,17.1,.448,.482,.314,.480,.829,.528
23,Langston Galloway\gallola01,23,NYK,NBA,2014-15,45,41,1457,5.0,12.6,3.5,8.3,1.5,4.3,1.6,1.9,0.9,3.8,4.7,3.7,1.3,0.3,1.5,3.2,13.2,.399,.424,.352,.460,.808,.489
24,Zach LaVine\lavinza01,19,MIN,NBA,2014-15,77,40,1902,5.4,12.8,4.3,9.7,1.1,3.2,2.8,3.4,0.5,3.5,4.1,5.2,1.0,0.2,3.7,3.0,14.7,.422,.449,.341,.465,.842,.515
25,Nikola Mirotic\mirotni01,23,CHI,NBA,2014-15,82,3,1654,5.5,13.6,3.4,6.8,2.2,6.8,5.0,6.2,1.4,7.4,8.8,2.1,1.2,1.2,1.9,3.7,18.1,.405,.495,.316,.485,.803,.556
26,Nerlens Noel\noelne01,20,PHI,NBA,2014-15,75,71,2311,4.7,10.2,4.7,10.2,0.0,0.0,2.2,3.6,2.9,6.6,9.5,2.0,2.1,2.2,2.3,3.2,11.6,.462,.462,,.462,.609,.493
27,Jusuf Nurkic\nurkiju01,20,DEN,NBA,2014-15,62,27,1103,5.6,12.5,5.6,12.4,0.0,0.1,2.7,4.3,4.1,8.4,12.5,1.6,1.7,2.2,2.8,6.8,13.9,.446,.449,.000,.446,.636,.483
28,Elfrid Payton\paytoel01,20,ORL,NBA,2014-15,82,63,2489,4.4,10.2,4.2,9.6,0.2,0.6,1.7,3.1,1.5,3.5,5.0,7.7,2.1,0.3,2.9,2.8,10.6,.425,.435,.262,.433,.551,.456
29,Marcus Smart\smartma01,20,BOS,NBA,2014-15,67,38,1808,3.5,9.5,1.7,4.1,1.8,5.4,1.6,2.5,1.2,3.2,4.4,4.1,2.0,0.4,1.8,3.5,10.4,.367,.410,.335,.462,.646,.491
30,Andrew Wiggins\wiggian01,19,MIN,NBA,2014-15,82,82,2969,6.0,13.8,5.6,12.3,0.5,1.5,4.3,5.7,1.6,2.9,4.5,2.1,1.0,0.6,2.1,2.3,16.8,.437,.453,.310,.454,.760,.517
31,Steven Adams\adamsst01,20,OKC,NBA,2013-14,81,20,1197,2.8,5.6,2.8,5.6,0.0,0.0,2.4,4.1,4.3,5.7,10.0,1.3,1.2,1.7,2.1,6.1,8.0,.503,.503,,.503,.581,.541
32,Giannis Antetokounmpo\antetgi01,19,MIL,NBA,2013-14,77,23,1897,3.3,7.9,2.5,5.7,0.8,2.2,2.6,3.8,1.5,5.0,6.4,2.8,1.1,1.2,2.3,3.3,10.0,.414,.440,.347,.463,.683,.518
33,Trey Burke\burketr01,21,UTA,NBA,2013-14,70,68,2262,5.4,14.3,3.7,8.9,1.8,5.3,1.6,1.8,0.6,2.7,3.3,6.3,0.7,0.1,2.1,2.3,14.2,.380,.410,.330,.442,.903,.473
34,Michael Carter-Williams\cartemi01,22,PHI,NBA,2013-14,70,70,2414,6.4,15.7,5.5,12.6,0.8,3.1,3.8,5.5,1.5,5.0,6.5,6.6,1.9,0.6,3.7,3.2,17.4,.405,.440,.264,.431,.703,.480
35,Gorgui Dieng\dienggo01,24,MIN,NBA,2013-14,60,15,818,5.0,10.0,4.9,9.9,0.0,0.0,2.6,4.1,4.5,8.7,13.2,1.7,1.3,2.2,2.4,4.8,12.6,.498,.496,1.000,.500,.634,.534
36,Tim Hardaway\hardati02,21,NYK,NBA,2013-14,81,1,1875,5.6,13.2,3.1,6.3,2.5,6.9,2.0,2.5,0.4,2.0,2.3,1.3,0.8,0.1,0.9,2.8,15.8,.428,.498,.363,.523,.828,.554
37,Victor Oladipo\oladivi01,21,ORL,NBA,2013-14,80,44,2487,5.7,13.5,4.6,10.3,1.1,3.3,3.6,4.6,0.6,4.1,4.8,4.7,1.9,0.5,3.7,3.0,16.0,.419,.448,.327,.458,.780,.514
38,Kelly Olynyk\olynyke01,22,BOS,NBA,2013-14,70,9,1400,6.0,12.9,5.0,10.0,1.0,2.9,2.5,3.1,3.6,5.8,9.4,2.8,0.9,0.7,2.7,5.8,15.6,.466,.500,.351,.506,.811,.546
39,Mason Plumlee\plumlma01,23,BRK,NBA,2013-14,70,22,1275,5.6,8.5,5.6,8.4,0.0,0.1,3.4,5.5,2.8,5.9,8.7,1.7,1.4,1.6,2.2,4.8,14.7,.659,.666,.000,.659,.626,.670
40,Cody Zeller\zelleco01,21,CHA,NBA,2013-14,82,3,1416,4.4,10.3,4.4,10.2,0.0,0.0,3.7,5.1,3.0,6.0,9.0,2.3,1.0,1.0,2.2,4.3,12.5,.426,.427,.000,.426,.730,.498
41,Harrison Barnes\barneha02,20,GSW,NBA,2012-13,81,81,2058,4.8,11.0,3.9,8.4,0.9,2.5,2.5,3.3,0.9,4.9,5.8,1.7,0.9,0.2,1.8,2.4,13.1,.439,.464,.359,.481,.758,.526
42,Bradley Beal\bealbr01,19,WAS,NBA,2012-13,56,46,1745,5.8,14.2,3.9,9.3,1.9,4.9,2.6,3.3,0.9,3.5,4.4,2.8,1.0,0.6,1.9,2.3,16.1,.410,.424,.386,.477,.786,.515
43,Anthony Davis\davisan02,19,NOH,NBA,2012-13,64,60,1846,6.8,13.2,6.8,13.1,0.0,0.1,3.3,4.4,3.2,7.0,10.2,1.2,1.5,2.2,1.7,3.1,16.9,.516,.521,.000,.516,.751,.559
44,Andre Drummond\drumman01,19,DET,NBA,2012-13,60,10,1243,6.0,9.9,6.0,9.8,0.0,0.1,1.7,4.6,4.9,8.3,13.2,0.9,1.7,2.8,1.7,4.2,13.8,.608,.609,.500,.610,.371,.578
45,Michael Kidd-Gilchrist\kiddgmi01,19,CHA,NBA,2012-13,78,77,2025,5.0,10.9,5.0,10.7,0.0,0.2,2.5,3.3,2.3,5.8,8.1,2.1,1.0,1.2,1.8,2.9,12.5,.458,.462,.222,.460,.749,.506
46,Damian Lillard\lillada01,22,POR,NBA,2012-13,82,82,3167,6.3,14.6,4.2,8.9,2.1,5.7,3.1,3.6,0.5,2.4,2.9,6.0,0.8,0.2,2.8,2.0,17.8,.429,.469,.368,.501,.844,.546
47,Kyle Singler\singlky01,24,DET,NBA,2012-13,82,74,2293,4.3,10.1,3.2,6.9,1.1,3.1,1.6,1.9,1.7,3.5,5.2,1.2,0.9,0.6,1.5,3.4,11.3,.428,.464,.350,.483,.806,.517
48,Jonas Valanciunas\valanjo01,20,TOR,NBA,2012-13,62,57,1482,5.0,8.9,5.0,8.9,0.0,0.0,3.5,4.5,2.9,6.1,9.0,1.1,0.4,1.9,2.3,4.6,13.5,.557,.557,,.557,.789,.619
49,Dion Waiters\waitedi01,21,CLE,NBA,2012-13,61,48,1756,6.9,16.7,5.6,12.5,1.3,4.2,3.3,4.4,0.5,2.6,3.1,3.8,1.2,0.3,2.5,2.3,18.3,.412,.446,.310,.451,.746,.492
50,Tyler Zeller\zellety01,23,CLE,NBA,2012-13,77,55,2033,4.3,9.9,4.3,9.8,0.0,0.1,2.1,2.8,2.8,4.9,7.8,1.7,0.6,1.2,1.7,4.4,10.8,.438,.441,.000,.438,.764,.486
51,MarShon Brooks\brookma01,23,NJN,NBA,2011-12,56,47,1648,6.0,14.0,5.0,10.7,1.0,3.3,2.5,3.2,1.5,2.8,4.4,2.9,1.1,0.3,2.6,2.5,15.5,.428,.463,.313,.465,.764,.502
52,Kenneth Faried\farieke01,22,DEN,NBA,2011-12,46,39,1037,6.3,10.7,6.3,10.7,0.0,0.0,3.8,5.7,4.9,7.3,12.2,1.2,1.2,1.6,1.9,4.0,16.4,.586,.586,,.586,.665,.618
53,Kyrie Irving\irvinky01,19,CLE,NBA,2011-12,51,51,1558,8.1,17.3,6.4,13.0,1.7,4.2,4.0,4.5,1.0,3.4,4.4,6.4,1.2,0.5,3.7,2.5,21.8,.469,.491,.399,.517,.872,.566
54,Brandon Knight\knighbr03,20,DET,NBA,2011-12,66,60,2129,5.4,13.0,3.6,8.3,1.8,4.7,1.8,2.3,0.6,3.0,3.6,4.2,0.8,0.2,2.9,2.6,14.3,.415,.434,.380,.483,.759,.511
55,Kawhi Leonard\leonaka01,20,SAS,NBA,2011-12,64,39,1534,4.7,9.5,3.7,6.9,1.0,2.6,1.6,2.1,2.4,5.2,7.7,1.6,2.0,0.6,1.0,2.1,11.9,.493,.536,.376,.543,.773,.573
56,Chandler Parsons\parsoch01,23,HOU,NBA,2011-12,63,57,1804,4.9,11.0,3.8,7.4,1.2,3.6,0.9,1.6,1.8,4.2,6.0,2.7,1.5,0.6,1.6,2.8,12.0,.452,.507,.337,.506,.551,.513
57,Ricky Rubio\rubiori01,21,MIN,NBA,2011-12,41,31,1404,3.6,10.0,2.7,7.6,0.8,2.4,3.2,4.0,0.5,3.8,4.4,8.6,2.3,0.2,3.4,2.5,11.2,.357,.363,.340,.398,.803,.476
58,Iman Shumpert\shumpim01,21,NYK,NBA,2011-12,59,35,1705,4.5,11.3,3.5,8.0,1.0,3.3,1.8,2.3,0.9,3.0,3.9,3.5,2.1,0.2,2.3,3.7,11.9,.401,.440,.306,.446,.798,.484
59,Isaiah Thomas\thomais02,22,SAC,NBA,2011-12,65,37,1656,5.6,12.4,3.8,7.7,1.8,4.8,3.3,4.0,1.0,2.6,3.7,5.8,1.2,0.2,2.3,2.6,16.3,.448,.491,.379,.521,.832,.574
60,Klay Thompson\thompkl01,21,GSW,NBA,2011-12,66,29,1608,7.1,16.1,4.6,10.1,2.5,6.0,1.8,2.0,0.5,3.1,3.6,3.0,1.1,0.4,2.3,3.5,18.5,.443,.460,.414,.520,.868,.545
61,Tristan Thompson\thomptr01,20,CLE,NBA,2011-12,60,25,1424,4.9,11.2,4.9,11.1,0.0,0.1,2.7,4.9,4.7,5.1,9.8,0.7,0.7,1.6,2.0,3.4,12.5,.439,.441,.000,.439,.552,.469
62,Derrick Williams\willide02,20,MIN,NBA,2011-12,66,15,1418,5.2,12.6,4.3,9.1,0.9,3.5,3.5,5.0,2.0,5.9,7.9,1.0,0.8,0.8,2.0,2.4,14.8,.412,.467,.268,.449,.697,.499
63,Eric Bledsoe\bledser01,21,LAC,NBA,2010-11,81,25,1841,4.0,9.5,3.4,7.2,0.6,2.3,1.9,2.6,1.3,3.0,4.4,5.7,1.8,0.5,3.8,2.5,10.6,.424,.470,.276,.457,.744,.499
64,DeMarcus Cousins\couside01,20,SAC,NBA,2010-11,81,62,2309,6.7,15.7,6.7,15.4,0.0,0.3,4.3,6.3,3.4,7.5,10.9,3.2,1.3,1.1,4.2,5.2,17.8,.430,.435,.167,.432,.687,.484
65,Derrick Favors\favorde01,19,TOT,NBA,2010-11,78,27,1535,5.0,9.8,5.0,9.8,0.0,0.0,2.4,4.1,4.0,5.7,9.7,0.9,0.7,1.6,1.8,5.8,12.5,.517,.517,,.517,.595,.542
66,Landry Fields\fieldla01,22,NYK,NBA,2010-11,82,81,2541,4.2,8.5,3.0,5.4,1.2,3.1,1.6,2.1,1.5,5.9,7.4,2.2,1.1,0.2,1.5,1.6,11.3,.497,.556,.393,.568,.769,.598
67,Paul George\georgpa01,20,IND,NBA,2010-11,61,19,1265,5.1,11.2,3.9,7.3,1.2,3.9,2.2,2.9,1.1,5.3,6.4,1.8,1.8,0.7,2.0,3.6,13.5,.453,.537,.297,.505,.762,.542
68,Blake Griffin\griffbl01,21,LAC,NBA,2010-11,82,82,3112,8.1,15.9,8.0,15.6,0.1,0.3,5.2,8.0,3.1,8.3,11.4,3.6,0.7,0.5,2.6,2.9,21.3,.506,.510,.292,.508,.642,.549
69,Wesley Johnson\johnswe01,23,MIN,NBA,2010-11,79,63,2069,4.7,11.9,2.9,6.8,1.8,5.0,1.1,1.6,0.9,3.3,4.2,2.6,1.0,0.9,1.7,2.8,12.3,.397,.427,.356,.473,.696,.491
70,Greg Monroe\monrogr01,20,DET,NBA,2010-11,80,48,2222,4.9,8.9,4.9,8.9,0.0,0.0,2.3,3.8,4.0,5.7,9.7,1.7,1.5,0.7,1.3,3.2,12.2,.551,.552,.000,.551,.622,.575
71,Gary Neal\nealga01,26,SAS,NBA,2010-11,80,1,1685,6.1,13.5,3.3,6.9,2.8,6.6,1.8,2.2,0.4,3.7,4.2,2.1,0.6,0.1,1.7,3.2,16.7,.451,.481,.419,.553,.808,.578
72,John Wall\walljo01,20,WAS,NBA,2010-11,69,64,2606,5.5,13.4,5.0,11.8,0.5,1.6,4.2,5.4,0.5,3.9,4.4,7.9,1.7,0.5,3.6,2.4,15.6,.409,.425,.296,.427,.766,.494
73,DeJuan Blair\blairde01,20,SAS,NBA,2009-10,82,23,1494,6.6,11.9,6.6,11.9,0.0,0.0,2.1,3.9,4.8,7.9,12.7,1.6,1.2,0.9,2.7,5.4,15.4,.556,.558,.000,.556,.547,.564
74,Darren Collison\collida01,22,NOH,NBA,2009-10,76,37,2109,6.4,13.5,5.6,11.5,0.8,2.0,2.5,3.0,0.7,2.6,3.3,7.4,1.3,0.1,3.4,1.6,16.1,.477,.490,.400,.506,.851,.546
75,Stephen Curry\curryst01,21,GSW,NBA,2009-10,80,77,2896,6.6,14.2,4.5,9.5,2.1,4.7,2.2,2.5,0.6,3.8,4.4,5.9,1.9,0.2,3.0,3.1,17.4,.462,.474,.437,.535,.885,.568
76,Tyreke Evans\evansty01,20,SAC,NBA,2009-10,72,72,2677,7.2,15.7,6.7,13.8,0.5,1.9,4.7,6.3,0.9,4.2,5.1,5.6,1.5,0.3,2.9,2.7,19.5,.458,.485,.255,.473,.748,.529
77,Jonny Flynn\flynnjo01,20,MIN,NBA,2009-10,81,81,2339,6.1,14.7,4.9,11.3,1.2,3.3,3.4,4.2,0.4,2.6,2.9,5.5,1.3,0.0,3.6,1.5,16.8,.417,.434,.358,.457,.826,.511
78,Taj Gibson\gibsota01,24,CHI,NBA,2009-10,82,70,2204,5.1,10.3,5.1,10.3,0.0,0.0,1.8,2.9,3.7,6.3,10.0,1.1,0.8,1.7,1.9,4.6,12.0,.494,.494,,.494,.646,.521
79,James Harden\hardeja01,20,OKC,NBA,2009-10,76,0,1738,4.8,12.0,2.9,6.8,1.9,5.1,4.0,5.0,1.0,4.1,5.1,2.8,1.7,0.4,2.2,4.1,15.6,.403,.424,.375,.484,.808,.551
80,Brandon Jennings\jennibr01,20,MIL,NBA,2009-10,82,82,2671,6.1,16.4,4.1,11.2,2.0,5.2,3.0,3.7,0.7,3.1,3.8,6.3,1.4,0.2,2.7,2.6,17.1,.371,.370,.374,.431,.817,.475
81,Jonas Jerebko\jerebjo01,22,DET,NBA,2009-10,80,73,2232,4.7,9.7,4.1,7.9,0.6,1.9,2.0,2.8,3.1,4.6,7.7,0.9,1.3,0.5,1.3,3.7,12.0,.481,.520,.313,.511,.710,.545
82,Marcus Thornton\thornma01,22,NOH,NBA,2009-10,73,17,1872,7.7,17.0,5.4,11.0,2.3,6.0,2.8,3.4,1.4,2.7,4.1,2.2,1.1,0.2,1.5,2.4,20.3,.451,.493,.374,.517,.814,.550
83,D.J. Augustin\augusdj01,21,CHA,NBA,2008-09,72,12,1908,5.0,11.7,3.0,7.1,2.0,4.6,3.9,4.4,0.3,2.2,2.5,4.7,0.8,0.0,2.2,2.6,16.0,.430,.424,.439,.517,.893,.587
84,Michael Beasley\beaslmi01,20,MIA,NBA,2008-09,81,19,2009,8.1,17.1,7.5,15.7,0.6,1.5,3.3,4.3,2.0,5.9,7.9,1.5,0.7,0.7,2.2,3.3,20.1,.472,.478,.407,.490,.772,.528
85,Mario Chalmers\chalmma01,22,MIA,NBA,2008-09,82,82,2626,3.8,9.1,2.2,4.8,1.6,4.3,2.0,2.6,0.5,2.6,3.1,5.5,2.2,0.1,2.3,3.3,11.2,.420,.467,.367,.506,.767,.548
86,Rudy Fernandez\fernaru01,23,POR,NBA,2008-09,78,4,1993,4.8,11.4,2.0,4.2,2.9,7.2,2.2,2.6,0.8,2.9,3.7,2.9,1.2,0.2,1.6,2.0,14.7,.425,.470,.399,.552,.839,.588
87,Marc Gasol\gasolma01,24,MEM,NBA,2008-09,82,75,2521,5.0,9.4,5.0,9.4,0.0,0.0,3.9,5.4,2.9,5.8,8.6,2.0,0.9,1.3,2.3,3.8,13.9,.530,.530,.000,.530,.733,.590
88,Eric Gordon\gordoer01,20,LAC,NBA,2008-09,78,65,2677,5.5,12.1,3.8,7.6,1.8,4.5,4.0,4.7,0.6,2.1,2.7,2.9,1.0,0.5,2.2,2.3,16.8,.456,.496,.389,.529,.854,.593
89,Brook Lopez\lopezbr01,20,NJN,NBA,2008-09,82,75,2501,6.4,12.1,6.4,12.1,0.0,0.0,2.5,3.1,3.2,6.3,9.6,1.2,0.6,2.2,2.1,3.7,15.4,.531,.532,.000,.531,.793,.568
90,Kevin Love\loveke01,20,MIN,NBA,2008-09,81,37,2048,5.6,12.1,5.5,11.8,0.0,0.3,4.7,5.9,4.8,8.1,12.9,1.5,0.6,0.9,2.1,3.6,15.8,.459,.469,.105,.461,.789,.538
91,O.J. Mayo\mayooj01,21,MEM,NBA,2008-09,82,82,3120,6.5,14.8,4.8,10.4,1.7,4.4,2.8,3.2,0.6,2.9,3.6,3.0,1.0,0.1,2.6,2.4,17.5,.438,.461,.384,.495,.879,.539
92,Derrick Rose\rosede01,20,CHI,NBA,2008-09,81,80,3000,6.9,14.5,6.7,13.6,0.2,0.9,2.4,3.0,1.2,2.7,3.8,6.1,0.8,0.2,2.4,1.5,16.3,.475,.491,.222,.482,.788,.516
93,Russell Westbrook\westbru01,20,OKC,NBA,2008-09,82,65,2668,5.9,14.8,5.4,13.0,0.5,1.7,4.7,5.8,2.4,3.0,5.4,5.9,1.5,0.2,3.7,2.6,16.9,.398,.415,.271,.414,.815,.489
94,Kevin Durant\duranke01,19,SEA,NBA,2007-08,80,80,2768,7.6,17.8,6.9,15.1,0.8,2.7,5.1,5.8,0.9,3.6,4.5,2.5,1.0,1.0,3.0,1.6,21.1,.430,.455,.288,.451,.873,.519
95,Jeff Green\greenje02,21,SEA,NBA,2007-08,80,52,2253,5.1,12.0,4.8,10.8,0.3,1.2,2.8,3.8,1.6,4.4,6.1,1.9,0.7,0.8,2.5,3.2,13.4,.427,.444,.276,.441,.744,.491
96,Al Horford\horfoal01,21,ATL,NBA,2007-08,81,77,2540,4.7,9.5,4.7,9.4,0.0,0.1,2.2,3.0,3.5,7.6,11.1,1.8,0.9,1.1,1.9,3.8,11.6,.499,.502,.000,.499,.731,.539
97,Carl Landry\landrca01,24,HOU,NBA,2007-08,42,0,711,6.8,11.1,6.8,11.0,0.0,0.1,3.6,5.5,4.9,5.6,10.5,1.1,0.9,0.4,1.3,5.0,17.3,.616,.619,.000,.616,.661,.641
98,Jamario Moon\moonja01,27,TOR,NBA,2007-08,78,75,2166,4.6,9.6,4.0,7.5,0.7,2.0,1.0,1.4,1.5,6.5,8.0,1.5,1.3,1.8,0.8,2.5,11.0,.485,.528,.328,.520,.741,.540
99,Juan Carlos Navarro\navarju01,27,MEM,NBA,2007-08,82,30,2117,5.2,13.0,2.6,5.7,2.7,7.3,2.1,2.5,0.6,3.0,3.6,3.0,0.8,0.0,2.3,1.6,15.2,.402,.455,.361,.504,.849,.540
100,Luis Scola\scolalu01,27,HOU,NBA,2007-08,82,39,2024,6.1,11.9,6.1,11.9,0.0,0.1,2.8,4.2,3.1,6.2,9.3,1.9,1.1,0.3,1.9,4.2,15.1,.515,.517,.000,.515,.668,.548
101,Rodney Stuckey\stuckro01,21,DET,NBA,2007-08,57,2,1081,5.1,12.7,5.0,12.2,0.1,0.5,4.2,5.2,1.1,3.2,4.3,5.3,1.6,0.2,2.6,3.8,14.5,.401,.410,.188,.404,.814,.484
102,Al Thornton\thornal01,24,LAC,NBA,2007-08,79,31,2158,6.2,14.5,5.5,12.4,0.7,2.2,3.6,4.8,1.6,4.3,6.0,1.6,0.8,0.7,2.1,3.3,16.8,.429,.447,.331,.454,.743,.504
103,Thaddeus Young\youngth01,19,PHI,NBA,2007-08,74,22,1554,6.1,11.4,6.0,10.9,0.1,0.4,1.8,2.4,2.8,4.4,7.2,1.3,1.7,0.2,1.5,2.9,14.1,.539,.548,.316,.545,.738,.570
104,LaMarcus Aldridge\aldrila01,21,POR,NBA,2006-07,63,22,1392,6.2,12.4,6.2,12.3,0.0,0.1,2.1,3.0,3.7,4.3,8.1,0.6,0.6,1.9,1.1,4.8,14.6,.503,.505,.000,.503,.722,.533
105,Andrea Bargnani\bargnan01,21,TOR,NBA,2006-07,65,2,1629,5.9,13.8,3.7,7.9,2.2,5.9,2.6,3.1,1.1,4.5,5.6,1.1,0.7,1.2,2.4,4.0,16.6,.427,.468,.373,.507,.824,.546
106,Randy Foye\foyera01,23,MIN,NBA,2006-07,82,12,1879,5.7,13.2,4.4,9.7,1.3,3.5,3.1,3.7,0.9,3.2,4.2,4.4,1.0,0.4,2.9,3.5,15.9,.434,.458,.368,.483,.854,.536
107,Jorge Garbajosa\garbajo01,29,TOR,NBA,2006-07,67,60,1909,4.2,10.0,2.9,6.3,1.2,3.6,1.1,1.5,0.9,5.3,6.2,2.4,1.5,0.3,1.2,1.7,10.7,.420,.464,.342,.482,.731,.503
108,Rudy Gay\gayru01,20,MEM,NBA,2006-07,78,43,2103,5.5,13.0,4.6,10.6,0.9,2.4,2.6,3.6,1.6,4.4,6.0,1.7,1.2,1.3,2.4,3.3,14.5,.422,.436,.364,.457,.727,.497
109,Walter Herrmann\herrmwa01,27,CHA,NBA,2006-07,48,12,936,6.7,12.7,4.7,8.3,2.0,4.4,1.6,2.0,1.1,4.3,5.3,1.0,0.7,0.3,1.2,2.9,17.0,.527,.563,.461,.608,.774,.625
110,Paul Millsap\millspa01,21,UTA,NBA,2006-07,82,1,1472,5.1,9.7,5.1,9.7,0.0,0.1,3.4,5.1,4.5,5.9,10.3,1.5,1.6,1.8,2.3,5.8,13.7,.525,.527,.333,.526,.673,.571
111,Adam Morrison\morriad01,22,CHA,NBA,2006-07,78,23,2326,5.5,14.6,4.1,10.6,1.3,4.0,1.9,2.6,0.8,2.7,3.6,2.5,0.4,0.1,2.0,2.8,14.2,.376,.391,.337,.422,.710,.450
112,Rajon Rondo\rondora01,20,BOS,NBA,2006-07,78,25,1831,3.7,8.8,3.6,8.3,0.1,0.6,2.3,3.6,1.5,4.3,5.7,5.8,2.5,0.2,2.7,3.6,9.9,.418,.432,.207,.424,.647,.472
113,Brandon Roy\roybr01,22,POR,NBA,2006-07,57,55,2015,6.2,13.7,5.3,11.1,1.0,2.6,3.6,4.3,1.0,3.4,4.5,4.1,1.2,0.2,2.1,2.5,17.1,.456,.475,.377,.492,.838,.548
114,Craig Smith\smithcr01,23,MIN,NBA,2006-07,82,5,1537,5.8,10.8,5.8,10.7,0.0,0.1,2.7,4.4,3.5,6.3,9.7,1.1,1.2,0.4,1.7,5.2,14.2,.531,.538,.000,.531,.624,.558
115,Tyrus Thomas\thomaty01,20,CHI,NBA,2006-07,72,4,966,5.0,10.5,5.0,10.4,0.0,0.1,4.0,6.5,3.3,6.7,10.0,1.5,1.7,2.8,3.5,6.0,13.9,.475,.479,.000,.475,.606,.521
116,Marcus Williams\willima03,21,NJN,NBA,2006-07,79,2,1315,5.7,14.4,4.4,9.9,1.3,4.5,2.0,2.3,0.8,3.7,4.5,7.1,0.8,0.1,3.9,2.6,14.6,.395,.446,.282,.439,.847,.474
117,Andrew Bogut\bogutan01,21,MIL,NBA,2005-06,82,77,2348,5.0,9.3,5.0,9.2,0.0,0.0,1.9,3.0,2.9,5.9,8.8,2.9,0.8,1.0,1.9,4.0,11.8,.533,.536,.000,.533,.629,.555
118,Raymond Felton\feltora01,21,CHA,NBA,2005-06,80,54,2406,5.2,13.2,3.7,9.2,1.5,4.1,2.4,3.3,1.2,2.8,4.0,6.7,1.5,0.1,2.7,2.7,14.2,.391,.405,.358,.446,.725,.483
119,Channing Frye\fryech01,22,NYK,NBA,2005-06,65,14,1572,7.0,14.7,6.9,14.5,0.1,0.2,4.3,5.2,3.2,5.4,8.6,1.2,0.7,1.1,2.2,4.6,18.4,.477,.479,.333,.479,.825,.541
120,Ryan Gomes\gomesry01,23,BOS,NBA,2005-06,61,33,1376,4.5,9.3,4.4,9.1,0.1,0.2,2.9,3.9,2.7,5.1,7.8,1.5,0.9,0.1,1.4,2.2,12.1,.487,.491,.333,.492,.752,.548
121,Danny Granger\grangda01,22,IND,NBA,2005-06,78,17,1765,4.5,9.7,3.9,7.9,0.6,1.9,2.3,3.0,2.7,5.2,7.8,1.8,1.2,1.3,1.6,4.3,12.0,.462,.496,.323,.494,.777,.540
122,Luther Head\headlu01,23,HOU,NBA,2005-06,80,27,2310,4.0,9.8,2.2,4.9,1.8,4.9,1.3,1.9,0.5,3.6,4.1,3.4,1.4,0.1,1.9,2.6,11.0,.403,.445,.361,.493,.699,.517
123,Chris Paul\paulch01,20,NOK,NBA,2005-06,78,78,2808,5.2,12.1,4.6,9.9,0.6,2.3,5.1,6.0,0.8,4.3,5.1,7.8,2.2,0.1,2.3,2.8,16.1,.430,.464,.282,.456,.847,.546
124,Charlie Villanueva\villach01,21,TOR,NBA,2005-06,81,36,2361,6.6,14.3,5.6,11.1,1.1,3.3,1.7,2.4,2.8,5.2,7.9,1.3,0.9,1.0,1.5,3.8,16.1,.463,.503,.327,.500,.706,.521
125,Deron Williams\willide01,21,UTA,NBA,2005-06,80,47,2307,5.3,12.6,3.9,9.1,1.4,3.4,1.5,2.1,0.5,2.5,3.0,5.6,0.9,0.3,2.3,3.6,13.5,.421,.423,.416,.478,.704,.500
126,Marvin Williams\willima02,19,ATL,NBA,2005-06,79,7,1952,4.3,9.8,4.1,8.8,0.2,1.0,3.5,4.7,2.3,4.8,7.1,1.2,0.9,0.4,1.5,4.2,12.4,.443,.464,.245,.455,.747,.523
127,Josh Childress\childjo01,21,ATL,NBA,2004-05,80,44,2376,4.6,9.7,4.4,8.9,0.2,0.8,2.9,3.5,3.0,4.3,7.3,2.3,1.1,0.5,1.6,2.8,12.2,.470,.493,.232,.481,.823,.543
128,Luol Deng\denglu01,19,CHI,NBA,2004-05,61,45,1663,6.1,14.0,5.4,11.4,0.7,2.5,2.6,3.5,2.0,5.0,7.0,2.9,1.0,0.6,2.6,2.1,15.4,.434,.472,.265,.458,.741,.496
129,Ben Gordon\gordobe01,21,CHI,NBA,2004-05,82,3,2002,7.8,19.0,5.4,13.0,2.4,6.0,4.2,4.9,1.0,2.9,3.9,2.9,1.0,0.2,3.3,4.0,22.2,.411,.414,.405,.474,.863,.526
130,Dwight Howard\howardw01,19,ORL,NBA,2004-05,82,82,2670,4.7,9.1,4.7,9.1,0.0,0.0,3.7,5.6,3.9,7.2,11.1,1.0,1.0,1.8,2.2,3.1,13.2,.520,.521,.000,.520,.671,.571
131,Andre Iguodala\iguodan01,21,PHI,NBA,2004-05,82,82,2686,3.6,7.3,3.0,5.4,0.6,1.9,2.1,2.8,1.2,5.0,6.2,3.3,1.8,0.6,1.9,2.7,9.9,.493,.550,.331,.536,.743,.580
132,Al Jefferson\jeffeal01,20,BOS,NBA,2004-05,71,1,1051,6.7,12.6,6.7,12.5,0.0,0.1,2.9,4.6,4.1,6.6,10.7,0.8,0.8,1.9,2.3,6.7,16.3,.528,.533,.000,.528,.630,.554
133,Nenad Krstic\krstine01,21,NJN,NBA,2004-05,75,57,1965,5.1,10.4,5.1,10.4,0.0,0.0,3.4,4.7,2.9,4.4,7.3,1.4,0.6,1.2,2.1,5.1,13.7,.493,.495,.000,.493,.725,.547
134,Jameer Nelson\nelsoja01,22,ORL,NBA,2004-05,79,21,1612,6.4,14.0,5.4,10.9,1.0,3.1,1.6,2.4,1.2,3.1,4.3,5.3,1.7,0.1,2.6,4.4,15.4,.455,.497,.312,.490,.682,.510
135,Emeka Okafor\okafoem01,22,CHA,NBA,2004-05,73,73,2600,6.2,13.9,6.2,13.9,0.0,0.0,2.9,4.7,3.8,7.2,11.0,0.9,0.9,1.7,1.7,3.0,15.3,.447,.447,.000,.447,.609,.479
136,Josh Smith\smithjo03,19,ATL,NBA,2004-05,74,59,2050,4.8,10.6,4.7,10.2,0.1,0.4,2.9,4.2,2.6,5.4,8.0,2.2,1.0,2.5,2.4,2.8,12.6,.455,.466,.174,.458,.688,.506
137,Carmelo Anthony\anthoca01,19,DEN,NBA,2003-04,82,82,2995,7.5,17.6,6.7,15.0,0.8,2.6,4.9,6.3,2.2,3.8,6.0,2.7,1.2,0.5,3.0,2.7,20.7,.426,.444,.322,.449,.777,.509
138,Chris Bosh\boshch01,19,TOR,NBA,2003-04,75,63,2510,4.7,10.2,4.6,10.0,0.1,0.2,2.9,4.1,2.7,5.2,8.0,1.1,0.8,1.5,1.5,3.1,12.3,.459,.461,.357,.463,.701,.513
139,Marquis Daniels\daniema01,23,DAL,NBA,2003-04,56,15,1039,7.0,14.2,6.7,13.0,0.4,1.2,2.1,2.7,2.3,2.8,5.1,4.0,1.8,0.4,1.5,1.8,16.5,.494,.512,.306,.507,.769,.536
140,T.J. Ford\fordtj01,20,MIL,NBA,2003-04,55,55,1472,3.7,9.7,3.6,9.2,0.1,0.5,2.0,2.4,0.9,3.4,4.3,8.7,1.5,0.1,3.4,3.0,9.6,.384,.393,.238,.391,.816,.443
141,Udonis Haslem\hasleud01,23,MIA,NBA,2003-04,75,24,1795,4.1,9.0,4.1,8.9,0.0,0.1,2.8,3.7,3.8,5.7,9.5,1.0,0.7,0.5,1.5,4.0,11.0,.459,.462,.000,.459,.765,.521
142,Jarvis Hayes\hayesja01,22,WAS,NBA,2003-04,70,42,2044,4.9,12.2,4.2,9.9,0.7,2.3,1.4,1.7,1.3,3.4,4.6,1.9,1.3,0.2,1.9,2.8,11.9,.400,.422,.305,.429,.786,.456
143,Kirk Hinrich\hinriki01,23,CHI,NBA,2003-04,76,66,2706,4.2,10.9,2.3,6.0,1.9,4.9,1.8,2.2,0.6,2.9,3.4,6.9,1.3,0.3,2.7,3.7,12.2,.386,.383,.390,.474,.804,.510
144,Josh Howard\howarjo01,23,DAL,NBA,2003-04,67,29,1589,5.2,12.1,4.7,10.6,0.5,1.5,2.2,3.1,3.4,5.0,8.3,2.2,1.6,1.2,1.5,3.8,13.0,.430,.448,.303,.449,.703,.485
145,LeBron James\jamesle01,19,CLE,NBA,2003-04,79,79,3122,7.2,17.2,6.4,14.7,0.7,2.5,4.0,5.3,1.1,3.8,5.0,5.4,1.5,0.7,3.1,1.7,19.1,.417,.438,.290,.438,.754,.488
146,Dwyane Wade\wadedw01,22,MIA,NBA,2003-04,61,56,2126,6.3,13.5,6.0,12.6,0.3,0.9,3.9,5.3,1.4,2.7,4.2,4.7,1.5,0.6,3.3,2.4,16.8,.465,.477,.302,.475,.747,.530
147,Carlos Boozer\boozeca01,21,CLE,NBA,2002-03,81,54,2049,5.8,10.9,5.8,10.8,0.0,0.0,2.6,3.4,3.5,7.2,10.7,1.9,1.0,0.9,1.8,3.9,14.2,.536,.536,.000,.536,.771,.577
148,J.R. Bremer\bremejr01,22,BOS,NBA,2002-03,64,41,1503,4.1,11.1,1.7,4.3,2.4,6.9,2.0,2.7,0.4,3.0,3.5,3.9,0.9,0.1,1.4,1.9,12.6,.369,.393,.353,.477,.766,.515
149,Caron Butler\butleca01,22,MIA,NBA,2002-03,78,78,2858,5.4,13.0,5.0,11.7,0.4,1.3,3.9,4.7,1.7,3.3,5.0,2.7,1.7,0.4,2.4,2.9,15.1,.416,.427,.318,.432,.824,.502
150,Manu Ginobili\ginobma01,25,SAS,NBA,2002-03,69,5,1431,4.4,10.0,3.1,6.3,1.3,3.7,3.2,4.3,1.2,2.9,4.1,3.5,2.4,0.4,2.5,4.3,13.2,.438,.494,.345,.503,.737,.556
151,Gordan Giricek\giricgo01,25,TOT,NBA,2002-03,76,62,2148,5.9,13.5,4.4,9.3,1.4,4.2,2.5,3.1,0.6,3.4,4.0,2.3,0.9,0.1,2.4,2.7,15.7,.436,.478,.341,.489,.820,.529
152,Drew Gooden\goodedr01,21,TOT,NBA,2002-03,70,47,1873,6.8,14.9,6.6,14.0,0.3,0.9,2.9,4.1,3.1,5.6,8.7,1.6,1.0,0.7,2.9,3.3,16.8,.457,.468,.292,.466,.712,.503
153,Nene Hilario\hilarne01,20,DEN,NBA,2002-03,80,53,2258,5.1,9.9,5.1,9.8,0.0,0.0,3.1,5.4,3.3,4.5,7.8,2.4,2.0,1.0,2.9,4.7,13.4,.519,.521,.000,.519,.578,.545
154,Yao Ming\mingya01,22,HOU,NBA,2002-03,82,72,2382,6.1,12.2,6.0,12.1,0.0,0.0,4.5,5.6,3.0,7.2,10.2,2.1,0.5,2.2,2.6,3.5,16.7,.498,.498,.500,.499,.811,.570
155,Amar'e Stoudemire\stoudam01,20,PHO,NBA,2002-03,82,71,2570,5.5,11.6,5.5,11.5,0.0,0.1,4.5,6.8,3.5,6.6,10.1,1.1,0.9,1.2,2.6,3.8,15.5,.472,.476,.200,.473,.661,.530
156,Jay Williams\willija03,21,CHI,NBA,2002-03,75,54,1961,5.0,12.6,3.8,8.9,1.2,3.7,1.9,3.0,0.5,3.1,3.6,6.4,1.6,0.3,3.1,3.3,13.1,.399,.431,.322,.446,.640,.472
157,Shane Battier\battish01,23,MEM,NBA,2001-02,78,78,3097,4.8,11.2,3.6,8.0,1.2,3.2,2.3,3.3,2.1,2.8,4.9,2.5,1.4,0.9,1.8,2.5,13.1,.429,.451,.373,.482,.700,.518
158,Pau Gasol\gasolpa01,21,MEM,NBA,2001-02,82,79,3007,6.6,12.7,6.6,12.7,0.0,0.1,4.0,5.7,2.8,5.9,8.7,2.7,0.5,2.0,2.7,2.3,17.3,.518,.519,.200,.518,.709,.566
159,Eddie Griffin\griffed01,19,HOU,NBA,2001-02,73,24,1896,4.6,12.6,2.9,7.5,1.7,5.2,1.2,1.6,2.2,5.7,7.9,1.0,0.3,2.5,0.9,2.2,12.2,.366,.392,.330,.434,.744,.456
160,Richard Jefferson\jefferi01,21,NJN,NBA,2001-02,79,9,1917,5.1,11.1,4.8,10.0,0.2,1.1,3.5,5.0,1.6,3.9,5.5,2.6,1.2,0.9,2.0,4.0,13.9,.457,.480,.232,.468,.713,.524
161,Joe Johnson\johnsjo02,20,TOT,NBA,2001-02,77,60,1916,4.7,11.0,4.0,8.5,0.7,2.4,0.8,1.0,1.4,3.4,4.8,3.4,1.1,0.4,1.3,2.1,10.9,.430,.469,.292,.462,.774,.478
162,Andrei Kirilenko\kirilan01,20,UTA,NBA,2001-02,82,40,2151,4.8,10.6,4.4,8.9,0.4,1.7,4.8,6.2,2.5,4.2,6.7,1.6,1.9,2.7,1.8,2.6,14.7,.450,.488,.250,.470,.768,.553
163,Tony Parker\parketo01,19,SAS,NBA,2001-02,77,72,2267,4.3,10.1,3.3,7.1,1.0,3.0,1.7,2.5,0.5,2.6,3.1,5.3,1.4,0.1,2.4,2.6,11.2,.419,.460,.323,.467,.675,.497
164,Vladimir Radmanovic\radmavl01,21,SEA,NBA,2001-02,61,16,1230,4.3,10.4,2.3,5.8,1.9,4.6,1.4,2.1,1.3,5.4,6.7,2.4,1.6,0.7,2.1,3.5,11.9,.412,.406,.420,.506,.681,.528
165,Zeljko Rebraca\rebraze01,29,DET,NBA,2001-02,74,4,1179,5.8,11.4,5.8,11.4,0.0,0.0,4.1,5.3,2.6,6.3,8.9,1.2,0.9,2.2,2.6,5.9,15.7,.505,.505,,.505,.771,.569
166,Jason Richardson\richaja01,21,GSW,NBA,2001-02,80,75,2629,6.4,14.9,5.2,11.6,1.1,3.4,1.9,2.9,1.7,3.0,4.7,3.2,1.5,0.4,2.2,2.7,15.8,.426,.453,.333,.463,.671,.487
167,Jamaal Tinsley\tinslja01,23,IND,NBA,2001-02,80,78,2442,4.3,11.2,3.6,8.6,0.6,2.6,1.9,2.7,1.1,3.2,4.4,9.5,2.0,0.6,4.0,3.7,11.1,.380,.422,.240,.408,.704,.446
168,Courtney Alexander\alexaco02,23,TOT,NBA,2000-01,65,24,1382,6.2,14.9,5.8,13.7,0.4,1.2,3.2,3.9,1.1,2.6,3.7,1.6,1.2,0.1,2.0,3.6,16.1,.417,.421,.370,.432,.820,.484
169,Marcus Fizer\fizerma01,22,CHI,NBA,2000-01,72,13,1580,6.3,14.7,6.1,13.8,0.2,0.9,2.7,3.7,1.7,5.4,7.1,1.7,0.7,0.4,2.8,4.0,15.6,.430,.442,.256,.438,.727,.476
170,Marc Jackson\jacksma02,26,GSW,NBA,2000-01,48,35,1410,6.1,13.0,5.9,12.4,0.1,0.6,3.9,4.9,3.0,6.2,9.2,1.5,0.9,0.7,2.4,3.5,16.2,.467,.478,.217,.471,.802,.534
171,Kenyon Martin\martike01,23,NJN,NBA,2000-01,68,68,2272,5.5,12.3,5.5,12.1,0.0,0.2,1.9,3.0,2.2,5.8,8.0,2.1,1.2,1.8,2.2,4.5,12.9,.445,.450,.091,.446,.630,.472
172,Desmond Mason\masonde01,23,SEA,NBA,2000-01,78,14,1522,4.5,10.4,4.0,8.8,0.4,1.6,1.6,2.2,1.7,4.2,5.9,1.5,0.9,0.5,1.3,3.5,11.0,.431,.460,.269,.451,.736,.483
173,Chris Mihm\mihmch01,21,CLE,NBA,2000-01,59,43,1166,5.3,12.1,5.3,12.0,0.0,0.0,3.1,3.9,3.3,5.4,8.6,0.5,0.6,1.6,2.5,4.8,13.8,.442,.444,.000,.442,.794,.500
174,Darius Miles\milesda01,19,LAC,NBA,2000-01,81,21,2133,5.4,10.6,5.4,10.3,0.0,0.3,2.1,4.0,2.1,5.9,8.1,1.7,0.9,2.1,2.5,3.2,12.8,.505,.519,.053,.506,.521,.518
175,Mike Miller\millemi01,20,ORL,NBA,2000-01,82,62,2390,5.5,12.7,3.3,7.2,2.2,5.5,1.4,1.9,1.0,3.9,4.9,2.1,0.8,0.3,1.5,3.0,14.7,.436,.457,.407,.523,.711,.541
176,Morris Peterson\petermo01,23,TOR,NBA,2000-01,80,49,1809,5.8,13.4,4.5,10.1,1.3,3.3,2.1,2.9,2.2,2.9,5.2,2.1,1.3,0.4,1.6,3.3,14.9,.431,.447,.382,.478,.717,.507
177,Hedo Turkoglu\turkohe01,21,SAC,NBA,2000-01,74,7,1245,4.0,9.7,3.2,7.2,0.8,2.5,2.5,3.2,1.4,4.7,6.1,2.0,1.5,0.7,1.6,4.0,11.3,.412,.442,.326,.454,.777,.509
178,Chucky Atkins\atkinch01,25,ORL,NBA,1999-00,82,0,1626,7.0,16.4,5.7,12.8,1.3,3.6,2.1,2.9,0.4,2.3,2.8,6.8,1.2,0.1,3.1,3.0,17.3,.424,.445,.350,.462,.729,.489
179,Elton Brand\brandel01,20,CHI,NBA,1999-00,81,80,2999,7.6,15.7,7.6,15.7,0.0,0.0,4.4,6.4,4.2,5.5,9.7,1.9,0.8,1.6,2.7,3.1,19.5,.482,.483,.000,.482,.685,.528
180,Steve Francis\francst01,22,HOU,NBA,1999-00,77,77,2776,6.4,14.5,5.1,10.5,1.4,4.0,3.7,4.7,2.0,3.3,5.3,6.6,1.5,0.4,4.0,3.0,18.0,.445,.483,.345,.493,.786,.543
181,Shawn Marion\mariosh01,21,PHO,NBA,1999-00,51,38,1260,6.3,13.5,6.2,12.8,0.1,0.6,2.1,2.4,3.0,6.5,9.5,2.0,1.1,1.5,1.5,3.2,14.9,.471,.486,.182,.476,.847,.511
182,Andre Miller\millean02,23,CLE,NBA,1999-00,82,36,2093,5.8,13.0,5.7,12.1,0.2,0.8,3.9,5.0,1.5,3.4,4.8,8.2,1.4,0.3,2.9,3.3,15.7,.449,.466,.204,.456,.774,.517
183,Lamar Odom\odomla01,20,LAC,NBA,1999-00,76,70,2767,5.8,13.3,5.1,11.2,0.8,2.1,3.9,5.5,2.1,5.7,7.7,4.1,1.2,1.2,3.4,3.8,16.4,.438,.453,.360,.467,.719,.521
184,James Posey\poseyja01,23,DEN,NBA,1999-00,81,77,2052,4.0,9.4,2.6,5.5,1.4,3.9,2.1,2.6,1.5,4.1,5.6,2.6,1.7,0.6,1.7,3.6,11.6,.429,.468,.373,.506,.800,.550
185,Wally Szczerbiak\szczewa02,22,MIN,NBA,1999-00,73,53,2171,5.7,11.1,5.2,9.8,0.5,1.3,2.2,2.7,1.5,3.0,4.5,3.3,1.0,0.4,1.4,2.9,14.0,.511,.531,.359,.532,.826,.571
186,Jason Terry\terryja01,22,ATL,NBA,1999-00,81,27,1888,4.7,11.4,3.9,8.4,0.9,3.0,2.2,2.7,0.5,2.7,3.2,6.6,1.7,0.2,3.0,2.5,12.5,.415,.458,.293,.453,.807,.497
187,Metta World Peace\artesro01,20,CHI,NBA,1999-00,72,63,2238,5.0,12.2,4.0,9.1,1.0,3.1,3.0,4.5,1.0,4.0,5.0,3.2,1.9,0.6,2.7,2.6,13.9,.407,.438,.314,.447,.674,.491
188,Mike Bibby\bibbymi01,20,VAN,NBA,1998-99,50,50,1758,5.3,12.4,5.0,10.9,0.3,1.5,2.6,3.5,0.6,2.2,2.8,6.7,1.6,0.1,3.0,2.5,13.6,.430,.461,.203,.442,.751,.487
189,Vince Carter\cartevi01,22,TOR,NBA,1998-99,50,49,1760,7.1,15.7,6.7,14.3,0.4,1.4,4.2,5.5,1.9,3.9,5.8,3.0,1.1,1.6,2.3,2.9,18.7,.450,.466,.288,.463,.761,.516
190,Michael Dickerson\dickemi01,23,HOU,NBA,1998-99,50,50,1558,5.0,10.7,3.3,6.9,1.6,3.8,1.1,1.7,0.6,1.3,1.9,2.2,0.6,0.3,1.5,2.1,12.6,.465,.483,.433,.542,.639,.554
191,Michael Doleac\doleami01,21,ORL,NBA,1998-99,49,0,780,5.8,12.3,5.8,12.3,0.0,0.0,2.5,3.7,3.0,3.8,6.8,0.9,0.9,0.8,1.2,5.4,14.0,.468,.468,,.468,.675,.503
192,Matt Harpring\harprma01,22,ORL,NBA,1998-99,50,22,1114,4.8,10.3,4.5,9.5,0.3,0.8,3.3,4.6,2.8,4.1,6.9,1.5,1.0,0.2,2.4,3.6,13.2,.463,.468,.400,.478,.713,.533
193,Antawn Jamison\jamisan01,22,GSW,NBA,1998-99,47,24,1058,6.1,13.4,6.0,13.1,0.1,0.3,3.1,5.2,4.5,5.8,10.2,1.2,1.3,0.5,2.3,3.5,15.3,.452,.456,.300,.456,.588,.487
194,Cuttino Mobley\moblecu01,23,HOU,NBA,1998-99,49,37,1456,4.3,10.0,2.9,6.4,1.3,3.7,2.2,2.7,0.5,2.2,2.7,3.0,1.1,0.6,2.0,2.4,12.0,.425,.463,.358,.490,.818,.537
195,Michael Olowokandi\olowomi01,23,LAC,NBA,1998-99,45,36,1279,4.8,11.2,4.8,11.2,0.0,0.0,1.6,3.3,3.4,6.7,10.0,0.7,0.8,1.5,2.4,3.9,11.3,.431,.431,,.431,.483,.445
196,Paul Pierce\piercpa01,21,BOS,NBA,1998-99,48,47,1632,6.3,14.3,4.4,9.8,1.9,4.5,3.1,4.3,2.6,4.2,6.8,2.5,1.8,1.1,2.5,3.1,17.4,.439,.451,.412,.504,.713,.540
197,Jason Williams\willija02,23,SAC,NBA,1998-99,50,50,1805,4.6,12.3,2.6,5.9,2.0,6.4,1.6,2.1,0.3,2.8,3.1,6.0,1.9,0.0,2.9,1.8,12.8,.374,.446,.310,.455,.752,.483
198,Derek Anderson\anderde01,23,CLE,NBA,1997-98,66,13,1839,4.7,11.5,4.3,9.8,0.3,1.6,5.4,6.2,1.1,2.6,3.7,4.4,1.7,0.3,2.5,2.7,15.1,.408,.442,.202,.422,.873,.531
199,Tim Duncan\duncati01,21,SAS,NBA,1997-98,82,82,3204,7.9,14.5,7.9,14.3,0.0,0.1,3.6,5.4,3.1,7.9,11.0,2.5,0.6,2.3,3.1,2.9,19.4,.549,.553,.000,.549,.662,.577
200,Cedric Henderson\hendece02,22,CLE,NBA,1997-98,82,71,2527,5.0,10.3,5.0,10.3,0.0,0.1,1.9,2.7,1.0,3.6,4.6,2.4,1.4,0.6,2.4,3.4,11.9,.480,.483,.000,.480,.716,.514
201,Zydrunas Ilgauskas\ilgauzy01,22,CLE,NBA,1997-98,82,81,2379,6.9,13.3,6.9,13.2,0.0,0.1,3.5,4.6,4.2,6.7,10.9,1.1,0.8,2.0,2.2,4.4,17.2,.518,.519,.250,.519,.762,.564
202,Bobby Jackson\jacksbo01,24,DEN,NBA,1997-98,68,53,2042,5.5,13.9,5.1,12.5,0.4,1.4,2.6,3.2,1.4,3.9,5.3,5.6,1.9,0.2,3.2,2.8,13.9,.392,.407,.259,.405,.814,.453
203,Brevin Knight\knighbr01,22,CLE,NBA,1997-98,80,76,2483,3.8,8.6,3.8,8.5,0.0,0.1,2.9,3.6,1.0,2.7,3.7,9.5,2.8,0.3,2.8,3.9,10.5,.441,.446,.000,.441,.801,.515
204,Ron Mercer\mercero01,21,BOS,NBA,1997-98,80,62,2662,7.0,15.5,6.9,15.1,0.0,0.4,2.5,3.0,1.5,2.3,3.8,2.4,1.7,0.2,1.8,2.9,16.5,.450,.458,.107,.451,.839,.491
205,Maurice Taylor\tayloma01,21,LAC,NBA,1997-98,71,3,1513,7.6,16.1,7.6,16.0,0.0,0.0,4.1,5.8,2.8,4.2,7.0,1.3,0.8,1.0,2.5,5.3,19.4,.476,.476,.000,.476,.709,.521
206,Tim Thomas\thomati01,20,PHI,NBA,1997-98,77,48,1779,6.2,13.8,4.9,10.4,1.3,3.5,3.5,4.7,2.2,3.7,5.8,1.8,1.1,0.3,2.4,3.7,17.1,.447,.476,.363,.493,.740,.538
207,Keith Van Horn\vanhoke01,22,NJN,NBA,1997-98,62,62,2325,6.9,16.2,5.8,12.7,1.1,3.5,4.0,4.7,2.2,4.1,6.3,1.6,1.0,0.4,2.5,3.3,18.9,.426,.458,.308,.459,.846,.516
208,Shareef Abdur-Rahim\abdursh01,20,VAN,NBA,1996-97,80,71,2802,7.1,15.6,7.0,15.3,0.1,0.3,5.0,6.7,2.8,4.4,7.1,2.2,1.0,1.0,2.9,2.6,19.2,.453,.457,.259,.456,.746,.518
209,Ray Allen\allenra02,21,MIL,NBA,1996-97,82,81,2532,5.5,12.9,3.9,8.7,1.7,4.2,2.9,3.5,1.4,3.3,4.6,3.0,1.1,0.1,2.1,3.1,15.7,.430,.448,.393,.494,.823,.541
210,Kobe Bryant\bryanko01,18,LAL,NBA,1996-97,71,6,1103,5.7,13.8,4.1,9.3,1.7,4.4,4.4,5.4,1.5,2.8,4.3,3.0,1.6,0.8,3.7,3.3,17.6,.417,.437,.375,.477,.819,.544
211,Marcus Camby\cambyma01,22,TOR,NBA,1996-97,63,38,1897,7.1,14.8,7.1,14.5,0.0,0.3,3.5,5.0,2.5,5.0,7.5,1.8,1.3,2.5,2.5,4.1,17.7,.482,.488,.143,.483,.693,.523
212,Allen Iverson\iversal01,21,PHI,NBA,1996-97,76,74,3045,7.4,17.8,5.6,12.4,1.8,5.4,4.5,6.4,1.4,2.3,3.7,6.7,1.9,0.3,4.0,2.8,21.1,.416,.448,.341,.467,.702,.513
213,Kerry Kittles\kittlke01,22,NJN,NBA,1996-97,82,57,3012,6.1,14.2,4.2,9.2,1.9,5.0,2.1,2.7,1.3,2.5,3.8,3.0,1.9,0.4,1.5,2.0,16.1,.426,.453,.377,.493,.771,.523
214,Travis Knight\knightr01,22,LAL,NBA,1996-97,71,14,1156,4.4,8.6,4.4,8.6,0.0,0.0,1.9,3.1,4.0,5.9,9.9,1.2,1.0,1.8,1.5,5.3,10.7,.509,.509,,.509,.620,.536
215,Matt Maloney\malonma01,25,HOU,NBA,1996-97,82,82,2386,4.1,9.3,1.8,3.5,2.3,5.7,1.1,1.4,0.3,2.1,2.4,4.6,1.2,0.0,1.8,1.9,11.6,.441,.500,.404,.566,.763,.585
216,Stephon Marbury\marbust01,19,MIN,NBA,1996-97,67,64,2324,5.5,13.5,3.9,9.0,1.6,4.5,3.8,5.2,0.8,2.0,2.9,8.1,1.0,0.3,3.3,2.5,16.4,.408,.434,.354,.466,.727,.519
217,Antoine Walker\walkean02,20,BOS,NBA,1996-97,82,68,2970,7.0,16.4,6.4,14.5,0.6,1.9,2.8,4.4,3.5,5.5,9.0,3.2,1.3,0.6,2.8,3.3,17.4,.425,.438,.327,.445,.631,.474
218,Brent Barry\barrybr01,24,LAC,NBA,1995-96,79,44,1898,5.4,11.3,3.0,5.7,2.3,5.6,2.1,2.6,0.7,2.5,3.2,4.4,1.8,0.4,2.3,3.7,15.2,.474,.532,.416,.577,.810,.609
219,Tyus Edney\edneyty01,22,SAC,NBA,1995-96,80,60,2481,4.4,10.7,3.7,8.6,0.8,2.1,2.9,3.7,0.9,2.0,2.9,7.1,1.3,0.0,2.8,2.9,12.5,.412,.423,.368,.448,.782,.505
220,Michael Finley\finlemi01,22,PHO,NBA,1995-96,82,72,3212,5.2,10.9,4.5,8.9,0.7,2.1,2.7,3.6,1.6,2.6,4.2,3.2,1.0,0.3,1.5,2.2,13.8,.476,.511,.328,.508,.749,.551
221,Kevin Garnett\garneke01,19,MIN,NBA,1995-96,80,43,2293,5.7,11.5,5.5,11.1,0.1,0.4,1.6,2.3,2.7,5.1,7.9,2.3,1.4,2.1,1.7,3.0,13.1,.491,.499,.286,.497,.705,.522
222,Antonio McDyess\mcdyean01,21,DEN,NBA,1995-96,76,75,2280,6.7,13.9,6.7,13.8,0.0,0.1,2.6,3.8,3.6,5.4,9.0,1.2,0.9,1.8,2.4,3.9,16.1,.485,.487,.000,.485,.683,.516
223,Bryant Reeves\reevebr01,22,VAN,NBA,1995-96,77,63,2460,5.9,12.8,5.9,12.8,0.0,0.0,3.2,4.4,2.6,5.7,8.3,1.6,0.6,0.8,2.3,3.3,14.9,.457,.459,.000,.457,.732,.506
224,Arvydas Sabonis\sabonar01,31,POR,NBA,1995-96,73,21,1735,8.2,15.0,7.4,12.8,0.8,2.2,4.8,6.3,3.1,9.2,12.2,2.7,1.3,1.6,3.2,4.4,22.0,.545,.574,.375,.572,.757,.617
225,Joe Smith\smithjo02,20,GSW,NBA,1995-96,82,82,2821,6.0,13.1,5.9,12.7,0.1,0.4,3.9,5.0,3.8,5.3,9.1,1.0,1.1,1.7,1.8,2.9,16.0,.458,.461,.357,.463,.773,.523
226,Jerry Stackhouse\stackje01,21,PHI,NBA,1995-96,72,71,2701,6.0,14.5,4.8,10.6,1.2,3.9,5.2,6.9,1.2,2.3,3.5,3.7,1.0,1.1,3.4,2.4,18.4,.414,.449,.318,.457,.747,.525
227,Damon Stoudamire\stoudda01,22,TOR,NBA,1995-96,70,70,2865,6.0,14.2,4.4,10.0,1.7,4.2,3.0,3.7,0.7,2.8,3.5,8.2,1.2,0.2,3.4,2.1,16.7,.426,.439,.395,.485,.797,.528
228,Rasheed Wallace\wallara01,21,WSB,NBA,1995-96,65,51,1788,5.5,11.4,5.0,9.7,0.5,1.7,1.6,2.4,1.9,4.2,6.1,1.7,0.8,1.1,2.1,4.1,13.2,.487,.513,.329,.511,.650,.530
229,Brian Grant\grantbr01,22,SAC,NBA,1994-95,80,59,2289,6.5,12.7,6.5,12.7,0.0,0.1,3.6,5.7,3.3,6.1,9.4,1.6,0.8,1.8,2.6,4.3,16.6,.511,.512,.250,.511,.636,.546
230,Grant Hill\hillgr01,22,DET,NBA,1994-95,70,69,2678,6.8,14.3,6.8,13.9,0.1,0.4,5.0,6.9,1.7,4.3,6.0,4.7,1.7,0.8,2.7,2.7,18.7,.477,.486,.148,.479,.732,.541
231,Juwan Howard\howarju01,21,WSB,NBA,1994-95,65,52,2348,7.0,14.3,7.0,14.2,0.0,0.1,3.0,4.5,2.8,5.5,8.4,2.5,0.8,0.2,2.5,3.6,16.9,.489,.492,.000,.489,.664,.521
232,Eddie Jones\jonesed02,23,LAL,NBA,1994-95,64,58,1981,6.2,13.5,4.6,9.0,1.7,4.5,2.2,3.1,1.4,3.1,4.5,2.3,2.4,0.7,1.4,3.2,16.3,.460,.504,.370,.521,.722,.548
233,Jason Kidd\kiddja01,21,DAL,NBA,1994-95,79,79,2668,4.5,11.6,3.5,8.1,0.9,3.5,2.6,3.7,2.1,3.8,5.8,8.2,2.0,0.3,3.4,2.0,12.4,.385,.433,.272,.426,.698,.471
234,Donyell Marshall\marshdo01,21,TOT,NBA,1994-95,72,31,2086,6.0,15.1,4.8,10.9,1.2,4.2,2.5,3.8,2.4,4.6,7.0,1.8,0.8,1.5,2.0,2.7,15.6,.394,.436,.284,.433,.662,.465
235,Eric Montross\montrer01,23,BOS,NBA,1994-95,78,75,2315,4.8,8.9,4.8,8.9,0.0,0.0,2.6,4.1,3.0,5.8,8.8,0.6,0.5,0.9,1.7,4.6,12.1,.534,.535,.000,.534,.635,.565
236,Wesley Person\persowe01,23,PHO,NBA,1994-95,78,56,1800,6.2,12.8,3.9,7.4,2.3,5.3,1.6,2.0,1.3,2.7,4.0,2.1,1.0,0.5,1.6,3.0,16.3,.484,.519,.436,.575,.792,.596
237,Glenn Robinson\robingl01,22,MIL,NBA,1994-95,80,76,2958,7.7,17.2,6.7,13.9,1.0,3.3,4.8,6.1,2.1,4.2,6.2,2.4,1.4,0.3,3.8,2.8,21.4,.451,.482,.321,.482,.796,.538
238,Jalen Rose\roseja01,22,DEN,NBA,1994-95,81,37,1798,4.5,10.0,3.8,7.7,0.7,2.3,3.5,4.7,1.1,3.2,4.3,7.8,1.3,0.4,3.2,4.1,13.3,.454,.495,.316,.490,.739,.550
239,Sharone Wright\wrighsh01,22,PHI,NBA,1994-95,79,49,2044,6.4,13.7,6.4,13.5,0.0,0.1,3.2,5.0,3.4,4.9,8.3,0.8,0.7,1.8,2.7,4.3,15.9,.465,.470,.000,.465,.645,.502
240,Vin Baker\bakervi01,22,MIL,NBA,1993-94,82,63,2560,6.1,12.2,6.1,12.2,0.0,0.1,3.3,5.8,3.9,4.8,8.7,2.3,0.8,1.6,2.3,3.2,15.5,.501,.502,.200,.501,.569,.526
241,Shawn Bradley\bradlsh01,21,PHI,NBA,1993-94,49,45,1385,5.2,12.8,5.2,12.7,0.0,0.1,2.7,4.4,2.5,5.4,8.0,2.5,1.2,3.8,3.8,4.4,13.1,.409,.412,.000,.409,.607,.446
242,Anfernee Hardaway\hardaan01,22,ORL,NBA,1993-94,82,82,3015,6.1,13.0,5.5,10.8,0.6,2.2,2.9,3.9,2.3,2.9,5.2,6.5,2.3,0.6,3.5,2.4,15.7,.466,.507,.267,.489,.742,.531
243,Lindsey Hunter\hunteli01,23,DET,NBA,1993-94,82,26,2172,5.6,14.8,4.4,11.4,1.1,3.4,1.7,2.4,0.8,2.4,3.1,6.5,2.0,0.2,3.0,2.9,14.0,.375,.388,.333,.414,.732,.441
244,Toni Kukoc\kukocto01,25,CHI,NBA,1993-94,75,8,1808,6.2,14.5,5.6,12.1,0.6,2.3,3.1,4.2,2.0,4.0,5.9,5.0,1.6,0.7,3.3,2.4,16.2,.431,.462,.271,.453,.743,.497
245,Jamal Mashburn\mashbja01,21,DAL,NBA,1993-94,79,73,2896,7.0,17.2,5.9,13.5,1.1,3.7,3.8,5.4,1.3,3.1,4.4,3.3,1.1,0.2,3.0,2.5,18.8,.406,.440,.284,.437,.699,.480
246,Dino Radja\radjadi01,26,BOS,NBA,1993-94,80,47,2303,7.7,14.7,7.7,14.7,0.0,0.0,3.5,4.7,3.0,6.0,9.0,1.8,1.1,1.0,2.3,4.3,18.9,.521,.522,.000,.521,.751,.562
247,Isaiah Rider\rideris01,22,MIN,NBA,1993-94,79,60,2415,7.8,16.6,7.0,14.4,0.8,2.2,3.2,4.0,1.8,2.9,4.7,3.0,0.8,0.4,3.2,2.9,19.6,.468,.485,.360,.492,.811,.533
248,Nick Van Exel\vanexni01,22,LAL,NBA,1993-94,81,80,2700,5.5,14.0,3.9,9.1,1.6,4.9,2.0,2.6,0.6,2.5,3.2,6.2,1.1,0.1,1.9,2.1,14.7,.394,.423,.338,.452,.781,.485
249,Chris Webber\webbech01,20,GSW,NBA,1993-94,76,76,2438,8.4,15.3,8.4,15.1,0.0,0.2,2.8,5.2,4.5,5.7,10.2,4.0,1.4,2.4,3.0,3.6,19.7,.552,.559,.000,.552,.532,.559
250,Richard Dumas\dumasri02,23,PHO,NBA,1992-93,48,32,1320,8.2,15.7,8.2,15.6,0.0,0.1,4.1,5.9,2.7,3.4,6.1,1.6,2.3,1.1,2.5,3.5,20.6,.524,.525,.333,.525,.707,.564
251,LaPhonso Ellis\ellisla01,22,DEN,NBA,1992-93,82,82,2749,6.3,12.5,6.3,12.4,0.0,0.2,3.1,4.2,3.6,6.2,9.7,2.0,0.9,1.5,2.0,3.8,15.8,.504,.509,.154,.505,.748,.549
252,Tom Gugliotta\guglito01,23,WSB,NBA,1992-93,81,81,2795,6.2,14.6,5.7,12.9,0.5,1.7,2.3,3.6,2.8,7.2,10.1,3.9,1.7,0.5,3.0,2.5,15.3,.426,.446,.281,.443,.644,.472
253,Robert Horry\horryro01,22,HOU,NBA,1992-93,79,79,2330,5.0,10.5,4.8,9.8,0.2,0.7,2.2,3.1,1.7,4.3,6.1,3.0,1.2,1.3,2.4,3.2,12.4,.474,.490,.255,.482,.715,.520
254,Christian Laettner\laettch01,23,MIN,NBA,1992-93,81,81,2823,6.4,13.5,6.4,13.0,0.1,0.5,5.9,7.1,2.2,6.8,9.0,2.8,1.3,1.1,3.5,3.7,18.8,.474,.489,.100,.476,.835,.564
255,Alonzo Mourning\mournal01,22,CHH,NBA,1992-93,78,78,2644,7.8,15.2,7.8,15.2,0.0,0.0,6.7,8.6,3.6,7.4,11.0,1.0,0.4,3.7,3.2,3.9,22.3,.511,.513,.000,.511,.781,.586
256,Shaquille O'Neal\onealsh01,20,ORL,NBA,1992-93,81,81,3071,8.6,15.3,8.6,15.3,0.0,0.0,5.0,8.5,4.0,9.1,13.2,1.8,0.7,3.4,3.6,3.8,22.2,.562,.563,.000,.562,.592,.584
257,Latrell Sprewell\sprewla01,22,GSW,NBA,1992-93,77,69,2741,5.9,12.7,4.9,10.1,1.0,2.6,2.8,3.7,1.0,2.5,3.6,3.9,1.7,0.7,2.7,2.2,15.5,.464,.488,.369,.502,.746,.541
258,Clarence Weatherspoon\weathcl01,22,PHI,NBA,1992-93,82,82,2654,6.7,14.3,6.7,14.2,0.0,0.1,3.9,5.5,2.4,5.6,8.0,2.0,1.2,0.9,2.4,2.6,17.4,.469,.470,.250,.470,.713,.519
259,Walt Williams\williwa02,22,SAC,NBA,1992-93,59,26,1673,7.7,17.7,6.4,13.6,1.3,4.1,4.8,6.5,2.5,3.2,5.7,3.8,1.4,0.6,3.9,4.5,21.5,.435,.470,.319,.472,.742,.524
260,Stacey Augmon\augmost01,23,ATL,NBA,1991-92,82,82,2505,6.3,12.9,6.3,12.8,0.0,0.1,3.1,4.6,2.7,3.3,6.0,2.9,1.8,0.4,2.6,2.3,15.7,.489,.492,.167,.490,.666,.526
261,Terrell Brandon\brandte01,21,CLE,NBA,1991-92,82,9,1605,5.7,13.5,5.6,13.0,0.0,0.5,2.2,2.8,1.1,2.5,3.6,7.1,1.8,0.5,3.1,2.4,13.6,.419,.434,.043,.420,.806,.461
262,Rick Fox\foxri01,22,BOS,NBA,1991-92,81,5,1535,5.7,12.3,5.1,10.7,0.5,1.6,3.3,4.3,1.7,3.4,5.2,3.0,1.8,0.7,2.9,5.4,15.1,.459,.479,.329,.481,.755,.531
263,Larry Johnson\johnsla02,22,CHH,NBA,1991-92,82,77,3047,7.3,14.9,7.2,14.6,0.1,0.3,4.0,4.8,3.8,6.8,10.6,3.4,1.0,0.6,1.9,2.7,18.6,.490,.494,.227,.492,.829,.548
264,Mark Macon\maconma01,22,DEN,NBA,1991-92,76,67,2304,5.2,13.9,5.1,13.4,0.1,0.5,2.1,2.9,1.2,2.2,3.4,2.6,2.4,0.2,2.4,3.8,12.6,.375,.383,.133,.377,.730,.415
265,Dikembe Mutombo\mutomdi01,25,DEN,NBA,1991-92,71,71,2716,5.7,11.5,5.7,11.5,0.0,0.0,4.3,6.6,4.2,7.3,11.5,2.1,0.6,2.8,3.3,3.6,15.6,.493,.493,,.493,.642,.540
266,Billy Owens\owensbi01,22,GSW,NBA,1991-92,80,77,2510,6.7,12.8,6.7,12.7,0.0,0.1,2.9,4.5,3.5,5.7,9.2,2.7,1.3,0.9,2.6,4.0,16.4,.525,.529,.111,.526,.654,.555
267,Stanley Roberts\roberst01,21,ORL,NBA,1991-92,55,34,1118,7.6,14.4,7.6,14.3,0.0,0.0,3.3,6.3,3.6,7.2,10.8,1.3,0.7,2.7,2.5,7.1,18.5,.529,.530,.000,.529,.515,.538
268,Steve Smith\smithst01,22,MIA,NBA,1991-92,61,59,1806,5.9,13.0,5.1,10.5,0.8,2.5,1.9,2.5,1.6,2.1,3.7,5.5,1.2,0.4,3.0,3.2,14.5,.454,.486,.320,.485,.748,.513
269,Larry Stewart\stewala01,23,WSB,NBA,1991-92,76,43,2229,4.9,9.5,4.9,9.5,0.0,0.0,3.0,3.8,3.0,4.2,7.3,1.9,0.8,0.7,1.8,3.6,12.8,.514,.516,.000,.514,.807,.573
270,Mahmoud Abdul-Rauf\abdulma02,21,DEN,NBA,1990-91,67,19,1505,10.0,24.1,9.4,21.7,0.6,2.4,2.0,2.3,0.8,2.1,2.9,4.9,1.3,0.1,2.6,3.6,22.5,.413,.432,.240,.425,.857,.448
271,Dee Brown\brownde01,22,BOS,NBA,1990-91,82,5,1945,5.3,11.3,5.1,10.7,0.1,0.6,2.5,2.9,0.8,2.6,3.4,6.4,1.5,0.3,2.5,3.0,13.2,.464,.479,.206,.470,.873,.523
272,Willie Burton\burtowi01,22,MIA,NBA,1990-91,76,26,1928,6.4,14.4,6.3,13.9,0.1,0.6,4.3,5.5,2.1,2.8,4.9,2.0,1.3,0.4,2.7,5.1,17.1,.441,.454,.133,.444,.782,.507
273,Derrick Coleman\colemde01,23,NJN,NBA,1990-91,74,68,2602,7.1,15.2,6.9,14.7,0.2,0.5,4.5,6.1,3.7,6.8,10.5,2.3,1.0,1.4,3.0,3.0,18.9,.467,.472,.342,.473,.731,.527
274,Kendall Gill\gillke01,22,CHH,NBA,1990-91,82,36,1944,7.0,15.5,6.9,15.2,0.0,0.3,2.8,3.4,1.9,2.9,4.9,5.6,1.9,0.7,3.0,3.4,16.8,.450,.455,.143,.451,.835,.494
275,Travis Mays\maystr01,22,SAC,NBA,1990-91,64,55,2145,4.9,12.2,3.7,8.8,1.2,3.3,4.3,5.6,0.9,2.1,3.0,4.2,1.4,0.2,2.7,2.8,15.4,.406,.421,.365,.456,.770,.526
276,Gary Payton\paytoga01,22,SEA,NBA,1990-91,82,82,2244,4.2,9.2,4.1,9.0,0.0,0.2,1.1,1.6,1.7,2.2,3.9,8.5,2.6,0.2,2.9,4.0,9.4,.450,.459,.077,.451,.711,.476
277,Dennis Scott\scottde01,22,ORL,NBA,1990-91,82,73,2336,7.8,18.2,5.8,13.1,1.9,5.1,2.4,3.1,1.0,2.7,3.6,2.1,1.0,0.4,2.0,3.1,19.8,.425,.445,.374,.478,.750,.504
278,Lionel Simmons\simmoli01,22,SAC,NBA,1990-91,79,79,2978,6.6,15.7,6.6,15.6,0.0,0.1,3.9,5.3,2.3,6.1,8.4,3.8,1.4,1.0,2.8,3.0,17.2,.422,.423,.273,.423,.736,.476
279,Felton Spencer\spencfe01,23,MIN,NBA,1990-91,81,46,2099,3.3,6.5,3.3,6.5,0.0,0.0,3.1,4.3,4.7,6.3,11.0,0.4,0.8,2.1,1.3,5.8,9.8,.512,.513,.000,.512,.722,.581
280,Vlade Divac\divacvl01,21,LAL,NBA,1989-90,82,5,1611,6.1,12.3,6.1,12.2,0.0,0.1,3.4,4.8,3.7,7.7,11.4,1.7,1.8,2.5,2.5,5.4,15.7,.499,.504,.000,.499,.708,.544
281,Sherman Douglas\douglsh01,23,MIA,NBA,1989-90,81,66,2470,6.7,13.7,6.7,13.2,0.1,0.5,3.3,4.8,1.0,2.0,3.0,9.0,2.1,0.1,3.6,2.7,16.8,.494,.505,.161,.496,.687,.534
282,Blue Edwards\edwarbl01,24,UTA,NBA,1989-90,82,49,1889,5.5,10.7,5.3,10.2,0.2,0.6,2.8,3.9,1.3,3.5,4.8,2.8,1.4,0.7,2.9,5.3,13.9,.507,.519,.300,.515,.719,.556
283,Sean Elliott\elliose01,21,SAS,NBA,1989-90,81,69,2032,5.5,11.5,5.5,11.3,0.0,0.2,3.3,3.8,2.3,3.0,5.3,2.7,0.8,0.2,2.0,3.0,14.4,.481,.486,.111,.481,.866,.546
284,Tim Hardaway\hardati01,23,GSW,NBA,1989-90,79,78,2663,6.3,13.3,6.0,12.2,0.3,1.1,2.9,3.7,0.8,3.4,4.2,9.3,2.2,0.2,3.5,3.1,15.7,.471,.489,.274,.483,.764,.525
285,Stacey King\kingst01,23,CHI,NBA,1989-90,82,2,1777,5.4,10.7,5.4,10.7,0.0,0.0,3.9,5.4,3.4,4.4,7.8,1.8,0.8,1.2,2.4,4.4,14.7,.504,.505,.000,.504,.727,.562
286,J.R. Reid\reidjr01,21,CHH,NBA,1989-90,82,82,2757,4.7,10.6,4.7,10.6,0.0,0.1,2.5,3.8,2.6,6.4,9.0,1.3,1.2,0.7,2.2,3.8,11.9,.440,.443,.000,.440,.664,.482
287,Glen Rice\ricegl01,22,MIA,NBA,1989-90,77,60,2311,7.3,16.7,7.1,15.6,0.3,1.1,1.4,1.9,1.6,3.9,5.5,2.1,1.0,0.4,1.8,3.1,16.3,.439,.452,.246,.447,.734,.466
288,Pooh Richardson\richapo01,23,MIN,NBA,1989-90,82,48,2581,5.9,12.9,5.6,11.7,0.3,1.2,0.9,1.5,0.8,2.3,3.0,7.7,1.9,0.3,2.0,2.0,13.1,.461,.479,.277,.473,.589,.482
289,David Robinson\robinda01,24,SAS,NBA,1989-90,82,81,3002,8.3,15.6,8.3,15.6,0.0,0.0,7.4,10.0,3.6,8.2,11.8,2.0,1.7,3.8,3.1,3.1,23.9,.531,.532,.000,.531,.732,.597
290,Willie Anderson\anderwi01,22,SAS,NBA,1988-89,81,79,2738,8.4,16.9,8.4,16.6,0.1,0.3,2.9,3.8,2.0,3.5,5.5,4.9,2.0,0.8,3.4,3.9,19.8,.498,.503,.190,.500,.775,.534
291,Rex Chapman\chapmre01,21,CHH,NBA,1988-89,75,44,2219,8.5,20.6,7.6,17.5,1.0,3.1,2.5,3.2,1.2,1.8,3.0,2.9,1.1,0.4,1.8,2.7,20.6,.414,.431,.314,.437,.795,.467
292,Kevin Edwards\edwarke01,23,MIA,NBA,1988-89,79,62,2349,7.2,16.9,7.0,16.4,0.2,0.6,2.2,3.0,1.3,2.7,4.0,5.3,2.1,0.4,3.8,2.4,16.8,.425,.431,.270,.430,.746,.460
293,Hersey Hawkins\hawkihe01,22,PHI,NBA,1988-89,79,79,2577,6.2,13.6,5.2,11.2,1.0,2.3,3.4,4.1,0.7,2.4,3.1,3.3,1.7,0.5,2.2,2.6,16.7,.455,.461,.428,.492,.831,.544
294,Chris Morris\morrich01,23,NJN,NBA,1988-89,76,48,2096,7.1,15.5,6.0,12.5,1.1,3.0,3.1,4.4,3.2,3.6,6.8,2.0,1.8,1.0,3.3,4.3,18.4,.457,.479,.366,.493,.717,.528
295,Mitch Richmond\richmmi01,23,GSW,NBA,1988-89,79,79,2717,8.6,18.4,8.2,17.2,0.4,1.2,5.4,6.7,2.1,4.1,6.2,4.4,1.1,0.2,3.6,3.0,23.1,.468,.475,.367,.480,.810,.541
296,Brian Shaw\shawbr01,22,BOS,NBA,1988-89,82,54,2301,4.6,10.7,4.6,10.5,0.0,0.2,1.7,2.1,1.9,4.0,5.9,7.4,1.2,0.4,2.9,3.3,11.0,.433,.441,.000,.433,.826,.472
297,Charles Smith\smithch01,23,LAC,NBA,1988-89,71,56,2161,7.2,14.6,7.2,14.6,0.0,0.0,4.7,6.5,2.9,4.9,7.7,1.7,1.1,1.5,2.4,4.5,19.2,.495,.497,.000,.495,.725,.550
298,Rik Smits\smitsri01,22,IND,NBA,1988-89,82,71,2041,6.8,13.2,6.8,13.1,0.0,0.0,3.2,4.5,3.3,5.6,8.8,1.2,0.7,2.7,2.3,5.5,16.9,.517,.518,.000,.517,.722,.557
299,Rod Strickland\stricro02,22,NYK,NBA,1988-89,81,10,1358,7.0,15.0,6.5,13.5,0.5,1.6,4.6,6.1,1.4,2.9,4.2,8.5,2.6,0.1,3.9,3.8,19.1,.467,.484,.322,.484,.745,.539
300,Greg Anderson\andergr01,23,SAS,NBA,1987-88,82,45,1984,6.9,13.7,6.9,13.6,0.0,0.1,3.6,6.0,2.9,6.4,9.3,1.4,1.0,2.2,2.6,4.1,17.4,.501,.503,.200,.502,.604,.531
301,Armen Gilliam\gilliar01,23,PHO,NBA,1987-88,55,53,1807,6.8,14.3,6.8,14.3,0.0,0.0,2.6,3.8,2.7,6.0,8.6,1.4,1.2,0.6,2.5,2.8,16.2,.475,.475,,.475,.679,.506
302,Mark Jackson\jacksma01,22,NYK,NBA,1987-88,82,80,3249,4.9,11.2,4.5,9.8,0.4,1.4,2.3,2.9,1.3,3.1,4.4,9.6,2.3,0.1,2.9,2.7,12.3,.432,.458,.254,.448,.774,.493
303,Derrick McKey\mckeyde01,21,SEA,NBA,1987-88,82,4,1706,5.4,11.0,5.1,10.3,0.2,0.6,3.7,4.7,2.4,4.5,6.9,2.3,1.5,1.3,2.3,5.0,14.6,.491,.499,.367,.502,.772,.562
304,Kenny Smith\smithke01,22,SAC,NBA,1987-88,61,60,2170,5.5,11.5,5.3,10.9,0.2,0.6,2.8,3.4,0.7,1.6,2.3,7.2,1.5,0.1,3.1,2.3,14.0,.477,.487,.308,.486,.819,.537
305,Brad Daugherty\daughbr01,21,CLE,NBA,1986-87,80,80,2695,6.5,12.1,6.5,12.1,0.0,0.0,3.7,5.4,2.0,6.6,8.6,4.1,0.7,0.8,3.3,3.3,16.7,.538,.538,,.538,.696,.579
306,Ron Harper\harpero01,23,CLE,NBA,1986-87,82,82,3064,8.6,19.0,8.4,17.9,0.2,1.1,4.5,6.6,2.0,2.6,4.6,4.6,2.5,1.0,4.1,2.9,22.0,.455,.470,.213,.461,.684,.503
307,Chuck Person\persoch01,22,IND,NBA,1986-87,82,78,2956,7.7,16.5,7.1,14.9,0.6,1.7,2.7,3.6,2.0,6.2,8.2,3.6,1.1,0.2,2.6,3.8,18.8,.468,.480,.355,.486,.747,.518
308,Roy Tarpley\tarplro01,22,DAL,NBA,1986-87,75,1,1405,6.0,12.8,5.9,12.7,0.0,0.1,2.4,3.6,4.6,9.0,13.7,1.3,1.4,2.0,2.6,5.9,14.4,.467,.468,.333,.468,.676,.501
309,Hot Rod Williams\williho01,24,CLE,NBA,1986-87,80,80,2714,5.8,11.9,5.8,11.9,0.0,0.0,4.0,5.3,2.9,5.4,8.3,2.0,0.8,2.2,1.8,2.6,15.5,.485,.485,.000,.485,.745,.544
310,Joe Dumars\dumarjo01,22,DET,NBA,1985-86,82,45,1957,5.3,11.0,5.2,10.7,0.1,0.3,3.5,4.4,1.1,1.1,2.2,7.2,1.2,0.2,2.9,3.7,14.1,.481,.485,.313,.485,.798,.548
311,Patrick Ewing\ewingpa01,23,NYK,NBA,1985-86,50,50,1771,7.8,16.5,7.8,16.4,0.0,0.1,4.6,6.2,2.5,6.6,9.2,2.1,1.1,2.1,3.5,3.9,20.3,.474,.477,.000,.474,.739,.526
312,Karl Malone\malonka01,22,UTA,NBA,1985-86,81,76,2475,7.3,14.8,7.3,14.7,0.0,0.0,2.8,5.9,2.5,7.9,10.4,3.4,1.5,0.6,4.1,4.3,17.5,.496,.497,.000,.496,.481,.504
313,Xavier McDaniel\mcdanxa01,22,SEA,NBA,1985-86,82,80,2706,7.7,15.6,7.6,15.5,0.0,0.1,3.3,4.8,4.1,4.6,8.7,2.6,1.3,0.5,3.3,4.1,18.7,.490,.492,.200,.491,.687,.525
314,Charles Oakley\oaklech01,22,CHI,NBA,1985-86,77,30,1772,5.7,11.0,5.7,10.9,0.0,0.1,3.6,5.5,5.2,8.3,13.5,2.7,1.4,0.6,3.6,5.1,15.0,.519,.522,.000,.519,.662,.561
315,Charles Barkley\barklch01,21,PHI,NBA,1984-85,82,60,2347,6.5,12.0,6.5,11.9,0.0,0.1,4.5,6.1,4.1,6.7,10.8,2.4,1.5,1.2,3.2,4.6,17.6,.545,.548,.167,.546,.733,.599
316,Sam Bowie\bowiesa01,23,POR,NBA,1984-85,76,62,2216,4.9,9.0,4.9,9.0,0.0,0.0,2.6,3.7,3.4,7.3,10.7,3.5,0.9,3.3,2.8,4.5,12.3,.537,.537,,.537,.711,.578
317,Michael Jordan\jordami01,21,CHI,NBA,1984-85,82,82,3144,9.6,18.6,9.5,18.0,0.1,0.6,7.2,8.5,1.9,4.2,6.1,5.5,2.2,0.8,3.3,3.3,26.5,.515,.526,.173,.518,.845,.592
318,Hakeem Olajuwon\olajuha01,22,HOU,NBA,1984-85,82,82,2914,8.4,15.5,8.4,15.5,0.0,0.0,4.2,6.8,5.4,6.6,12.0,1.4,1.2,2.7,2.9,4.2,20.9,.538,.538,,.538,.613,.564
319,Sam Perkins\perkisa01,23,DAL,NBA,1984-85,82,42,2317,5.4,11.4,5.3,10.9,0.1,0.6,3.1,3.8,2.9,6.5,9.4,2.1,1.0,1.0,1.6,3.7,14.0,.471,.483,.250,.478,.820,.535
320,Thurl Bailey\baileth01,22,UTA,NBA,1983-84,81,54,2009,5.4,10.6,5.4,10.6,0.0,0.0,1.6,2.1,2.1,6.3,8.3,2.3,0.7,2.2,1.9,3.5,12.4,.512,.512,,.512,.752,.539
321,Jeff Malone\malonje01,22,WSB,NBA,1983-84,81,2,1976,7.4,16.7,7.0,15.4,0.4,1.3,2.6,3.1,1.0,1.8,2.8,2.8,0.4,0.2,2.0,3.0,17.9,.444,.455,.324,.458,.826,.494
322,Ralph Sampson\sampsra01,23,HOU,NBA,1983-84,82,82,2693,9.6,18.3,9.6,18.2,0.0,0.1,3.8,5.8,3.9,8.3,12.2,2.2,0.9,2.6,3.9,4.5,23.0,.523,.524,.250,.523,.661,.551
323,Byron Scott\scottby01,22,LAL,NBA,1983-84,74,49,1637,7.3,15.2,7.2,14.4,0.2,0.7,2.5,3.1,1.1,2.5,3.6,3.9,1.8,0.4,2.6,3.8,17.3,.484,.497,.235,.490,.806,.525
324,Steve Stipanovich\stipast01,23,IND,NBA,1983-84,81,73,2426,5.8,12.1,5.8,11.9,0.0,0.2,2.7,3.6,1.7,6.6,8.3,2.5,1.1,1.0,2.4,4.5,14.4,.480,.486,.188,.482,.753,.526
325,Darrell Walker\walkeda01,22,NYK,NBA,1983-84,82,0,1324,5.9,14.1,5.8,13.7,0.1,0.4,5.7,7.2,2.0,2.5,4.5,7.7,3.5,0.4,5.3,5.5,17.5,.417,.421,.267,.421,.791,.508
326,Terry Cummings\cummite01,21,SDC,NBA,1982-83,70,69,2531,9.7,18.6,9.7,18.6,0.0,0.0,4.2,5.9,4.3,6.3,10.6,2.5,1.8,0.9,2.9,4.2,23.6,.523,.523,.000,.523,.709,.557
327,Quintin Dailey\dailequ01,22,CHI,NBA,1982-83,76,32,2081,8.1,17.4,8.0,17.0,0.1,0.4,3.6,4.9,1.5,3.0,4.5,4.8,1.2,0.2,3.5,4.3,19.9,.466,.473,.200,.469,.730,.508
328,Clark Kellogg\kellocl01,21,IND,NBA,1982-83,81,81,2761,8.9,18.5,8.8,18.3,0.1,0.2,3.4,4.6,4.4,6.8,11.2,2.9,1.8,0.6,2.8,3.9,21.2,.479,.482,.222,.480,.741,.516
329,Dominique Wilkins\wilkido01,23,ATL,NBA,1982-83,82,82,2697,8.0,16.3,8.0,16.1,0.0,0.1,3.1,4.5,3.0,3.4,6.4,1.7,1.1,0.8,2.4,2.8,19.1,.493,.495,.182,.493,.682,.524
330,James Worthy\worthja01,21,LAL,NBA,1982-83,77,1,1970,8.2,14.1,8.2,14.0,0.0,0.1,2.5,4.0,2.9,4.4,7.3,2.4,1.7,1.2,3.3,4.0,18.9,.579,.581,.250,.580,.624,.594
331,Jeff Ruland\rulanje01,23,WSB,NBA,1981-82,82,0,2214,6.8,12.2,6.8,12.1,0.0,0.0,5.6,7.4,4.1,8.3,12.4,2.2,0.7,0.9,3.9,5.2,19.2,.561,.562,.333,.561,.752,.623
332,Isiah Thomas\thomais01,20,DET,NBA,1981-82,72,72,2433,6.7,15.8,6.5,14.9,0.3,0.9,4.5,6.3,0.8,2.2,3.1,8.4,2.2,0.3,4.4,3.7,18.1,.424,.432,.288,.432,.704,.487
333,Kelly Tripucka\tripuke01,22,DET,NBA,1981-82,82,82,3077,7.4,15.0,7.4,14.7,0.1,0.3,5.8,7.3,2.6,2.6,5.2,3.2,1.0,0.2,3.3,2.8,20.7,.496,.501,.227,.498,.797,.570
334,Jay Vincent\vinceja01,22,DAL,NBA,1981-82,81,62,2626,9.9,19.9,9.8,19.8,0.0,0.1,4.0,5.6,2.5,5.3,7.7,2.4,1.2,0.3,2.7,4.2,23.7,.497,.497,.250,.497,.716,.532
335,Buck Williams\willibu01,21,NJN,NBA,1981-82,82,82,2825,6.5,11.2,6.5,11.2,0.0,0.0,3.1,4.9,4.4,8.4,12.8,1.4,1.1,1.1,3.0,3.6,16.2,.582,.583,.000,.582,.624,.603
336,Joe Barry Carroll\carrojo01,22,GSW,NBA,1980-81,82,,2919,7.6,15.5,7.6,15.4,0.0,0.0,3.9,5.4,3.4,6.0,9.4,1.4,0.6,1.5,3.0,3.9,19.1,.491,.492,.000,.491,.716,.534
337,Darrell Griffith\griffda01,22,UTA,NBA,1980-81,81,,2867,9.0,19.4,8.9,18.7,0.1,0.7,2.9,4.0,1.0,2.6,3.6,2.4,1.3,0.5,2.9,2.7,21.0,.464,.473,.192,.467,.716,.496
338,Kevin McHale\mchalke01,23,BOS,NBA,1980-81,82,1,1645,7.8,14.6,7.8,14.5,0.0,0.0,2.4,3.5,3.4,4.5,7.9,1.2,0.6,3.3,2.4,5.7,17.9,.533,.535,.000,.533,.679,.556
339,Kelvin Ransey\ranseke01,22,POR,NBA,1980-81,80,,2431,7.8,17.2,7.7,16.7,0.0,0.5,2.4,3.2,0.6,2.3,2.9,8.2,1.3,0.1,3.4,3.0,18.0,.452,.462,.097,.453,.749,.484
340,Larry Smith\smithla01,23,GSW,NBA,1980-81,82,,2578,4.2,8.3,4.2,8.3,0.0,0.0,2.5,4.2,6.0,7.8,13.9,1.3,1.0,0.9,2.0,4.4,11.0,.512,.512,,.512,.588,.540
341,Larry Bird\birdla01,23,BOS,NBA,1979-80,82,82,2955,8.4,17.8,7.7,16.1,0.7,1.7,3.7,4.4,2.6,7.7,10.4,4.5,1.7,0.6,3.2,3.4,21.3,.474,.481,.406,.494,.836,.538
342,Bill Cartwright\cartwbi01,22,NYK,NBA,1979-80,82,,3150,7.6,13.9,7.6,13.9,0.0,0.0,5.2,6.5,2.2,6.1,8.3,1.9,0.5,1.2,2.5,3.2,20.4,.547,.547,,.547,.797,.608
343,Dave Greenwood\greenda01,22,CHI,NBA,1979-80,82,,2791,6.4,13.6,6.4,13.5,0.0,0.1,4.3,5.4,2.9,7.1,10.0,2.3,0.8,1.7,2.7,4.0,17.2,.474,.476,.143,.474,.810,.541
344,Magic Johnson\johnsma02,20,LAL,NBA,1979-80,77,,2795,6.5,12.2,6.4,11.8,0.1,0.4,4.8,6.0,2.1,5.5,7.7,7.3,2.4,0.5,3.9,2.8,17.9,.530,.540,.226,.534,.810,.602
345,Calvin Natt\nattca01,23,TOT,NBA,1979-80,78,,2857,7.8,16.4,7.8,16.2,0.0,0.1,3.9,5.3,3.0,5.7,8.7,2.1,1.3,0.4,2.5,2.6,19.6,.479,.480,.333,.480,.730,.524
