PLAYER,TEAM,AGE,GP,W,L,MIN,PTS,FGM,FGA,FG%,3:00 PM,3PA,3P%,FTM,FTA,FT%,OREB,DREB,REB,AST,TOV,STL,BLK,PF,FP,DD2,TD3,+/-,RAFGM,RAFGA,RAFG%,LCFGM,LCFGA,LCFG%,RCFGM,RCFGA,RCFG%,ATBFGM,ATBFGA,ATBFG%
Aaron Brooks,MIN,33,32,19,13,189,75,28,69,40.6,11,31,35.5,8,11,72.7,7,10,17,20,11,6,0,28,132.4,0,0,-75,7,15,46.7,1,3,33.3,2,2,100,8,24,33.3
Aaron Gordon,ORL,22,58,19,39,1909,1022,375,865,43.4,115,342,33.6,157,225,69.8,87,370,457,136,107,59,45,111,1979.4,17,0,-92,186,267,69.7,16,45,35.6,10,26,38.5,89,270,33
Aaron Harrison,DAL,23,9,2,7,233,60,19,69,27.5,9,43,20.9,13,17,76.5,4,20,24,11,3,9,2,27,135.3,0,0,-72,5,9,55.6,1,9,11.1,1,5,20,7,29,24.1
Aaron Jackson,HOU,32,1,0,1,35,8,3,9,33.3,1,4,25,1,2,50,2,1,3,1,1,0,0,4,12.1,0,0,-10,1,3,33.3,0,1,0,0,0,0,1,3,33.3
Abdel Nader,BOS,24,48,33,15,522,146,50,149,33.6,23,65,35.4,23,39,59,13,58,71,26,34,15,10,45,311.2,0,0,-108,20,47,42.6,4,10,40,5,14,35.7,14,41,34.1
Adreian Payne,ORL,27,5,0,5,43,21,7,10,70,2,3,66.7,5,6,83.3,2,7,9,0,2,2,0,6,35.8,0,0,-13,1,1,100,1,1,100,0,0,0,1,2,50
Al Horford,BOS,32,72,47,25,2277,927,368,753,48.9,97,226,42.9,94,120,78.3,103,427,530,339,132,43,78,138,2302.5,15,0,346,128,185,69.2,9,18,50,10,18,55.6,78,191,40.8
Al Jefferson,IND,33,36,17,19,484,252,111,208,53.4,0,3,0,30,36,83.3,30,113,143,30,21,16,23,66,564.6,1,0,-12,38,64,59.4,0,0,0,0,0,0,0,2,0
Al-Farouq Aminu,POR,27,69,40,29,2072,644,230,582,39.5,125,339,36.9,59,80,73.8,97,428,525,84,79,79,40,136,1678,9,0,220,83,139,59.7,20,47,42.6,26,50,52,79,242,32.6
Alan Williams,PHX,25,5,1,4,70,20,7,18,38.9,0,0,0,6,9,66.7,3,19,22,8,7,5,1,13,69.4,0,0,1,4,7,57.1,0,0,0,0,0,0,0,0,0
Alec Burks,UTA,26,64,37,27,1059,494,170,414,41.1,47,142,33.1,107,124,86.3,19,173,192,67,60,37,8,75,899.9,0,0,-11,71,118,60.2,5,13,38.5,3,12,25,39,116,33.6
Alec Peters,PHX,23,20,2,18,225,82,28,74,37.8,18,58,31,8,10,80,8,29,37,12,4,2,2,13,152.4,0,0,35,6,10,60,4,11,36.4,1,7,14.3,13,40,32.5
Alex Abrines,OKC,24,75,42,33,1134,353,115,291,39.5,84,221,38,39,46,84.8,26,88,114,28,25,38,8,124,644.8,0,0,42,23,40,57.5,9,24,37.5,13,35,37.1,61,159,38.4
Alex Caruso,LAL,24,37,16,21,562,134,50,116,43.1,13,43,30.2,21,30,70,15,50,65,75,42,23,10,52,381.5,0,0,-3,28,40,70,0,3,0,0,2,0,13,37,35.1
Alex Len,PHX,25,69,20,49,1395,587,214,378,56.6,1,3,33.3,158,231,68.4,175,343,518,82,78,27,61,158,1517.6,12,0,-255,189,307,61.6,0,0,0,0,0,0,1,3,33.3
Alex Poythress,IND,24,25,10,15,104,26,11,26,42.3,4,11,36.4,0,0,0,7,10,17,2,2,3,1,16,59.4,0,0,-21,7,12,58.3,1,2,50,1,2,50,2,7,28.6
Alfonzo McKinnie,TOR,25,14,13,1,53,21,8,15,53.3,3,9,33.3,2,3,66.7,1,6,7,1,3,1,1,8,33.9,0,0,-13,2,2,100,2,4,50,0,1,0,1,4,25
Allen Crabbe,BKN,26,75,25,50,2197,990,337,827,40.7,201,532,37.8,115,135,85.2,28,296,324,117,78,47,35,168,1722.3,0,0,-78,60,84,71.4,16,34,47.1,15,45,33.3,170,449,37.9
Amir Johnson,PHI,31,74,47,27,1171,342,140,260,53.8,10,32,31.3,52,85,61.2,123,207,330,118,55,45,44,192,1127,1,0,10,90,136,66.2,0,3,0,3,6,50,7,22,31.8
Andre Drummond,DET,24,78,37,41,2625,1171,466,881,52.9,0,11,0,239,395,60.5,399,848,1247,237,200,114,127,250,3545.9,62,0,-52,396,629,63,0,0,0,0,0,0,0,7,0
Andre Iguodala,GSW,34,64,46,18,1622,384,148,320,46.3,33,117,28.2,55,87,63.2,50,196,246,210,67,54,38,99,1203.2,0,0,277,83,110,75.5,0,11,0,4,12,33.3,29,91,31.9
Andre Ingram,LAL,32,2,1,1,64,24,8,17,47.1,5,9,55.6,3,3,100,1,5,6,7,3,3,3,3,56.7,0,0,20,0,0,0,1,1,100,0,0,0,4,8,50
Andre Roberson,OKC,26,39,24,15,1037,194,87,162,53.7,8,36,22.2,12,38,31.6,75,110,185,46,30,45,35,89,695,0,0,188,79,123,64.2,4,14,28.6,0,7,0,4,15,26.7
Andrew Bogut,LAL,33,23,7,16,216,36,17,25,68,0,0,0,2,2,100,26,52,78,15,19,4,13,40,184.1,0,0,-29,14,18,77.8,0,0,0,0,0,0,0,0,0
Andrew Harrison,MEM,23,56,17,39,1326,533,181,429,42.2,47,142,33.1,124,159,78,23,108,131,177,81,38,26,138,1066.7,0,0,-200,78,137,56.9,8,28,28.6,5,15,33.3,34,99,34.3
Andrew White III,ATL,25,15,1,14,209,69,25,73,34.2,18,49,36.7,1,4,25,4,30,34,6,8,3,1,12,122.8,0,0,-76,3,9,33.3,2,4,50,2,6,33.3,14,39,35.9
Andrew Wiggins,MIN,23,82,47,35,2979,1452,569,1300,43.8,112,338,33.1,202,314,64.3,82,276,358,160,138,91,51,163,2409.6,1,0,208,229,339,67.6,17,41,41.5,9,22,40.9,86,273,31.5
Ante Zizic,CLE,21,32,21,11,214,119,49,67,73.1,0,0,0,21,29,72.4,24,36,60,5,11,2,13,30,232.5,0,0,-38,37,45,82.2,0,0,0,0,0,0,0,0,0
Anthony Brown,MIN,25,1,0,1,4,3,1,1,100,1,1,100,0,0,0,0,0,0,1,0,0,0,0,4.5,0,0,3,0,0,0,1,1,100,0,0,0,0,0,0
Anthony Davis,NOP,25,75,45,30,2727,2110,780,1462,53.4,55,162,34,495,598,82.8,187,645,832,174,162,115,193,159,4131.4,50,1,293,441,603,73.1,4,12,33.3,2,3,66.7,49,144,34
Anthony Tolliver,DET,33,79,37,42,1757,703,219,472,46.4,159,365,43.6,106,133,79.7,50,191,241,90,58,32,21,144,1228.2,1,0,23,50,71,70.4,10,33,30.3,29,61,47.5,120,271,44.3
Antonio Blakeney,CHI,21,19,3,16,314,151,53,143,37.1,15,52,28.8,30,39,76.9,4,29,33,20,11,7,1,19,233.6,0,0,-6,15,27,55.6,5,10,50,2,7,28.6,8,35,22.9
Antonius Cleveland,ATL,24,17,7,10,123,23,8,21,38.1,3,4,75,4,6,66.7,3,11,14,2,7,7,5,23,71.8,0,0,-45,2,5,40,1,1,100,0,0,0,2,3,66.7
Aron Baynes,BOS,31,81,54,27,1484,482,210,446,47.1,3,21,14.3,59,78,75.6,130,304,434,93,80,22,51,200,1281.3,4,0,187,104,190,54.7,0,3,0,1,10,10,2,8,25
Arron Afflalo,ORL,32,53,16,37,682,179,65,162,40.1,27,70,38.6,22,26,84.6,4,62,66,30,21,4,9,56,321.2,0,0,-95,11,20,55,8,22,36.4,1,8,12.5,18,39,46.2
Austin Rivers,LAC,25,61,30,31,2057,920,341,805,42.4,136,360,37.8,102,159,64.2,27,118,145,242,109,74,16,152,1618,0,0,-64,149,271,55,12,31,38.7,8,27,29.6,116,302,38.4
Avery Bradley,LAC,27,46,22,24,1433,656,259,625,41.4,75,203,36.9,63,82,76.8,22,94,116,94,101,51,8,92,1012.2,0,0,-122,95,163,58.3,23,53,43.4,7,18,38.9,45,132,34.1
Bam Adebayo,MIA,20,69,34,35,1368,477,174,340,51.2,0,7,0,129,179,72.1,118,263,381,101,66,32,41,138,1238.7,7,0,-33,146,233,62.7,0,1,0,0,0,0,0,2,0
Ben McLemore,MEM,25,56,7,49,1091,422,157,373,42.1,55,159,34.6,53,64,82.8,34,105,139,51,61,38,15,139,763.3,0,0,-317,62,109,56.9,13,33,39.4,5,13,38.5,37,111,33.3
Ben Moore,IND,23,2,1,1,9,0,0,0,0,0,0,0,0,0,0,0,1,1,1,0,0,0,4,2.7,0,0,-15,0,0,0,0,0,0,0,0,0,0,0,0
Ben Simmons,PHI,21,81,51,30,2732,1279,544,998,54.5,0,11,0,191,341,56,145,514,659,661,278,140,70,211,3413.3,38,12,388,375,528,71,0,0,0,0,0,0,0,3,0
Bismack Biyombo,ORL,25,82,25,57,1495,468,183,352,52,0,1,0,102,157,65,144,324,468,66,84,21,95,158,1392.6,7,0,-429,139,211,65.9,0,0,0,0,0,0,0,0,0
Blake Griffin,DET,29,58,28,30,1970,1242,436,996,43.8,111,322,34.5,259,330,78.5,73,355,428,334,165,41,18,139,2268.6,16,3,64,217,340,63.8,10,25,40,6,12,50,95,283,33.6
Boban Marjanovic,LAC,29,39,18,21,338,235,79,148,53.4,0,0,0,77,97,79.4,48,96,144,22,36,10,11,51,467.8,1,0,55,55,79,69.6,0,0,0,0,0,0,0,0,0
Bobby Brown,HOU,33,20,17,3,115,50,19,58,32.8,11,40,27.5,1,2,50,0,7,7,11,9,4,0,6,77.9,0,0,-59,4,7,57.1,2,2,100,0,1,0,9,37,24.3
Bobby Portis,CHI,23,73,25,48,1643,964,382,811,47.1,80,223,35.9,120,156,76.9,159,339,498,123,103,50,23,130,1862.1,12,0,-83,155,282,55,6,14,42.9,3,11,27.3,71,197,36
Bogdan Bogdanovic,SAC,25,78,26,52,2175,917,344,772,44.6,129,329,39.2,100,119,84,31,192,223,258,125,72,16,172,1710.6,0,0,-361,79,135,58.5,9,15,60,11,27,40.7,107,276,38.8
Bojan Bogdanovic,IND,29,80,47,33,2464,1141,404,852,47.4,155,386,40.2,178,205,86.8,30,240,270,119,106,55,8,129,1726.5,0,0,90,150,244,61.5,24,57,42.1,29,58,50,101,270,37.4
Bradley Beal,WAS,24,82,43,39,2977,1857,683,1484,46,199,530,37.5,292,369,79.1,61,302,363,373,214,96,36,160,3034.1,4,0,178,229,348,65.8,14,35,40,7,19,36.8,178,474,37.6
Brandan Wright,HOU,30,28,11,17,381,139,59,102,57.8,0,0,0,21,33,63.6,33,62,95,13,8,13,26,32,381.5,0,0,42,50,73,68.5,0,0,0,0,0,0,0,0,0
Brandon Ingram,LAL,20,59,27,32,1975,949,358,761,47,41,105,39,192,282,68.1,57,257,314,230,149,45,43,163,1785.8,6,0,-127,199,322,61.8,5,11,45.5,9,19,47.4,27,74,36.5
Brandon Jennings,MIL,28,14,8,6,205,73,27,72,37.5,9,33,27.3,10,10,100,5,26,31,44,18,6,4,11,188.2,1,0,-64,6,10,60,0,2,0,1,2,50,8,29,27.6
Brandon Paul,SAS,27,64,38,26,576,147,55,127,43.3,15,54,27.8,22,43,51.2,6,62,68,37,29,25,7,58,351.1,0,0,-9,31,47,66,2,7,28.6,2,8,25,11,38,28.9
Briante Weber,MEM,25,18,8,10,237,50,19,43,44.2,4,11,36.4,8,10,80,8,27,35,22,15,18,5,28,179,0,0,-109,7,13,53.8,0,0,0,0,1,0,4,10,40
Brice Johnson,MEM,24,18,2,16,98,43,20,42,47.6,0,1,0,3,5,60,9,22,31,2,5,9,6,13,123.2,0,0,-8,13,19,68.4,0,0,0,0,0,0,0,1,0
Brook Lopez,LAL,30,74,34,40,1735,961,369,793,46.5,112,325,34.5,111,158,70.3,74,220,294,126,98,30,98,195,1788.8,4,0,-80,119,165,72.1,10,23,43.5,10,20,50,92,282,32.6
Bruno Caboclo,SAC,22,12,4,8,106,26,9,31,29,3,17,17.6,5,6,83.3,7,15,22,4,4,3,4,8,75.4,0,0,11,3,5,60,1,5,20,1,2,50,1,10,10
Bryn Forbes,SAS,24,80,46,34,1517,555,209,497,42.1,89,228,39,48,72,66.7,12,98,110,80,37,28,2,108,860,0,0,122,25,45,55.6,14,31,45.2,9,14,64.3,66,181,36.5
Buddy Hield,SAC,24,80,27,53,2024,1079,416,933,44.6,176,408,43.1,71,81,87.7,55,252,307,155,124,85,22,148,1876.9,0,0,-154,109,182,59.9,21,45,46.7,17,28,60.7,137,331,41.4
C.J. Williams,LAC,28,38,17,21,707,209,87,197,44.2,22,78,28.2,13,16,81.3,12,44,56,43,20,31,13,63,452.7,0,0,-35,35,48,72.9,3,14,21.4,4,12,33.3,15,52,28.8
CJ McCollum,POR,26,81,48,33,2924,1732,667,1505,44.3,189,476,39.7,209,250,83.6,53,268,321,272,151,77,35,168,2710.2,1,0,118,165,310,53.2,15,42,35.7,9,23,39.1,165,410,40.2
CJ Miles,TOR,31,70,50,20,1337,699,227,599,37.9,164,454,36.1,81,97,83.5,18,134,152,55,39,37,21,134,1098.9,0,0,270,40,65,61.5,24,45,53.3,22,49,44.9,118,356,33.1
Caleb Swanigan,POR,21,27,16,11,189,61,24,60,40,1,8,12.5,12,18,66.7,15,39,54,14,18,5,3,37,152.8,0,0,-11,18,34,52.9,0,1,0,0,0,0,1,7,14.3
Cameron Payne,CHI,23,25,7,18,582,221,87,215,40.5,35,91,38.5,12,16,75,18,51,69,113,36,26,9,44,542.3,1,0,-89,28,50,56,1,2,50,2,6,33.3,32,83,38.6
Caris LeVert,BKN,23,71,25,46,1864,858,320,735,43.5,85,245,34.7,133,187,71.1,53,207,260,299,153,82,22,159,1777.5,3,0,-263,160,262,61.1,7,20,35,2,14,14.3,76,211,36
Carmelo Anthony,OKC,34,78,46,32,2501,1261,472,1168,40.4,169,474,35.7,148,193,76.7,67,386,453,103,99,47,49,197,2148.1,6,0,271,84,149,56.4,5,21,23.8,14,35,40,150,419,35.8
Cedi Osman,CLE,23,61,35,26,672,238,90,186,48.4,32,87,36.8,26,46,56.5,19,101,120,41,32,22,3,78,486.5,0,0,36,37,50,74,6,17,35.3,9,23,39.1,17,46,37
Chandler Parsons,MEM,29,36,12,24,691,284,108,234,46.2,51,121,42.1,17,27,63,14,76,90,69,35,18,11,53,547.5,0,0,-85,27,40,67.5,4,9,44.4,7,13,53.8,40,99,40.4
Channing Frye,LAL,35,53,28,25,695,264,104,212,49.1,39,115,33.9,17,19,89.5,12,123,135,38,21,18,13,69,555,0,0,114,34,43,79.1,2,7,28.6,3,10,30,34,97,35.1
Charles Cooke,NOP,23,13,8,5,38,6,2,14,14.3,1,8,12.5,1,2,50,0,2,2,1,1,1,0,0,11.9,0,0,-9,0,2,0,0,3,0,1,1,100,0,4,0
Cheick Diallo,NOP,21,52,29,23,581,254,102,176,58,0,0,0,50,66,75.8,47,164,211,19,28,11,21,82,603.7,3,0,-106,70,95,73.7,0,0,0,0,0,0,0,0,0
Chinanu Onuaku,HOU,21,1,0,1,22,4,2,5,40,0,0,0,0,0,0,1,3,4,1,3,0,0,4,7.3,0,0,-8,1,2,50,0,0,0,0,0,0,0,0,0
Chris Boucher,GSW,25,1,1,0,1,0,0,1,0,0,1,0,0,0,0,0,1,1,0,0,0,0,0,1.2,0,0,-2,0,0,0,0,1,0,-,-,-,-,-,-
Chris McCullough,WAS,23,19,11,8,90,46,18,42,42.9,1,8,12.5,9,14,64.3,7,18,25,4,2,0,5,8,95,0,0,-16,11,17,64.7,0,0,0,0,0,0,1,8,12.5
Chris Paul,HOU,33,58,50,8,1847,1081,367,798,46,144,379,38,203,221,91.9,37,276,313,457,128,96,14,141,2344.1,14,1,499,55,87,63.2,9,28,32.1,18,28,64.3,116,318,36.5
Clint Capela,HOU,24,74,62,12,2034,1026,441,676,65.2,0,1,0,144,257,56,241,561,802,68,103,58,137,185,2572.4,42,0,379,406,586,69.3,0,0,0,0,0,0,0,1,0
Cody Zeller,CHA,25,33,14,19,627,233,85,156,54.5,2,3,66.7,61,85,71.8,67,110,177,31,33,14,21,81,563.9,1,0,23,62,109,56.9,0,0,0,0,0,0,2,3,66.7
Cole Aldrich,MIN,29,21,14,7,49,12,5,15,33.3,0,0,0,2,6,33.3,3,12,15,3,1,2,1,11,42.5,0,0,-2,2,9,22.2,0,0,0,0,0,0,0,0,0
Corey Brewer,OKC,32,72,32,40,1209,380,142,316,44.9,31,110,28.2,65,90,72.2,43,111,154,65,49,79,14,139,892.3,0,0,-56,101,173,58.4,13,45,28.9,12,34,35.3,6,28,21.4
Cory Joseph,IND,26,82,48,34,2210,649,256,604,42.4,67,190,35.3,70,94,74.5,39,224,263,260,87,80,18,141,1561.6,1,0,-51,64,115,55.7,8,22,36.4,9,25,36,50,141,35.5
Courtney Lee,NYK,32,76,27,49,2310,913,343,755,45.4,113,278,40.6,114,124,91.9,30,194,224,180,84,80,17,109,1658.8,1,0,-255,88,139,63.3,27,55,49.1,14,33,42.4,72,190,37.9
Cristiano Felicio,CHI,25,55,13,42,977,308,127,215,59.1,0,2,0,54,81,66.7,83,150,233,55,54,16,11,104,697.1,3,0,-335,105,151,69.5,0,0,0,0,0,0,0,2,0
D'Angelo Russell,BKN,22,48,16,32,1234,743,278,672,41.4,90,278,32.4,97,131,74,30,159,189,249,147,36,17,93,1355.3,5,1,-182,76,131,58,4,11,36.4,6,16,37.5,80,251,31.9
D.J. Augustin,ORL,30,75,23,52,1760,766,244,540,45.2,114,272,41.9,164,189,86.8,30,130,160,287,123,54,0,94,1427.5,2,0,-128,91,160,56.9,13,27,48.1,3,16,18.8,98,227,43.2
D.J. Wilson,MIL,22,22,12,10,71,21,9,16,56.3,2,5,40,1,2,50,2,8,10,3,4,3,1,7,45.5,0,0,-41,5,6,83.3,1,1,100,0,0,0,1,4,25
Dakari Johnson,OKC,22,31,21,10,161,55,22,39,56.4,0,0,0,11,20,55,16,18,34,8,3,6,8,27,146.8,0,0,32,14,24,58.3,0,0,0,0,0,0,0,0,0
Damian Jones,GSW,22,15,7,8,89,25,11,22,50,0,0,0,3,5,60,5,9,14,2,4,1,3,14,52.8,0,0,0,10,15,66.7,0,0,0,0,0,0,0,0,0
Damian Lillard,POR,27,73,44,29,2670,1962,621,1415,43.9,227,629,36.1,493,538,91.6,62,263,325,481,206,77,27,117,3179.5,11,0,345,227,422,53.8,6,12,50,4,14,28.6,217,603,36
Damien Wilkins,IND,38,19,10,9,152,33,13,39,33.3,4,18,22.2,3,4,75,5,11,16,9,5,2,1,7,69.7,0,0,27,4,9,44.4,1,7,14.3,3,3,100,0,8,0
Damion Lee,ATL,25,15,4,11,404,161,62,152,40.8,15,60,25,22,29,75.9,11,60,71,29,14,19,1,25,335.7,0,0,-22,25,34,73.5,5,13,38.5,2,6,33.3,8,40,20
Damyean Dotson,NYK,24,44,11,33,474,182,72,161,44.7,22,68,32.4,16,23,69.6,9,75,84,31,17,12,2,34,354.3,2,0,-39,21,36,58.3,2,12,16.7,3,4,75,17,51,33.3
Daniel Hamilton,OKC,22,6,5,1,28,12,5,11,45.5,2,5,40,0,0,0,0,5,5,8,2,1,0,2,31,0,0,-12,2,3,66.7,1,3,33.3,0,0,0,1,2,50
Daniel Theis,BOS,26,63,44,19,936,331,126,233,54.1,18,58,31,61,81,75.3,90,184,274,56,56,30,48,157,921.8,2,0,1,82,118,69.5,6,8,75,2,7,28.6,10,43,23.3
Danilo Gallinari,LAC,29,21,11,10,671,321,102,256,39.8,36,111,32.4,81,87,93.1,9,92,101,41,26,12,10,30,543.7,0,0,11,32,57,56.1,1,8,12.5,5,9,55.6,30,93,32.3
Danny Green,SAS,31,70,40,30,1791,600,217,561,38.7,116,320,36.3,50,65,76.9,41,208,249,110,74,63,80,122,1418.8,0,0,89,59,111,53.2,16,41,39,27,55,49.1,72,223,32.3
Dante Cunningham,BKN,31,73,34,39,1562,417,164,364,45.1,58,168,34.5,31,52,59.6,78,220,298,48,33,39,30,111,1020.6,1,0,-82,86,138,62.3,19,63,30.2,24,54,44.4,15,51,29.4
Dante Exum,UTA,22,14,10,4,235,114,42,87,48.3,5,18,27.8,25,31,80.6,4,22,26,43,20,8,3,20,222.7,0,0,32,28,47,59.6,0,1,0,3,7,42.9,2,9,22.2
Danuel House,PHX,25,23,6,17,403,152,56,129,43.4,15,58,25.9,25,31,80.6,13,63,76,25,11,7,6,23,308.7,0,0,19,35,52,67.3,3,8,37.5,4,9,44.4,8,40,20
Dario Saric,PHI,24,78,49,29,2310,1141,403,890,45.3,157,399,39.3,178,207,86,154,366,520,202,148,51,20,160,2133,13,0,286,166,259,64.1,5,15,33.3,13,28,46.4,139,356,39
Darius Miller,NOP,28,82,48,34,1945,637,216,487,44.4,147,358,41.1,58,67,86.6,18,146,164,111,58,28,17,160,1077.3,0,0,-22,9,15,60,17,29,58.6,24,47,51.1,106,280,37.9
Darrell Arthur,DEN,30,19,12,7,141,54,22,47,46.8,8,23,34.8,2,3,66.7,3,12,15,9,15,8,3,22,103.5,0,0,-33,6,7,85.7,1,4,25,1,1,100,6,18,33.3
Darren Collison,IND,30,69,39,30,2018,855,316,638,49.5,96,205,46.8,127,144,88.2,37,141,178,368,86,92,15,122,1855.6,6,0,129,104,164,63.4,12,34,35.3,19,32,59.4,65,137,47.4
Darrun Hilliard,SAS,25,14,8,6,95,16,5,19,26.3,0,6,0,6,7,85.7,0,7,7,11,4,2,0,7,42.9,0,0,12,1,3,33.3,0,1,0,0,0,0,0,5,0
David Nwaba,CHI,25,70,26,44,1646,555,202,423,47.8,18,52,34.6,133,203,65.5,89,237,326,104,77,59,29,158,1289.2,3,0,-240,148,252,58.7,3,13,23.1,4,14,28.6,11,24,45.8
David Stockton,UTA,27,3,3,0,9,10,2,3,66.7,2,3,66.7,4,4,100,0,0,0,0,1,0,0,3,9,0,0,-11,0,0,0,0,0,0,0,0,0,2,3,66.7
David West,GSW,37,73,52,21,999,495,216,378,57.1,3,8,37.5,60,79,75.9,64,174,238,138,80,47,75,120,1273.6,0,0,35,102,136,75,0,0,0,0,1,0,3,7,42.9
Davis Bertans,SAS,25,77,43,34,1087,456,161,366,44,94,252,37.3,40,49,81.6,18,135,153,74,36,26,28,93,876.6,0,0,88,43,55,78.2,5,12,41.7,13,24,54.2,76,215,35.3
Davon Reed,PHX,23,21,2,19,242,63,22,76,28.9,11,38,28.9,8,12,66.7,2,37,39,13,10,10,2,17,155.3,0,0,-75,5,14,35.7,0,2,0,0,3,0,11,33,33.3
De'Aaron Fox,SAC,20,73,24,49,2026,844,328,797,41.2,47,153,30.7,141,195,72.3,33,171,204,320,173,70,20,163,1665.8,3,0,-414,133,222,59.9,7,23,30.4,4,13,30.8,36,115,31.3
DeAndre Jordan,LAC,29,77,39,38,2423,927,373,578,64.5,0,0,0,181,312,58,329,842,1171,117,137,39,71,203,2700.7,46,0,-129,356,518,68.7,0,0,0,0,0,0,0,0,0
DeAndre Liggins,NOP,30,58,34,24,724,101,40,106,37.7,19,53,35.8,2,5,40,7,68,75,48,20,37,14,81,396,0,0,-213,9,24,37.5,2,8,25,6,22,27.3,11,22,50
DeAndre' Bembry,ATL,23,26,8,18,455,136,53,128,41.4,11,30,36.7,19,33,57.6,8,64,72,49,47,21,12,38,347.9,0,0,-75,33,66,50,3,4,75,2,7,28.6,6,19,31.6
DeMar DeRozan,TOR,28,80,57,23,2712,1840,645,1413,45.6,89,287,31,461,559,82.5,59,256,315,417,175,85,22,151,2989.5,0,0,441,209,323,64.7,15,51,29.4,11,39,28.2,63,193,32.6
DeMarcus Cousins,NOP,27,48,27,21,1737,1210,406,864,47,104,294,35.4,294,394,74.6,105,512,617,257,242,79,76,183,2558.9,38,3,81,230,377,61,1,6,16.7,2,3,66.7,101,281,35.9
DeMarre Carroll,BKN,31,73,25,48,2180,983,325,785,41.4,145,391,37.1,188,246,76.4,105,374,479,147,103,59,30,165,1942.3,13,0,-64,115,194,59.3,17,49,34.7,26,55,47.3,101,284,35.6
Dejounte Murray,SAS,21,81,47,34,1743,654,270,609,44.3,9,34,26.5,105,148,70.9,110,349,459,231,134,97,31,151,1801.3,7,0,150,151,273,55.3,4,15,26.7,3,7,42.9,2,12,16.7
Delon Wright,TOR,26,69,49,20,1433,555,201,432,46.5,56,153,36.6,97,117,82.9,45,153,198,200,78,72,33,81,1329.6,1,0,234,120,202,59.4,8,17,47.1,6,17,35.3,41,115,35.7
Demetrius Jackson,PHI,23,15,12,3,80,16,7,18,38.9,1,7,14.3,1,2,50,5,7,12,9,10,5,1,7,51.9,0,0,-38,6,11,54.5,0,1,0,0,1,0,1,5,20
Dennis Schroder,ATL,24,67,21,46,2078,1301,500,1146,43.6,76,262,29,225,265,84.9,44,164,208,417,183,72,6,147,2227.1,5,0,-277,206,378,54.5,3,11,27.3,1,7,14.3,72,237,30.4
Dennis Smith Jr.,DAL,20,69,22,47,2049,1048,404,1024,39.5,106,339,31.3,134,193,69.4,50,210,260,358,194,71,18,152,1970,6,1,-325,208,367,56.7,4,17,23.5,3,6,50,99,314,31.5
Denzel Valentine,CHI,24,77,26,51,2095,783,301,721,41.7,143,370,38.6,38,51,74.5,48,345,393,244,99,65,11,185,1749.6,5,0,-269,59,102,57.8,19,49,38.8,14,37,37.8,110,281,39.1
Derrick Favors,UTA,26,77,46,31,2153,944,395,702,56.3,14,63,22.2,140,215,65.1,198,354,552,102,88,54,82,164,2079.4,15,0,143,275,374,73.5,5,26,19.2,8,29,27.6,1,7,14.3
Derrick Jones Jr.,MIA,21,20,9,11,245,61,21,53,39.6,3,18,16.7,16,24,66.7,21,17,38,9,7,4,13,24,164.1,0,0,-36,13,22,59.1,0,0,0,2,8,25,1,10,10
Derrick Rose,MIN,29,25,15,10,419,209,81,186,43.5,7,30,23.3,40,46,87,13,22,35,37,35,7,4,16,304.5,0,0,-53,53,82,64.6,1,4,25,2,7,28.6,4,18,22.2
Derrick Walton Jr.,MIA,23,16,8,8,147,29,8,25,32,7,17,41.2,6,6,100,2,14,16,16,2,7,3,7,100.2,0,0,-30,0,0,0,0,0,0,2,3,66.7,5,13,38.5
Derrick White,SAS,23,17,7,10,139,54,16,33,48.5,8,13,61.5,14,20,70,5,21,26,9,6,4,3,8,113.7,0,0,31,3,7,42.9,0,0,0,1,1,100,7,12,58.3
Derrick Williams,LAL,27,2,1,1,9,2,1,4,25,0,2,0,0,0,0,0,1,1,0,0,0,0,0,3.2,0,0,-5,1,1,100,0,0,0,0,2,0,0,0,0
Devin Booker,PHX,21,54,16,38,1865,1346,455,1054,43.2,147,384,38.3,289,329,87.8,26,218,244,253,194,47,14,168,2007.3,4,0,-358,126,213,59.2,13,30,43.3,5,15,33.3,129,335,38.5
Devin Harris,DEN,35,71,33,38,1340,595,187,454,41.2,79,227,34.8,142,170,83.5,12,115,127,152,76,47,12,158,1076.4,0,0,104,88,147,59.9,7,21,33.3,12,21,57.1,60,176,34.1
Devin Robinson,WAS,23,1,0,1,13,2,1,3,33.3,0,0,0,0,0,0,2,3,5,0,0,1,0,2,11,0,0,10,1,2,50,0,0,0,-,-,-,0,0,0
Dewayne Dedmon,ATL,28,62,18,44,1542,617,250,477,52.4,50,141,35.5,67,86,77.9,100,389,489,90,86,40,51,162,1525.8,15,0,-158,115,148,77.7,11,31,35.5,16,38,42.1,22,71,31
Deyonta Davis,MEM,21,62,16,46,943,360,161,265,60.8,0,0,0,38,57,66.7,75,175,250,40,32,15,39,125,850,1,0,-160,121,161,75.2,0,0,0,0,0,0,0,0,0
Dillon Brooks,MEM,22,82,22,60,2350,898,340,772,44,94,264,35.6,124,166,74.7,49,208,257,135,124,73,17,233,1554.9,0,0,-244,148,236,62.7,4,21,19,15,30,50,75,206,36.4
Dion Waiters,MIA,26,30,16,14,918,429,163,410,39.8,52,170,30.6,51,69,73.9,8,69,77,113,70,23,9,61,716.9,0,0,-83,71,121,58.7,8,19,42.1,11,29,37.9,33,121,27.3
Dirk Nowitzki,DAL,40,77,24,53,1900,927,346,758,45.6,138,337,40.9,97,108,89.8,22,416,438,120,51,43,45,146,1845.6,5,0,-55,28,37,75.7,6,12,50,3,5,60,129,319,40.4
Domantas Sabonis,IND,22,74,45,29,1810,861,340,661,51.4,13,37,35.1,168,224,75,165,407,572,151,137,40,32,220,1852.9,15,0,34,220,338,65.1,3,4,75,0,1,0,10,32,31.3
Donovan Mitchell,UTA,21,79,46,33,2638,1616,595,1362,43.7,187,550,34,239,297,80.5,52,244,296,291,215,118,27,213,2627.7,0,0,359,243,394,61.7,18,30,60,14,37,37.8,155,482,32.2
Dorian Finney-Smith,DAL,25,21,4,17,448,123,46,121,38,20,67,29.9,11,15,73.3,22,53,75,26,21,10,4,43,273,1,0,-25,19,27,70.4,2,8,25,7,17,41.2,11,42,26.2
Doug McDermott,DAL,26,81,30,51,1768,630,237,508,46.7,92,216,42.6,64,81,79,40,160,200,79,56,19,16,122,1037.5,0,0,-36,106,170,62.4,22,43,51.2,14,26,53.8,55,146,37.7
Dragan Bender,PHX,20,82,21,61,2069,531,187,484,38.6,118,322,36.6,39,51,76.5,40,321,361,130,112,22,53,166,1272.2,3,0,-469,56,96,58.3,18,44,40.9,13,39,33.3,87,239,36.4
Draymond Green,GSW,28,70,48,22,2287,773,281,619,45.4,77,256,30.1,134,173,77.5,75,460,535,508,202,94,91,185,2530,23,3,310,160,238,67.2,0,7,0,2,10,20,75,236,31.8
Dwayne Bacon,CHA,22,53,25,28,713,175,72,192,37.5,11,43,25.6,20,25,80,4,120,124,38,23,16,2,46,411.8,0,0,11,23,38,60.5,2,9,22.2,4,10,40,5,24,20.8
Dwight Buycks,DET,29,29,10,19,427,215,82,198,41.4,15,45,33.3,36,41,87.8,12,29,41,59,39,19,2,39,376.7,0,0,4,37,70,52.9,0,1,0,1,1,100,14,40,35
Dwight Howard,CHA,32,81,35,46,2463,1347,506,911,55.5,1,7,14.3,334,582,57.4,255,757,1012,105,208,48,131,249,3047.9,53,0,89,393,582,67.5,0,0,0,0,0,0,1,5,20
Dwight Powell,DAL,26,79,23,56,1672,671,255,430,59.3,28,84,33.3,133,185,71.9,135,309,444,91,59,67,32,186,1578.3,5,0,6,196,258,76,4,9,44.4,5,5,100,19,68,27.9
Dwyane Wade,MIA,36,67,37,30,1536,765,299,682,43.8,32,111,28.8,135,189,71.4,50,202,252,228,140,61,47,124,1593.4,3,0,24,145,225,64.4,5,19,26.3,2,6,33.3,25,86,29.1
E'Twaun Moore,NOP,29,82,48,34,2586,1022,423,832,50.8,128,301,42.5,48,68,70.6,57,181,238,187,102,79,12,182,1759.1,0,0,148,137,209,65.6,42,79,53.2,21,47,44.7,64,174,36.8
Ed Davis,POR,29,78,48,30,1471,414,170,292,58.2,0,1,0,74,111,66.7,183,392,575,40,66,32,52,188,1350,6,0,90,144,227,63.4,0,0,0,0,0,0,0,0,0
Edmond Sumner,IND,22,1,0,1,2,2,1,1,100,0,0,0,0,0,0,0,1,1,0,0,0,0,1,3.2,0,0,-6,1,1,100,0,0,0,0,0,0,0,0,0
Ekpe Udoh,UTA,31,63,36,27,810,162,60,120,50,0,1,0,42,56,75,68,82,150,53,20,43,74,105,752.5,0,0,63,47,71,66.2,0,0,0,0,0,0,0,0,0
Elfrid Payton,PHX,24,63,13,50,1809,797,329,667,49.3,30,92,32.6,109,168,64.9,64,210,274,393,168,83,22,147,1862.3,8,2,-459,202,317,63.7,5,15,33.3,4,11,36.4,21,66,31.8
Emeka Okafor,NOP,35,26,16,10,353,114,48,95,50.5,0,0,0,18,22,81.8,47,73,120,8,13,8,25,30,356,0,0,0,31,52,59.6,0,0,0,0,0,0,0,0,0
Emmanuel Mudiay,NYK,22,64,29,35,1244,553,204,526,38.8,47,148,31.8,98,129,76,26,126,152,206,113,41,11,80,1087.4,1,0,-267,84,160,52.5,7,12,58.3,7,15,46.7,33,118,28
Enes Kanter,NYK,26,71,27,44,1830,1000,422,713,59.2,0,2,0,156,184,84.8,273,507,780,105,122,36,37,187,2190.5,39,0,-185,308,461,66.8,0,0,0,0,0,0,0,2,0
Eric Bledsoe,MIL,28,74,40,34,2322,1313,468,989,47.3,125,360,34.7,252,317,79.5,51,233,284,370,216,149,42,185,2565.8,3,1,120,217,322,67.4,13,29,44.8,12,33,36.4,100,297,33.7
Eric Gordon,HOU,29,69,55,14,2154,1243,415,970,42.8,218,608,35.9,195,241,80.9,25,145,170,154,130,44,27,116,1761,0,0,589,159,251,63.3,21,45,46.7,14,37,37.8,182,521,34.9
Eric Moreland,DET,26,67,32,35,805,143,66,122,54.1,0,0,0,11,29,37.9,81,197,278,78,42,31,51,116,797.6,2,0,3,51,82,62.2,0,0,0,0,0,0,0,0,0
Erik McCree,UTA,24,4,4,0,8,0,0,2,0,0,1,0,0,0,0,0,1,1,0,1,1,0,0,3.2,0,0,-9,0,1,0,-,-,-,0,0,0,0,1,0
Ersan Ilyasova,PHI,31,69,36,33,1730,750,277,613,45.2,91,253,36,105,135,77.8,118,287,405,90,72,61,26,157,1560,7,0,21,124,204,60.8,16,36,44.4,19,38,50,56,179,31.3
Evan Fournier,ORL,25,57,20,37,1837,1013,368,802,45.9,127,335,37.9,150,173,86.7,23,157,180,165,95,47,16,138,1570.5,0,0,-117,125,201,62.2,19,39,48.7,10,24,41.7,97,270,35.9
Evan Turner,POR,29,79,48,31,2034,649,258,577,44.7,42,132,31.8,91,107,85,30,214,244,173,99,47,29,163,1330.3,0,0,-51,55,86,64,8,27,29.6,12,34,35.3,22,71,31
Frank Kaminsky,CHA,25,79,35,44,1835,873,307,716,42.9,104,274,38,155,194,79.9,46,242,288,129,66,36,19,95,1511.1,0,0,-57,94,152,61.8,4,11,36.4,2,10,20,98,253,38.7
Frank Mason,SAC,24,52,17,35,984,413,144,380,37.9,31,86,36,94,115,81.7,30,100,130,147,65,34,10,72,856.5,0,0,-34,53,122,43.4,2,6,33.3,1,3,33.3,28,73,38.4
Frank Ntilikina,NYK,19,78,28,50,1706,463,182,500,36.4,50,157,31.8,49,68,72.1,37,140,177,250,131,65,18,181,1168.4,1,0,-98,55,99,55.6,6,12,50,3,12,25,41,129,31.8
Fred VanVleet,TOR,24,76,55,21,1520,656,232,545,42.6,108,261,41.4,84,101,83.2,25,159,184,243,74,68,19,130,1428.3,0,0,352,107,208,51.4,19,46,41.3,16,35,45.7,73,174,42
Furkan Korkmaz,PHI,20,14,11,3,80,23,8,28,28.6,5,17,29.4,2,4,50,2,9,11,4,2,2,1,12,49.2,0,0,-44,3,3,100,0,0,0,0,2,0,5,15,33.3
Garrett Temple,SAC,32,65,23,42,1615,547,199,476,41.8,89,227,39.2,60,78,76.9,22,130,152,124,79,57,27,135,1088.4,0,0,-264,47,80,58.8,19,58,32.8,10,23,43.5,60,146,41.1
Gary Harris,DEN,23,67,37,30,2304,1170,440,908,48.5,156,394,39.6,134,162,82.7,37,139,176,194,119,122,15,119,1964.2,0,0,175,178,258,69,16,50,32,19,36,52.8,121,307,39.4
Gary Payton II,LAL,25,23,10,13,221,69,30,74,40.5,6,25,24,3,9,33.3,13,31,44,21,7,7,3,30,176.3,1,0,12,20,35,57.1,2,5,40,1,6,16.7,3,14,21.4
George Hill,CLE,32,67,28,39,1812,667,236,513,46,85,205,41.5,110,140,78.6,42,139,181,186,88,61,27,128,1339.2,0,0,-123,70,103,68,14,32,43.8,18,35,51.4,52,134,38.8
Georges Niang,UTA,25,9,9,0,32,9,4,11,36.4,0,4,0,1,2,50,3,6,9,3,3,2,0,1,27.3,0,0,-13,1,2,50,0,0,0,0,3,0,0,1,0
Georgios Papagiannis,POR,20,17,3,14,122,36,18,42,42.9,0,0,0,0,0,0,13,24,37,9,8,4,6,12,115.9,0,0,-5,9,19,47.4,0,0,0,0,0,0,0,0,0
Gerald Green,HOU,32,41,33,8,929,497,168,413,40.7,110,298,36.9,51,60,85,15,118,133,25,31,24,15,87,780.1,0,0,93,29,53,54.7,18,38,47.4,12,41,29.3,80,217,36.9
Gian Clavell,DAL,24,7,0,7,64,20,6,18,33.3,6,15,40,2,2,100,1,6,7,3,2,2,0,8,36.9,0,0,19,0,0,0,0,1,0,3,5,60,3,9,33.3
Giannis Antetokounmpo,MIL,23,75,39,36,2756,2014,742,1402,52.9,43,140,30.7,487,641,76,156,597,753,361,223,109,106,231,3881.1,42,1,148,500,699,71.5,4,9,44.4,1,6,16.7,37,123,30.1
Glenn Robinson III,IND,24,23,14,9,338,95,36,85,42.4,14,34,41.2,9,11,81.8,11,26,37,17,5,13,1,14,201.9,0,0,-1,12,20,60,4,6,66.7,7,11,63.6,3,17,17.6
Goran Dragic,MIA,32,75,39,36,2378,1296,484,1075,45,111,300,37,217,271,80.1,54,253,307,359,166,63,12,180,2261.9,3,0,21,196,332,59,11,30,36.7,9,24,37.5,91,243,37.4
Gordon Hayward,BOS,28,1,0,1,5,2,1,2,50,0,1,0,0,0,0,0,1,1,0,0,0,0,1,3.2,0,0,3,0,0,0,-,-,-,-,-,-,0,1,0
Gorgui Dieng,MIN,28,79,45,34,1333,470,186,388,47.9,19,61,31.1,79,102,77.5,106,254,360,71,59,45,39,147,1201.5,2,0,-203,67,111,60.4,9,31,29,5,17,29.4,4,12,33.3
Greg Monroe,BOS,28,51,21,30,1041,524,218,386,56.5,0,0,0,88,119,73.9,109,241,350,114,94,44,23,95,1222,9,1,-213,161,231,69.7,0,0,0,0,0,0,0,0,0
Guerschon Yabusele,BOS,22,33,24,9,235,79,26,61,42.6,12,37,32.4,15,22,68.2,17,35,52,16,12,4,5,23,180.4,0,0,-7,11,15,73.3,1,2,50,0,3,0,11,32,34.4
Harrison Barnes,DAL,26,77,24,53,2634,1452,537,1208,44.5,119,333,35.7,259,313,82.7,77,391,468,152,118,49,14,94,2312.6,8,0,-327,177,293,60.4,23,43,53.5,13,45,28.9,83,242,34.3
Hassan Whiteside,MIA,29,54,30,24,1364,754,312,578,54,2,2,100,128,182,70.3,174,444,618,54,92,37,94,131,1877.6,28,0,-77,197,284,69.4,0,0,0,0,0,0,2,2,100
Henry Ellenson,DET,21,38,21,17,329,151,53,146,36.3,20,60,33.3,25,29,86.2,10,71,81,20,18,5,0,22,275.2,1,0,-5,19,28,67.9,4,10,40,0,3,0,16,47,34
Ian Clark,NOP,27,74,43,31,1455,551,222,495,44.8,62,195,31.8,45,59,76.3,10,117,127,110,57,33,10,120,940.4,0,0,28,58,91,63.7,9,27,33.3,12,28,42.9,41,138,29.7
Ian Mahinmi,WAS,31,77,42,35,1145,366,138,248,55.6,0,2,0,90,128,70.3,135,177,312,53,100,38,42,230,959.9,1,0,15,108,170,63.5,0,0,0,0,0,0,0,1,0
Ike Anigbogu,IND,19,11,5,6,30,13,4,9,44.4,0,0,0,5,6,83.3,5,4,9,0,2,1,3,1,33.8,0,0,-14,1,2,50,0,0,0,0,0,0,0,0,0
Iman Shumpert,SAC,28,14,9,5,276,62,22,58,37.9,7,26,26.9,11,15,73.3,7,34,41,17,16,9,4,22,159.7,0,0,28,6,8,75,1,5,20,1,3,33.3,5,18,27.8
Isaiah Canaan,PHX,27,20,9,11,422,172,52,137,38,22,66,33.3,46,51,90.2,6,39,45,76,29,16,1,36,362,0,0,20,19,48,39.6,4,7,57.1,1,4,25,17,54,31.5
Isaiah Hicks,NYK,23,18,4,14,239,80,33,72,45.8,2,9,22.2,12,18,66.7,10,31,41,16,16,2,4,45,155.2,0,0,-45,24,39,61.5,1,2,50,0,1,0,1,6,16.7
Isaiah Taylor,ATL,23,67,18,49,1167,445,163,390,41.8,20,80,25,99,141,70.2,22,72,94,206,84,34,10,116,914.8,0,0,-36,103,176,58.5,1,5,20,4,6,66.7,15,66,22.7
Isaiah Thomas,LAL,29,32,15,17,862,486,157,421,37.3,55,188,29.3,117,131,89.3,17,50,67,153,95,15,3,58,754.9,0,0,-117,48,95,50.5,4,13,30.8,4,12,33.3,47,162,29
Isaiah Whitehead,BKN,23,16,2,14,180,100,40,86,46.5,7,18,38.9,13,19,68.4,4,22,26,20,24,8,2,23,167.2,0,0,-9,22,36,61.1,0,0,0,0,1,0,7,17,41.2
Ish Smith,DET,29,82,39,43,2043,894,389,801,48.6,35,101,34.7,81,116,69.8,27,197,224,360,108,64,20,140,1846.8,3,0,44,152,239,63.6,4,15,26.7,4,14,28.6,26,69,37.7
Ivan Rabb,MEM,21,36,6,30,516,201,86,152,56.6,0,0,0,29,36,80.6,53,105,158,32,35,12,13,55,478.6,3,0,-96,49,74,66.2,0,0,0,0,0,0,0,0,0
Ivica Zubac,LAL,21,43,19,24,410,161,61,122,50,0,1,0,39,51,76.5,45,78,123,25,26,8,15,47,389.1,1,0,42,50,78,64.1,0,0,0,0,0,0,0,1,0
J.J. Barea,DAL,34,69,23,46,1603,801,303,690,43.9,115,313,36.7,80,102,78.4,15,186,201,434,143,35,3,83,1664.2,6,0,18,87,139,62.6,3,14,21.4,2,7,28.6,110,289,38.1
JJ Redick,PHI,34,70,45,25,2116,1198,404,879,46,193,460,42,197,218,90.4,9,169,178,210,103,35,6,123,1746.6,0,0,311,48,78,61.5,17,34,50,15,33,45.5,161,392,41.1
JR Smith,CLE,32,80,49,31,2244,662,240,595,40.3,143,381,37.5,39,56,69.6,29,206,235,141,81,68,11,161,1311.5,0,0,-116,31,58,53.4,26,60,43.3,36,66,54.5,81,254,31.9
JaKarr Sampson,SAC,25,22,6,16,344,103,44,81,54.3,5,10,50,10,16,62.5,21,57,78,9,8,8,22,48,292.1,0,0,1,29,45,64.4,1,2,50,2,4,50,2,4,50
JaMychal Green,MEM,28,55,11,44,1542,569,223,488,45.7,43,127,33.9,80,111,72.1,147,317,464,79,76,32,25,153,1339.3,16,0,-250,137,231,59.3,9,27,33.3,10,26,38.5,24,75,32
JaVale McGee,GSW,30,65,45,20,615,310,136,219,62.1,0,6,0,38,52,73.1,59,110,169,33,27,21,57,91,769.3,0,0,40,107,151,70.9,0,0,0,0,1,0,0,5,0
Jabari Bird,BOS,23,13,8,5,115,39,15,26,57.7,3,7,42.9,6,13,46.2,6,13,19,8,8,3,1,7,77.8,0,0,18,12,16,75,0,0,0,2,2,100,1,5,20
Jabari Parker,MIL,23,31,16,15,743,391,160,332,48.2,31,81,38.3,40,54,74.1,42,109,151,59,45,25,10,50,720.7,3,0,-65,79,137,57.7,1,4,25,6,10,60,24,65,36.9
Jack Cooley,SAC,27,7,4,3,87,40,13,27,48.1,0,0,0,14,19,73.7,14,16,30,6,3,1,0,13,85,0,0,-4,8,15,53.3,0,0,0,0,0,0,0,0,0
Jacob Pullen,PHI,28,3,2,1,6,2,1,2,50,0,1,0,0,0,0,0,0,0,0,1,0,0,0,1,0,0,0,0,0,0,0,0,0,0,0,0,0,1,0
Jacob Wiley,BKN,23,5,1,4,33,4,1,4,25,1,2,50,1,2,50,2,9,11,2,0,1,0,4,23.2,0,0,13,0,1,0,1,1,100,0,1,0,0,0,0
Jae Crowder,UTA,27,80,52,28,2090,773,271,671,40.4,110,341,32.3,121,148,81.8,59,216,275,99,74,64,21,187,1432.5,0,0,26,120,192,62.5,14,52,26.9,23,46,50,73,243,30
Jahlil Okafor,BKN,22,28,7,21,353,176,77,138,55.8,1,4,25,21,29,72.4,21,64,85,12,21,3,18,51,338,0,0,-163,44,65,67.7,0,1,0,1,1,100,0,2,0
Jake Layman,POR,24,34,21,13,160,34,14,47,29.8,4,20,20,2,3,66.7,4,12,16,11,5,6,4,13,94.7,0,0,-21,7,11,63.6,1,4,25,1,1,100,2,15,13.3
Jakob Poeltl,TOR,22,82,59,23,1524,567,253,384,65.9,1,2,50,60,101,59.4,165,228,393,57,85,39,100,212,1456.1,4,0,249,221,307,72,0,0,0,1,2,50,0,0,0
Jalen Jones,DAL,25,16,3,13,181,74,26,68,38.2,10,26,38.5,12,19,63.2,13,25,38,4,7,5,1,22,136.6,0,0,-33,14,28,50,2,5,40,0,0,0,8,21,38.1
Jamal Crawford,MIN,38,80,45,35,1653,822,308,742,41.5,104,314,33.1,102,113,90.3,21,78,99,185,95,40,9,85,1270.3,0,0,-150,29,55,52.7,15,45,33.3,14,27,51.9,75,238,31.5
Jamal Murray,DEN,21,81,46,35,2565,1352,479,1062,45.1,165,436,37.8,229,253,90.5,82,215,297,274,172,79,28,173,2268.4,1,0,226,150,256,58.6,15,36,41.7,13,24,54.2,137,371,36.9
Jameel Warney,DAL,24,3,1,2,27,17,7,12,58.3,0,0,0,3,5,60,4,5,9,0,1,0,0,2,26.8,0,0,-5,5,6,83.3,0,0,0,0,0,0,0,0,0
Jameer Nelson,DET,36,50,25,25,1013,247,95,244,38.9,41,124,33.1,16,20,80,13,91,104,179,67,27,4,81,666.3,0,0,-108,26,38,68.4,3,13,23.1,2,5,40,36,105,34.3
Jamel Artis,ORL,25,15,4,11,279,77,31,79,39.2,8,29,27.6,7,12,58.3,4,34,38,18,8,2,3,11,156.6,0,0,-6,9,15,60,1,6,16.7,1,4,25,6,19,31.6
James Ennis III,DET,27,72,25,47,1604,512,182,384,47.4,51,153,33.3,97,116,83.6,73,151,224,71,56,46,18,134,1023.3,1,0,-182,100,155,64.5,11,29,37.9,7,24,29.2,32,99,32.3
James Harden,HOU,28,72,59,13,2551,2191,651,1449,44.9,265,722,36.7,624,727,85.8,41,348,389,630,315,126,50,169,3815.8,31,4,525,281,450,62.4,8,22,36.4,10,33,30.3,247,665,37.1
James Johnson,MIA,31,73,37,36,1943,788,309,614,50.3,57,185,30.8,113,162,69.8,61,297,358,280,141,70,51,192,1859.6,6,0,-3,182,267,68.2,8,25,32,16,48,33.3,33,111,29.7
James Michael McAdoo,PHI,25,3,1,2,18,8,2,7,28.6,2,7,28.6,2,2,100,0,2,2,0,1,0,1,1,12.4,0,0,1,0,0,0,1,1,100,0,0,0,1,6,16.7
James Webb III,BKN,24,10,1,9,120,16,6,24,25,4,19,21.1,0,0,0,8,16,24,4,4,1,0,10,49.8,0,0,-26,2,3,66.7,3,8,37.5,0,3,0,1,7,14.3
James Young,PHI,22,6,4,2,61,17,5,14,35.7,3,10,30,4,6,66.7,0,2,2,2,1,0,0,4,21.4,0,0,-26,1,1,100,0,2,0,1,2,50,2,6,33.3
Jamil Wilson,LAC,27,15,6,9,274,105,38,81,46.9,27,63,42.9,2,4,50,3,29,32,10,8,5,8,34,189.4,0,0,-1,6,8,75,1,2,50,1,5,20,25,56,44.6
Jared Dudley,PHX,32,48,7,41,686,152,48,122,39.3,29,80,36.3,27,35,77.1,8,86,94,78,28,24,11,85,458.8,0,0,2,14,24,58.3,1,2,50,8,16,50,20,62,32.3
Jarell Eddie,CHI,26,3,1,2,9,0,0,2,0,0,2,0,0,0,0,0,1,1,0,0,1,0,0,4.2,0,0,1,0,0,0,0,0,0,0,0,0,0,2,0
Jarell Martin,MEM,24,73,21,52,1661,565,221,496,44.6,34,98,34.7,89,116,76.7,97,221,318,73,86,39,49,211,1234.1,2,0,-264,120,217,55.3,11,25,44,3,18,16.7,20,53,37.7
Jarrett Allen,BKN,20,72,25,47,1441,587,234,397,58.9,5,15,33.3,114,147,77.6,144,244,388,49,82,28,88,147,1392.1,4,0,-140,187,280,66.8,2,8,25,3,5,60,0,1,0
Jarrett Jack,NYK,34,62,26,36,1548,466,189,443,42.7,25,86,29.1,63,75,84,22,169,191,348,115,35,4,98,1219.2,3,1,-18,39,69,56.5,2,8,25,1,4,25,22,72,30.6
Jason Smith,WAS,32,33,15,18,285,113,45,115,39.1,4,32,12.5,19,21,90.5,18,35,53,14,16,3,13,44,229.6,0,0,-82,17,28,60.7,0,4,0,0,7,0,4,21,19
Jason Terry,MIL,40,51,27,24,814,166,59,154,38.3,40,115,34.8,8,9,88.9,5,43,48,59,25,42,13,52,452.1,0,0,19,8,14,57.1,6,22,27.3,16,34,47.1,18,58,31
Jawun Evans,LAC,21,48,24,24,778,231,89,253,35.2,15,54,27.8,38,49,77.6,9,75,84,100,44,36,6,97,563.8,0,0,8,35,83,42.2,3,11,27.3,1,5,20,11,35,31.4
Jaylen Brown,BOS,21,70,47,23,2152,1017,373,803,46.5,121,306,39.5,150,233,64.4,66,280,346,114,124,70,26,181,1767.2,2,0,339,189,329,57.4,30,62,48.4,22,58,37.9,69,184,37.5
Jaylen Morris,ATL,22,6,2,4,98,28,13,32,40.6,2,10,20,0,0,0,2,14,16,7,6,2,1,2,60.7,0,0,-42,7,14,50,0,4,0,0,0,0,2,5,40
Jayson Tatum,BOS,20,80,53,27,2443,1112,397,835,47.5,105,242,43.4,213,258,82.6,50,352,402,128,114,83,58,170,2095.4,4,0,344,178,302,58.9,14,29,48.3,19,32,59.4,71,180,39.4
Jeff Green,CLE,31,78,47,31,1828,846,295,618,47.7,53,170,31.2,203,234,86.8,60,186,246,99,75,41,34,149,1439.7,1,0,104,180,269,66.9,8,28,28.6,16,43,37.2,29,91,31.9
Jeff Teague,MIN,30,70,41,29,2311,994,354,794,44.6,84,228,36.8,202,239,84.5,24,185,209,492,177,102,23,171,2180.8,13,0,138,123,194,63.4,6,15,40,4,9,44.4,74,204,36.3
Jeff Withey,DAL,28,9,2,7,39,15,6,16,37.5,2,10,20,1,2,50,1,9,10,0,2,0,3,3,34,0,0,21,4,4,100,0,0,0,1,2,50,1,8,12.5
Jerami Grant,OKC,24,81,48,33,1647,682,244,456,53.5,32,110,29.1,162,240,67.5,86,233,319,57,54,31,77,155,1420.3,2,0,17,186,280,66.4,7,23,30.4,8,35,22.9,17,50,34
Jeremy Evans,ATL,30,1,0,1,5,2,1,1,100,0,0,0,0,0,0,1,0,1,0,1,0,0,1,2.2,0,0,-4,1,1,100,0,0,0,-,-,-,0,0,0
Jeremy Lamb,CHA,26,80,36,44,1967,1033,380,832,45.7,94,254,37,179,208,86.1,49,275,324,186,93,61,32,138,1886.8,0,0,77,118,194,60.8,16,32,50,6,16,37.5,72,202,35.6
Jeremy Lin,BKN,29,1,0,1,25,18,5,12,41.7,1,2,50,7,7,100,0,0,0,4,3,0,0,3,21,0,0,-6,3,6,50,0,0,0,0,0,0,1,2,50
Jerian Grant,CHI,25,74,24,50,1686,619,209,503,41.6,61,187,32.6,140,188,74.5,31,141,172,342,89,63,8,132,1462.4,5,0,-254,66,106,62.3,3,8,37.5,4,7,57.1,54,168,32.1
Jerryd Bayless,PHI,29,39,21,18,925,307,109,262,41.6,54,146,37,35,44,79.5,15,65,80,54,46,23,6,91,525,0,0,-69,36,51,70.6,8,18,44.4,13,33,39.4,33,95,34.7
Jimmy Butler,MIN,28,59,37,22,2164,1307,437,921,47.4,70,200,35,363,425,85.4,79,235,314,288,108,116,24,78,2427.8,3,0,374,163,258,63.2,10,25,40,10,21,47.6,50,152,32.9
Joakim Noah,NYK,33,7,1,6,40,12,5,10,50,0,0,0,2,4,50,6,8,14,4,4,2,2,5,42.8,0,0,0,2,6,33.3,0,0,0,0,0,0,0,0,0
Jodie Meeks,WAS,30,77,41,36,1119,487,157,393,39.9,72,210,34.3,101,117,86.3,15,111,126,70,37,29,4,55,805.2,0,0,-153,38,55,69.1,7,23,30.4,8,19,42.1,57,168,33.9
Joe Harris,BKN,26,78,27,51,1974,846,305,621,49.1,150,358,41.9,86,104,82.7,51,209,260,128,91,35,20,153,1424,2,0,-120,123,184,66.8,10,37,27,17,46,37,123,275,44.7
Joe Ingles,UTA,30,82,48,34,2578,940,335,718,46.7,204,464,44,66,83,79.5,24,320,344,392,159,90,20,178,2111.8,4,0,265,92,142,64.8,36,70,51.4,38,80,47.5,130,313,41.5
Joe Johnson,HOU,36,55,35,20,1205,372,146,360,40.6,40,145,27.6,40,45,88.9,14,158,172,83,49,18,7,67,728.9,0,0,-80,15,21,71.4,8,31,25.8,10,28,35.7,22,84,26.2
Joe Young,IND,25,53,28,25,558,207,80,186,43,25,66,37.9,22,29,75.9,12,51,63,39,26,14,1,39,360.1,0,0,-53,23,45,51.1,1,7,14.3,4,6,66.7,20,50,40
Joel Bolomboy,MIL,24,6,3,3,38,9,3,6,50,0,1,0,3,6,50,6,4,10,0,2,2,0,3,25,0,0,-12,2,4,50,0,0,0,0,0,0,0,1,0
Joel Embiid,PHI,24,63,41,22,1912,1445,510,1056,48.3,66,214,30.8,359,467,76.9,143,547,690,199,234,40,111,209,2790.5,38,0,485,238,344,69.2,3,8,37.5,1,5,20,62,201,30.8
Joffrey Lauvergne,SAS,26,55,30,25,534,226,98,190,51.6,0,5,0,30,47,63.8,63,108,171,41,33,9,3,45,495.7,1,0,-65,72,109,66.1,0,1,0,0,2,0,0,1,0
John Collins,ATL,20,74,21,53,1785,777,314,545,57.6,16,47,34,133,186,71.5,176,365,541,98,105,47,80,215,1849.2,11,0,-220,250,361,69.3,7,18,38.9,5,17,29.4,3,9,33.3
John Henson,MIL,27,76,39,37,1969,665,287,502,57.2,1,7,14.3,90,158,57,150,363,513,114,84,45,109,202,1829.6,10,0,165,210,312,67.3,0,1,0,0,0,0,1,4,25
John Holland,CLE,29,24,17,7,174,54,17,59,28.8,11,36,30.6,9,13,69.2,6,18,24,5,8,7,2,10,109.3,0,0,-28,5,12,41.7,2,5,40,0,5,0,9,26,34.6
John Wall,WAS,27,41,23,18,1410,797,280,667,42,62,167,37.1,175,241,72.6,22,128,150,393,158,57,45,80,1714.5,19,0,128,139,226,61.5,1,2,50,5,6,83.3,56,156,35.9
Johnathan Motley,DAL,23,11,1,10,176,96,40,75,53.3,1,6,16.7,15,28,53.6,14,35,49,7,9,3,2,18,171.3,1,0,-17,25,37,67.6,0,1,0,0,0,0,1,4,25
Johnny O'Bryant III,CHA,25,36,15,21,379,171,68,171,39.8,14,43,32.6,21,25,84,29,64,93,14,15,9,6,45,333.6,0,0,-87,24,40,60,0,2,0,1,2,50,13,37,35.1
Jon Leuer,DET,29,8,5,3,136,43,15,36,41.7,0,3,0,13,15,86.7,7,25,32,5,7,1,3,16,93.9,0,0,12,10,15,66.7,0,0,0,0,2,0,0,1,0
Jonas Jerebko,UTA,31,74,45,29,1134,429,159,341,46.6,65,157,41.4,46,57,80.7,53,193,246,42,27,24,12,127,868.2,0,0,56,68,102,66.7,20,39,51.3,17,31,54.8,28,87,32.2
Jonas Valanciunas,TOR,26,77,56,21,1727,980,390,687,56.8,30,74,40.5,170,211,80.6,183,477,660,81,115,29,69,192,2072.5,26,0,227,238,350,68,4,5,80,0,1,0,26,68,38.2
Jonathan Gibson,BOS,30,4,2,2,40,34,14,23,60.9,6,12,50,0,0,0,0,3,3,4,3,0,0,5,40.6,0,0,-1,5,6,83.3,1,1,100,0,0,0,5,11,45.5
Jonathan Isaac,ORL,20,27,11,16,536,145,55,145,37.9,16,46,34.8,19,25,76,16,83,99,18,27,33,30,48,452.8,0,0,-100,28,38,73.7,2,6,33.3,3,13,23.1,11,27,40.7
Jonathon Simmons,ORL,28,69,21,48,2029,962,354,761,46.5,69,204,33.8,185,241,76.8,61,178,239,171,146,58,16,175,1581.3,0,0,-296,161,244,66,13,38,34.2,6,19,31.6,50,145,34.5
Jordan Bell,GSW,23,57,43,14,809,262,116,185,62.7,0,4,0,30,44,68.2,60,147,207,102,51,35,56,92,885.4,1,0,159,93,133,69.9,0,0,0,0,0,0,0,4,0
Jordan Clarkson,CLE,26,81,40,41,1887,1124,430,954,45.1,112,318,35.2,152,190,80,57,160,217,221,127,58,6,107,1780.9,1,0,-38,161,269,59.9,19,37,51.4,6,19,31.6,86,260,33.1
Jordan Crawford,NOP,29,5,3,2,53,33,12,27,44.4,8,14,57.1,1,1,100,2,2,4,13,5,1,1,7,58.3,0,0,-19,1,2,50,1,1,100,0,0,0,7,13,53.8
Jordan Mickey,MIA,23,23,15,8,284,93,39,82,47.6,2,16,12.5,13,19,68.4,18,63,81,9,18,6,10,36,233.7,0,0,-30,29,48,60.4,1,4,25,1,3,33.3,0,9,0
Jose Calderon,CLE,36,57,33,24,914,255,93,185,50.3,45,97,46.4,24,30,80,14,70,84,117,41,27,2,81,577.3,0,0,65,25,36,69.4,2,4,50,7,11,63.6,35,81,43.2
Josh Gray,PHX,24,5,0,5,86,32,11,41,26.8,3,13,23.1,7,11,63.6,2,8,10,12,7,8,2,8,85,0,0,-69,6,16,37.5,0,0,0,0,0,0,3,13,23.1
Josh Hart,LAL,23,63,27,36,1461,496,176,375,46.9,78,197,39.6,66,94,70.2,42,221,263,80,47,47,16,107,1073.6,8,0,-75,85,131,64.9,14,25,56,6,15,40,58,157,36.9
Josh Huestis,OKC,26,69,43,26,982,159,60,182,33,33,115,28.7,6,20,30,42,119,161,20,26,15,43,82,530.2,0,0,111,24,54,44.4,6,24,25,5,18,27.8,21,72,29.2
Josh Jackson,PHX,21,77,19,58,1959,1012,389,932,41.7,57,217,26.3,177,279,63.4,95,256,351,119,146,80,35,218,1810.7,5,0,-529,203,355,57.2,9,27,33.3,6,27,22.2,42,160,26.3
Josh Magette,ATL,28,18,3,15,216,46,15,46,32.6,8,22,36.4,8,8,100,2,17,19,57,9,8,1,16,172.3,0,0,1,0,1,0,0,1,0,1,1,100,7,18,38.9
Josh McRoberts,DAL,31,2,2,0,6,0,0,1,0,0,1,0,0,0,0,0,0,0,0,0,0,0,2,0,0,0,0,0,0,0,-,-,-,-,-,-,0,1,0
Josh Richardson,MIA,24,81,44,37,2689,1045,399,885,45.1,127,336,37.8,120,142,84.5,69,216,285,231,140,121,75,199,2181.5,0,0,39,130,214,60.7,13,45,28.9,16,41,39,98,249,39.4
Josh Smith,NOP,32,3,2,1,12,2,1,4,25,0,0,0,0,0,0,3,1,4,0,0,0,0,3,6.8,0,0,-10,1,3,33.3,0,0,0,0,0,0,0,0,0
Jrue Holiday,NOP,28,81,47,34,2927,1537,615,1244,49.4,120,356,33.7,187,238,78.6,62,303,365,486,213,123,64,201,3052,8,1,320,279,433,64.4,16,37,43.2,5,32,15.6,99,285,34.7
Juancho Hernangomez,DEN,22,25,15,10,277,82,29,75,38.7,14,50,28,10,12,83.3,18,36,54,12,9,6,3,25,182.8,0,0,-24,13,19,68.4,3,5,60,4,12,33.3,7,33,21.2
Julius Randle,LAL,23,82,35,47,2190,1323,504,904,55.8,10,45,22.2,305,425,71.8,181,473,654,210,213,43,45,274,2473.8,28,1,-80,401,584,68.7,2,3,66.7,0,2,0,8,38,21.1
Julyan Stone,CHA,29,23,10,13,175,19,6,13,46.2,6,13,46.2,1,2,50,1,28,29,26,7,4,2,21,103.8,0,0,38,0,0,0,2,4,50,2,4,50,2,5,40
Justin Anderson,PHI,24,38,27,11,519,236,87,202,43.1,34,103,33,28,38,73.7,25,68,93,25,16,15,7,54,435.1,0,0,-82,43,66,65.2,3,12,25,6,18,33.3,25,71,35.2
Justin Holiday,CHI,29,72,24,48,2265,876,290,782,37.1,161,449,35.9,135,164,82.3,31,260,291,153,93,80,31,134,1694.7,1,0,-180,58,118,49.2,22,49,44.9,29,91,31.9,110,306,35.9
Justin Jackson,SAC,23,68,21,47,1506,453,185,419,44.2,57,185,30.8,26,36,72.2,27,160,187,74,40,28,13,81,871.4,0,0,-238,63,83,75.9,18,43,41.9,10,32,31.3,29,108,26.9
Justin Patton,MIN,21,1,0,1,4,2,1,2,50,0,0,0,0,0,0,0,0,0,0,0,1,0,1,5,0,0,3,0,0,0,0,0,0,0,0,0,0,0,0
Justise Winslow,MIA,22,68,33,35,1680,529,207,488,42.4,49,129,38,66,104,63.5,64,306,370,148,77,54,33,140,1379,2,0,28,114,209,54.5,11,32,34.4,17,40,42.5,21,53,39.6
Jusuf Nurkic,POR,23,79,48,31,2088,1132,480,951,50.5,0,7,0,172,273,63,189,519,708,143,183,64,111,247,2538.1,27,0,157,312,515,60.6,0,0,0,0,0,0,0,7,0
Kadeem Allen,BOS,25,18,9,9,107,19,6,22,27.3,0,11,0,7,9,77.8,4,7,11,12,9,3,2,15,56.2,0,0,-20,5,8,62.5,0,2,0,0,2,0,0,7,0
Karl-Anthony Towns,MIN,22,82,47,35,2918,1743,639,1172,54.5,120,285,42.1,345,402,85.8,238,774,1012,199,159,64,115,285,3633.9,68,0,374,312,446,70,15,27,55.6,11,20,55,94,237,39.7
Kawhi Leonard,SAS,26,9,5,4,210,146,52,111,46.8,11,35,31.4,31,38,81.6,6,36,42,21,16,18,9,9,292.9,0,0,17,17,23,73.9,0,1,0,1,4,25,10,30,33.3
Kay Felder,DET,23,16,6,10,140,57,21,70,30,4,19,21.1,11,12,91.7,3,15,18,20,16,3,1,11,104.6,0,0,-48,5,14,35.7,1,1,100,1,1,100,2,17,11.8
Kelly Olynyk,MIA,27,76,42,34,1779,872,316,636,49.7,106,280,37.9,134,174,77,89,342,431,207,147,62,35,222,1843.7,7,0,233,151,199,75.9,7,20,35,10,22,45.5,89,237,37.6
Kelly Oubre Jr.,WAS,22,81,43,38,2231,953,318,790,40.3,126,369,34.1,191,233,82,59,304,363,98,90,80,35,234,1790.6,0,0,-113,132,225,58.7,9,45,20,22,58,37.9,95,263,36.1
Kemba Walker,CHA,28,80,36,44,2736,1770,588,1363,43.1,231,601,38.4,363,420,86.4,32,216,248,444,179,91,24,98,2899.6,3,0,204,185,342,54.1,6,15,40,5,16,31.3,220,563,39.1
Kendrick Perkins,CLE,33,1,0,1,15,3,1,2,50,0,0,0,1,2,50,0,1,1,2,1,1,0,1,9.2,0,0,3,0,1,0,-,-,-,-,-,-,0,0,0
Kenneth Faried,DEN,28,32,16,16,461,188,76,148,51.4,0,1,0,36,51,70.6,68,85,153,18,23,12,13,51,450.6,3,0,-42,54,93,58.1,0,0,0,0,0,0,0,0,0
Kent Bazemore,ATL,28,65,19,46,1789,836,284,676,42,108,274,39.4,160,201,79.6,25,223,248,228,157,100,45,147,1753.6,0,0,-162,102,182,56,19,43,44.2,18,40,45,70,189,37
Kentavious Caldwell-Pope,LAL,25,74,31,43,2458,992,340,798,42.6,159,415,38.3,153,194,78.9,60,327,387,162,97,106,16,145,1968.4,4,0,-47,112,168,66.7,17,41,41.5,15,30,50,127,343,37
Kevin Durant,GSW,29,68,49,19,2325,1792,630,1222,51.6,173,413,41.9,359,404,88.9,31,433,464,366,207,50,119,133,3197.8,15,2,348,176,245,71.8,11,20,55,11,20,55,151,370,40.8
Kevin Love,CLE,29,59,37,22,1651,1039,334,729,45.8,137,330,41.5,234,266,88,101,445,546,103,90,43,24,120,1959.7,31,0,77,121,195,62.1,27,65,41.5,12,39,30.8,98,226,43.4
Kevon Looney,GSW,22,66,45,21,910,267,112,193,58,1,5,20,42,77,54.5,83,132,215,42,31,34,56,106,827,0,0,122,92,134,68.7,0,0,0,0,0,0,1,3,33.3
Khem Birch,ORL,25,42,14,28,578,178,68,126,54,0,0,0,42,61,68.9,70,110,180,34,21,15,21,56,532,3,0,11,52,78,66.7,0,0,0,0,0,0,0,0,0
Khris Middleton,MIL,26,82,44,38,2982,1652,593,1272,46.6,146,407,35.9,320,362,88.4,45,384,429,328,191,119,21,270,2887.8,5,1,97,117,203,57.6,13,40,32.5,24,43,55.8,109,323,33.7
Klay Thompson,GSW,28,73,55,18,2504,1461,575,1178,48.8,229,520,44,82,98,83.7,31,246,277,185,128,55,34,117,2209.9,2,0,397,101,153,66,27,51,52.9,19,45,42.2,183,421,43.5
Kobi Simmons,MEM,20,32,6,26,643,196,80,189,42.3,11,39,28.2,25,25,100,14,36,50,68,44,18,5,61,383,0,0,-213,45,68,66.2,4,7,57.1,0,6,0,7,23,30.4
Kosta Koufos,SAC,29,71,22,49,1391,477,222,389,57.1,0,0,0,33,74,44.6,149,323,472,87,49,47,32,146,1361.9,6,0,-223,117,169,69.2,0,0,0,0,0,0,0,0,0
Kris Dunn,CHI,24,52,19,33,1525,699,286,666,42.9,43,134,32.1,84,114,73.7,24,197,221,310,150,104,27,174,1672.2,4,0,-274,102,194,52.6,2,10,20,5,9,55.6,36,114,31.6
Kristaps Porzingis,NYK,22,48,22,26,1553,1088,390,889,43.9,90,228,39.5,218,275,79.3,62,254,316,57,93,36,115,141,1912.7,5,0,13,87,156,55.8,4,7,57.1,3,5,60,83,212,39.2
Kyle Anderson,SAS,24,74,41,33,1978,585,231,438,52.7,19,57,33.3,104,146,71.2,84,312,396,202,94,115,60,114,1794.2,6,0,139,130,193,67.4,5,19,26.3,10,18,55.6,4,19,21.1
Kyle Collinsworth,DAL,26,32,9,23,480,101,38,99,38.4,4,17,23.5,21,40,52.5,32,75,107,56,24,17,9,44,367.4,1,0,-29,21,43,48.8,1,3,33.3,0,3,0,3,11,27.3
Kyle Korver,CLE,37,73,43,30,1574,672,222,484,45.9,164,376,43.6,64,72,88.9,9,156,165,88,55,31,27,130,1121,0,0,274,24,33,72.7,29,54,53.7,15,34,44.1,120,287,41.8
Kyle Kuzma,LAL,22,77,34,43,2401,1242,468,1039,45,159,434,36.6,147,208,70.7,88,395,483,141,140,49,34,160,2142.1,17,0,-122,190,322,59,17,49,34.7,16,38,42.1,126,346,36.4
Kyle Lowry,TOR,32,78,57,21,2509,1267,403,944,42.7,238,596,39.9,223,261,85.4,66,368,434,537,183,85,19,192,2722.3,23,3,400,116,189,61.4,19,45,42.2,14,24,58.3,205,526,39
Kyle O'Quinn,NYK,28,77,28,49,1387,550,224,384,58.3,4,17,23.5,98,127,77.2,121,349,470,158,100,36,98,192,1653,8,0,-37,137,199,68.8,0,1,0,2,3,66.7,2,12,16.7
Kyle Singler,OKC,30,12,5,7,59,23,7,21,33.3,2,5,40,7,13,53.8,1,9,10,2,3,1,0,4,38,0,0,-1,3,7,42.9,0,0,0,0,0,0,2,5,40
Kyrie Irving,BOS,26,60,41,19,1931,1466,534,1087,49.1,166,407,40.8,232,261,88.9,33,194,227,306,140,65,17,122,2303.4,1,0,258,172,279,61.6,11,28,39.3,13,25,52,142,352,40.3
LaMarcus Aldridge,SAS,32,75,45,30,2509,1735,687,1347,51,27,92,29.3,334,399,83.7,246,389,635,152,111,43,90,161,3013,27,0,281,296,419,70.6,6,10,60,2,7,28.6,19,74,25.7
Lance Stephenson,IND,27,82,48,34,1850,757,303,709,42.7,67,232,28.9,84,127,66.1,62,362,424,235,131,46,17,177,1676.3,3,0,-109,133,219,60.7,7,21,33.3,9,25,36,51,177,28.8
Lance Thomas,NYK,30,73,25,48,1353,298,102,267,38.2,50,124,40.3,44,53,83,44,131,175,44,40,30,14,134,666,0,0,-179,31,68,45.6,22,45,48.9,4,12,33.3,24,67,35.8
Langston Galloway,DET,26,58,28,30,863,360,126,340,37.1,75,218,34.4,33,41,80.5,13,79,92,58,18,35,5,39,659.4,0,0,76,9,16,56.3,8,25,32,10,22,45.5,57,171,33.3
Larry Drew II,NOP,28,10,6,4,70,17,7,24,29.2,3,9,33.3,0,0,0,3,0,3,10,3,0,0,6,32.6,0,0,-13,2,4,50,0,1,0,1,1,100,2,7,28.6
Larry Nance Jr.,CLE,25,66,32,34,1421,573,240,413,58.1,2,12,16.7,91,137,66.4,161,291,452,82,51,88,38,172,1565.4,11,0,17,187,259,72.2,0,0,0,0,4,0,2,5,40
Lauri Markkanen,CHI,21,68,23,45,2020,1033,374,862,43.4,145,401,36.2,140,166,84.3,79,429,508,79,83,39,40,103,1915.1,14,0,-387,155,236,65.7,9,27,33.3,7,21,33.3,129,352,36.6
LeBron James,CLE,33,82,50,32,3026,2251,857,1580,54.2,149,406,36.7,388,531,73.1,97,612,709,747,347,116,71,136,4436.3,52,18,103,534,710,75.2,7,18,38.9,7,20,35,135,367,36.8
London Perrantes,CLE,23,14,8,6,66,7,2,13,15.4,0,3,0,3,5,60,1,3,4,5,1,2,1,6,27.3,0,0,-20,1,2,50,0,0,0,0,0,0,0,3,0
Lonzo Ball,LAL,20,52,24,28,1780,528,203,564,36,90,295,30.5,32,71,45.1,69,291,360,376,136,88,43,117,1781,13,2,-20,80,167,47.9,4,21,19,5,16,31.3,80,254,31.5
Lorenzo Brown,TOR,27,14,9,5,139,32,14,34,41.2,2,12,16.7,2,2,100,1,14,15,13,3,5,0,7,81.5,0,0,46,4,5,80,0,2,0,0,4,0,2,6,33.3
Lou Williams,LAC,31,79,42,37,2589,1782,582,1337,43.5,186,518,35.9,432,491,88,40,158,198,417,234,85,19,106,2723.1,7,0,120,190,326,58.3,20,68,29.4,11,40,27.5,154,406,37.9
Luc Mbah a Moute,HOU,31,61,52,9,1564,460,166,345,48.1,63,173,36.4,65,95,68.4,22,164,186,55,68,72,25,100,988.7,0,0,303,98,152,64.5,6,22,27.3,15,50,30,42,101,41.6
Lucas Nogueira,TOR,25,49,36,13,418,122,49,80,61.3,5,19,26.3,19,28,67.9,18,69,87,22,16,23,43,49,441.4,0,0,88,43,60,71.7,0,3,0,0,1,0,5,15,33.3
Luis Montero,DET,25,2,1,1,8,0,0,1,0,0,0,0,0,0,0,0,2,2,0,2,0,0,0,0.4,0,0,-5,0,1,0,-,-,-,0,0,0,0,0,0
Luke Babbitt,MIA,29,50,15,35,715,259,91,215,42.3,60,156,38.5,17,22,77.3,7,89,96,31,19,8,7,54,446.7,0,0,-33,6,11,54.5,12,26,46.2,6,19,31.6,42,110,38.2
Luke Kennard,DET,22,73,34,39,1463,558,206,465,44.3,81,195,41.5,65,76,85.5,21,155,176,124,69,44,13,86,1057.2,1,0,119,41,71,57.7,1,6,16.7,11,26,42.3,69,163,42.3
Luke Kornet,NYK,22,20,6,14,326,134,49,125,39.2,28,79,35.4,8,11,72.7,11,53,64,26,12,6,16,28,303.8,1,0,-71,17,26,65.4,0,5,0,3,4,75,25,70,35.7
Luol Deng,LAL,33,1,0,1,13,2,1,2,50,0,0,0,0,0,0,0,0,0,1,1,1,0,0,5.5,0,0,-7,1,1,100,0,0,0,-,-,-,0,0,0
Malachi Richardson,TOR,22,26,8,18,323,89,30,90,33.3,12,40,30,17,22,77.3,5,29,34,13,10,10,1,27,172.3,0,0,-56,7,22,31.8,2,4,50,1,5,20,9,31,29
Malcolm Brogdon,MIL,25,48,25,23,1436,625,244,503,48.5,62,161,38.5,75,85,88.2,23,133,156,152,66,41,13,128,1136.2,1,0,-62,128,207,61.8,11,21,52.4,10,22,45.5,41,117,35
Malcolm Delaney,ATL,29,54,16,38,1014,338,109,285,38.2,46,124,37.1,74,92,80.4,9,91,100,163,66,35,6,82,759.5,0,0,-104,29,58,50,8,23,34.8,5,8,62.5,33,92,35.9
Malcolm Miller,TOR,25,15,15,0,126,38,13,28,46.4,8,21,38.1,4,4,100,4,11,15,3,5,1,2,10,64.5,0,0,7,5,7,71.4,3,6,50,0,1,0,5,14,35.7
Malik Beasley,DEN,21,62,34,28,583,196,73,178,41,28,82,34.1,22,33,66.7,14,57,71,31,24,15,7,36,369.7,0,0,-27,28,48,58.3,2,10,20,7,20,35,19,52,36.5
Malik Monk,CHA,20,63,26,37,854,421,153,425,36,83,243,34.2,32,38,84.2,8,58,66,91,49,20,9,60,674.7,0,0,-191,30,51,58.8,5,18,27.8,10,27,37,68,194,35.1
Mangok Mathiang,CHA,25,4,3,1,20,8,4,7,57.1,0,0,0,0,1,0,3,7,10,0,0,1,0,5,23,0,0,1,3,6,50,0,0,0,0,0,0,0,0,0
Manu Ginobili,SAS,40,65,39,26,1299,576,201,463,43.4,64,192,33.3,110,131,84,19,123,142,163,105,43,16,126,1062.9,0,0,72,90,145,62.1,8,16,50,5,23,21.7,51,151,33.8
MarShon Brooks,MEM,29,7,2,5,193,141,51,102,50,19,32,59.4,20,23,87,8,13,21,25,16,11,3,6,229.7,0,0,10,13,25,52,0,0,0,1,2,50,18,30,60
Marc Gasol,MEM,33,73,21,52,2408,1258,434,1033,42,109,320,34.1,281,337,83.4,78,514,592,305,194,54,101,185,2696.9,25,1,-313,111,184,60.3,2,7,28.6,1,3,33.3,106,307,34.5
Marcin Gortat,WAS,34,82,43,39,2075,690,290,560,51.8,0,0,0,110,163,67.5,181,442,623,151,99,40,61,175,1868.1,15,0,105,165,268,61.6,0,0,0,0,0,0,0,0,0
Marco Belinelli,PHI,32,80,39,41,1947,971,337,764,44.1,149,395,37.7,148,163,90.8,20,131,151,148,94,66,12,91,1514.2,0,0,-28,71,110,64.5,10,29,34.5,13,32,40.6,126,332,38
Marcus Georges-Hunt,MIN,24,42,24,18,224,59,21,48,43.8,4,15,26.7,13,21,61.9,7,9,16,7,3,6,0,32,103.7,0,0,-34,12,21,57.1,1,3,33.3,1,1,100,2,11,18.2
Marcus Morris,BOS,28,54,34,20,1442,734,262,611,42.9,86,234,36.8,124,154,80.5,43,246,289,72,65,35,12,100,1264.8,2,0,21,58,98,59.2,7,21,33.3,7,20,35,72,184,39.1
Marcus Paige,CHA,24,5,4,1,28,12,4,14,28.6,2,8,25,2,2,100,0,4,4,3,0,0,0,0,21.3,0,0,8,0,2,0,1,2,50,1,2,50,0,4,0
Marcus Smart,BOS,24,54,38,16,1614,550,189,515,36.7,75,249,30.1,97,133,72.9,43,146,189,259,129,71,23,133,1318.3,0,0,213,58,108,53.7,3,17,17.6,8,20,40,64,208,30.8
Mario Chalmers,MEM,32,66,21,45,1421,507,168,443,37.9,53,191,27.7,118,138,85.5,13,144,157,197,117,79,14,179,1152.9,1,0,-60,62,117,53,5,20,25,8,22,36.4,40,141,28.4
Mario Hezonja,ORL,23,75,21,54,1657,722,273,617,44.2,90,267,33.7,86,105,81.9,41,240,281,106,86,81,31,134,1468.2,2,0,-203,115,180,63.9,5,21,23.8,7,19,36.8,78,227,34.4
Markel Brown,HOU,26,4,4,0,31,5,2,7,28.6,1,5,20,0,0,0,1,4,5,2,2,0,0,6,12,0,0,-17,0,1,0,0,0,0,0,0,0,1,5,20
Markelle Fultz,PHI,20,14,11,3,253,100,45,111,40.5,0,1,0,10,21,47.6,11,32,43,53,17,12,4,22,262.1,1,1,20,30,50,60,0,0,0,0,0,0,0,1,0
Markieff Morris,WAS,28,73,37,36,1968,841,330,687,48,76,207,36.7,105,128,82,75,334,409,142,127,56,38,216,1699.8,5,0,27,101,151,66.9,15,36,41.7,6,25,24,55,141,39
Marquese Chriss,PHX,20,72,19,53,1527,556,202,477,42.3,56,190,29.5,96,158,60.8,76,319,395,83,107,51,70,205,1410.5,5,0,-300,113,186,60.8,9,38,23.7,5,19,26.3,42,134,31.3
Marquis Teague,MEM,25,3,0,3,74,11,4,16,25,1,4,25,2,5,40,1,5,6,13,3,4,0,5,46.7,0,0,-24,2,4,50,0,1,0,0,0,0,1,2,50
Marreese Speights,ORL,30,52,15,37,675,402,138,349,39.5,86,233,36.9,40,55,72.7,21,112,133,40,40,8,22,106,671.6,1,0,25,19,36,52.8,4,7,57.1,3,6,50,79,220,35.9
Marshall Plumlee,MIL,25,8,5,3,52,14,1,3,33.3,0,0,0,12,16,75,4,13,17,2,3,0,1,10,37.4,0,0,-1,1,3,33.3,0,0,0,0,0,0,0,0,0
Marvin Williams,CHA,32,78,33,45,2006,744,258,563,45.8,126,305,41.3,102,123,82.9,74,296,370,96,66,56,38,116,1548,3,0,69,79,140,56.4,17,49,34.7,16,36,44.4,93,220,42.3
Mason Plumlee,DEN,28,74,40,34,1439,524,221,368,60.1,0,1,0,82,179,45.8,132,268,400,142,103,49,81,184,1504,3,0,-52,190,276,68.8,0,0,0,0,0,0,0,1,0
Matt Costello,SAS,24,4,2,2,32,4,2,4,50,0,0,0,0,0,0,1,8,9,2,1,2,2,7,28.8,0,0,15,2,4,50,0,0,0,0,0,0,0,0,0
Matt Williams Jr.,MIA,24,3,1,2,11,5,2,6,33.3,1,5,20,0,0,0,0,1,1,0,1,0,0,1,5.2,0,0,16,0,0,0,0,1,0,0,0,0,1,4,25
Matthew Dellavedova,MIL,27,38,21,17,712,164,55,152,36.2,29,78,37.2,25,27,92.6,14,50,64,145,49,14,0,67,451.3,0,0,-79,7,18,38.9,1,4,25,4,7,57.1,24,66,36.4
Maurice Harkless,POR,25,59,36,23,1264,385,147,297,49.5,49,118,41.5,42,59,71.2,46,116,162,53,40,48,43,103,891.9,0,0,7,86,145,59.3,13,26,50,9,29,31,27,63,42.9
Maxi Kleber,DAL,26,72,20,52,1206,386,151,309,48.9,40,128,31.3,44,59,74.6,71,163,234,51,30,26,47,114,932.3,1,0,-131,84,124,67.7,7,28,25,12,24,50,21,75,28
Meyers Leonard,POR,26,33,17,16,254,112,46,78,59,11,26,42.3,9,11,81.8,12,58,70,17,10,7,0,36,232.5,0,0,-35,17,22,77.3,2,3,66.7,0,1,0,9,22,40.9
Michael Beasley,NYK,29,74,24,50,1653,976,409,807,50.7,34,86,39.5,124,159,78,97,317,414,123,143,36,43,145,1751.3,10,0,-136,198,306,64.7,4,12,33.3,3,13,23.1,27,60,45
Michael Carter-Williams,CHA,26,52,23,29,835,239,76,229,33.2,14,59,23.7,73,89,82,37,101,138,116,52,44,23,99,727.6,0,0,-61,41,82,50,1,14,7.1,4,9,44.4,9,35,25.7
Michael Kidd-Gilchrist,CHA,24,74,34,40,1850,681,282,560,50.4,0,2,0,117,171,68.4,84,218,302,71,53,51,32,143,1345.9,2,0,51,165,250,66,0,0,0,0,1,0,0,0,0
Mike Conley,MEM,30,12,7,5,373,205,64,168,38.1,24,77,31.2,53,66,80.3,0,27,27,49,18,12,3,24,337.9,0,0,-17,26,47,55.3,1,5,20,0,3,0,23,69,33.3
Mike James,NOP,27,36,11,25,687,336,123,321,38.3,26,98,26.5,64,84,76.2,13,77,90,126,49,28,7,48,689,0,0,-40,51,95,53.7,4,8,50,2,3,66.7,20,86,23.3
Mike Muscala,ATL,26,53,14,39,1060,405,143,312,45.8,62,167,37.1,57,62,91.9,56,174,230,51,42,31,27,80,889.5,2,0,-77,53,76,69.7,16,34,47.1,11,22,50,35,111,31.5
Mike Scott,WAS,29,76,39,37,1406,668,276,524,52.7,66,163,40.5,50,76,65.8,50,197,247,80,79,23,10,148,1104.4,0,0,-82,70,104,67.3,11,23,47.8,8,20,40,47,119,39.5
Miles Plumlee,ATL,29,55,19,36,918,237,105,180,58.3,0,0,0,27,60,45,77,151,228,45,63,17,30,79,656.1,1,0,-157,85,127,66.9,0,0,0,0,0,0,0,0,0
Milos Teodosic,LAC,31,45,29,16,1134,429,151,360,41.9,88,232,37.9,39,46,84.8,16,110,126,209,97,23,5,103,880.7,0,0,87,15,24,62.5,2,11,18.2,6,9,66.7,80,212,37.7
Milton Doyle,BKN,24,10,2,8,125,34,13,47,27.7,4,23,17.4,4,8,50,3,15,18,10,2,6,2,13,92.6,0,0,-12,5,13,38.5,1,3,33.3,0,1,0,3,19,15.8
Mindaugas Kuzminskas,NYK,28,1,0,1,2,0,0,2,0,0,0,0,0,0,0,0,0,0,0,0,0,0,0,0,0,0,0,0,1,0,-,-,-,-,-,-,0,0,0
Mirza Teletovic,MIL,32,10,4,6,159,71,25,57,43.9,21,45,46.7,0,0,0,3,20,23,10,7,4,1,14,121.6,0,0,-33,1,4,25,3,6,50,0,0,0,18,39,46.2
Monte Morris,DEN,23,3,2,1,25,10,4,6,66.7,0,1,0,2,2,100,0,2,2,7,1,3,0,1,30.9,0,0,-7,3,4,75,0,0,0,0,0,0,0,1,0
Montrezl Harrell,LAC,24,76,39,37,1293,836,348,548,63.5,1,7,14.3,139,222,62.6,103,204,307,74,68,36,52,143,1511.4,0,0,53,279,387,72.1,0,0,0,0,0,0,1,6,16.7
Myke Henry,MEM,25,20,3,17,378,107,41,109,37.6,19,58,32.8,6,10,60,10,28,38,22,19,31,6,28,277.6,0,0,-30,19,35,54.3,3,8,37.5,7,13,53.8,9,37,24.3
Myles Turner,IND,22,65,39,26,1836,828,306,639,47.9,56,157,35.7,160,206,77.7,93,324,417,87,96,38,118,186,1830.9,11,0,115,111,187,59.4,1,8,12.5,3,6,50,52,142,36.6
Nate Wolters,UTA,27,5,3,2,19,2,1,6,16.7,0,0,0,0,0,0,1,1,2,1,0,0,0,1,5.9,0,0,3,0,0,0,0,0,0,-,-,-,0,0,0
Naz Mitrou-Long,UTA,24,1,0,1,1,3,1,1,100,1,1,100,0,0,0,0,0,0,0,0,0,0,0,3,0,0,5,0,0,0,-,-,-,-,-,-,1,1,100
Nemanja Bjelica,MIN,30,67,38,29,1371,454,171,371,46.1,76,183,41.5,36,45,80,53,221,274,86,52,50,16,141,1057.8,1,0,6,70,111,63.1,11,24,45.8,7,23,30.4,58,136,42.6
Nene,HOU,35,52,42,10,758,340,136,239,56.9,0,2,0,68,107,63.6,54,122,176,45,38,28,14,123,706.7,0,0,265,107,172,62.2,0,0,0,0,2,0,0,0,0
Nerlens Noel,DAL,24,30,6,24,472,131,55,105,52.4,0,1,0,21,28,75,48,120,168,20,26,31,22,59,495.6,2,0,-119,39,69,56.5,0,0,0,0,0,0,0,1,0
Nick Collison,OKC,37,15,9,6,75,31,13,19,68.4,0,0,0,5,13,38.5,7,13,20,4,7,0,0,7,54,0,0,-5,10,14,71.4,0,0,0,0,0,0,0,0,0
Nick Young,GSW,33,80,56,24,1393,581,201,488,41.2,123,326,37.7,56,65,86.2,20,105,125,36,39,38,7,100,881,0,0,42,24,35,68.6,20,64,31.3,17,34,50,86,227,37.9
Nicolas Batum,CHA,29,64,27,37,1981,740,270,650,41.5,92,274,33.6,108,130,83.1,57,249,306,349,131,65,23,72,1763.7,7,2,7,51,74,68.9,6,19,31.6,3,12,25,83,242,34.3
Nicolas Brussino,ATL,25,4,0,4,10,0,0,2,0,0,2,0,0,0,0,0,3,3,0,0,0,0,0,3.6,0,0,17,0,0,0,0,1,0,0,0,0,0,1,0
Nigel Hayes,SAC,23,9,6,3,122,27,11,33,33.3,4,16,25,1,3,33.3,4,18,22,6,2,2,3,8,75.4,0,0,9,1,4,25,2,7,28.6,2,2,100,0,7,0
Nik Stauskas,BKN,24,41,14,27,523,181,60,154,39,40,100,40,21,29,72.4,4,60,64,39,26,9,4,24,329.3,0,0,-57,15,28,53.6,5,12,41.7,2,3,66.7,33,84,39.3
Nikola Jokic,DEN,23,75,43,32,2443,1385,504,1010,49.9,111,280,39.6,266,313,85,195,608,803,458,210,90,61,212,3278.6,38,10,353,181,280,64.6,4,10,40,8,11,72.7,98,255,38.4
Nikola Mirotic,NOP,27,55,34,21,1494,859,306,684,44.7,135,358,37.7,112,137,81.8,59,346,405,80,62,44,39,108,1652,12,0,149,97,148,65.5,17,45,37.8,11,24,45.8,107,289,37
Nikola Vucevic,ORL,27,57,17,40,1683,939,399,840,47.5,64,204,31.4,77,94,81.9,101,422,523,191,109,56,62,144,2098.1,29,1,-34,148,203,72.9,0,1,0,1,1,100,62,200,31
Noah Vonleh,CHI,22,54,24,30,876,264,104,234,44.4,20,66,30.3,36,58,62.1,70,241,311,34,31,19,17,68,765.2,3,0,-38,57,98,58.2,0,5,0,1,1,100,19,60,31.7
Norman Powell,TOR,25,70,51,19,1062,385,150,374,40.1,53,186,28.5,32,39,82.1,14,105,119,89,66,37,16,111,754.3,0,0,-18,68,121,56.2,7,44,15.9,12,22,54.5,34,120,28.3
OG Anunoby,TOR,20,74,51,23,1481,438,163,346,47.1,73,197,37.1,39,62,62.9,44,140,184,55,45,52,14,130,894.3,0,0,294,88,131,67.2,21,55,38.2,26,52,50,25,88,28.4
Okaro White,CLE,25,6,2,4,80,20,7,16,43.8,4,11,36.4,2,3,66.7,3,8,11,2,1,1,1,6,41.2,0,0,-1,2,4,50,1,4,25,0,0,0,3,7,42.9
Omari Johnson,MEM,29,4,1,3,75,22,9,21,42.9,4,12,33.3,0,0,0,4,7,11,7,3,2,0,6,48.7,0,0,10,4,5,80,1,1,100,0,2,0,3,9,33.3
Omer Asik,CHI,31,18,7,11,182,22,9,22,40.9,0,0,0,4,13,30.8,9,38,47,3,9,2,4,20,91.9,0,0,-32,7,18,38.9,0,0,0,0,0,0,0,0,0
Omri Casspi,GSW,30,53,40,13,742,300,120,207,58,10,22,45.5,50,69,72.5,30,170,200,51,37,18,19,71,690.5,3,0,53,77,113,68.1,2,2,100,2,3,66.7,6,16,37.5
Otto Porter Jr.,WAS,25,77,42,35,2431,1134,445,885,50.3,138,313,44.1,106,128,82.8,103,389,492,157,75,116,41,151,2355.9,13,0,286,116,169,68.6,12,29,41.4,16,34,47.1,110,247,44.5
PJ Dozier,OKC,21,2,1,1,3,2,1,2,50,0,0,0,0,0,0,0,1,1,0,1,0,0,1,2.2,0,0,-3,1,1,100,0,0,0,0,0,0,0,0,0
PJ Tucker,HOU,33,82,65,17,2281,502,172,441,39,115,310,37.1,43,60,71.7,93,364,457,77,74,78,26,205,1403.9,3,0,524,42,74,56.8,50,117,42.7,33,89,37.1,32,104,30.8
Pascal Siakam,TOR,24,81,59,22,1679,589,253,498,50.8,29,132,22,54,87,62.1,79,285,364,159,67,62,42,166,1509.3,0,0,304,178,253,70.4,9,39,23.1,10,32,31.3,10,59,16.9
Pat Connaughton,POR,25,82,49,33,1488,441,165,390,42.3,74,210,35.2,37,44,84.1,36,125,161,91,43,23,22,120,862.7,0,0,141,62,104,59.6,4,19,21.1,6,23,26.1,64,167,38.3
Patrick Beverley,LAC,29,11,5,6,334,134,48,119,40.3,24,60,40,14,17,82.4,16,29,45,32,25,19,5,34,283,0,0,26,17,31,54.8,2,9,22.2,1,2,50,21,49,42.9
Patrick McCaw,GSW,22,57,41,16,961,229,92,225,40.9,19,80,23.8,26,34,76.5,16,66,82,81,41,43,10,67,566.9,0,0,-84,55,88,62.5,5,10,50,5,12,41.7,9,57,15.8
Patrick Patterson,OKC,29,82,48,34,1270,318,106,266,39.8,66,171,38.6,40,46,87,32,161,193,57,33,48,23,87,815.1,0,0,-74,22,39,56.4,12,32,37.5,17,42,40.5,37,97,38.1
Patty Mills,SAS,29,82,47,35,2107,819,280,682,41.1,154,414,37.2,105,118,89,26,128,154,229,106,55,11,128,1439.3,0,0,110,47,83,56.6,16,36,44.4,12,26,46.2,125,349,35.8
Pau Gasol,SAS,37,77,45,32,1812,775,287,627,45.8,43,120,35.8,158,209,75.6,129,490,619,238,108,24,79,121,2075.8,16,1,62,140,216,64.8,6,20,30,7,19,36.8,30,81,37
Paul George,OKC,28,79,47,32,2891,1734,576,1340,43,244,609,40.1,338,411,82.2,72,375,447,263,212,161,39,233,3052.9,4,0,226,182,294,61.9,20,45,44.4,35,80,43.8,189,480,39.4
Paul Millsap,DEN,33,38,22,16,1143,555,202,435,46.4,39,113,34.5,112,161,69.6,65,180,245,105,73,39,44,99,1182.5,2,0,101,73,118,61.9,8,11,72.7,3,10,30,28,91,30.8
Paul Zipser,CHI,24,54,17,37,824,218,81,234,34.6,37,110,33.6,19,25,76,13,118,131,46,43,20,15,86,506.2,0,0,-218,22,39,56.4,6,17,35.3,3,6,50,28,87,32.2
Quincy Acy,BKN,27,70,26,44,1359,411,130,365,35.6,102,292,34.9,49,60,81.7,40,217,257,57,60,33,29,149,930.9,0,0,-59,21,46,45.7,27,60,45,10,32,31.3,65,199,32.7
Quincy Pondexter,CHI,30,23,6,17,196,45,14,49,28.6,3,22,13.6,14,17,82.4,8,19,27,9,11,8,2,24,109.9,0,0,-90,9,18,50,1,4,25,0,2,0,2,15,13.3
Quinn Cook,GSW,25,33,21,12,741,312,122,252,48.4,46,104,44.2,22,25,88,10,72,82,89,32,12,1,59,550.9,0,0,-39,27,50,54,6,10,60,2,8,25,37,84,44
RJ Hunter,HOU,24,5,3,2,45,19,7,20,35,3,14,21.4,2,2,100,0,5,5,3,2,3,0,7,36.5,0,0,1,3,4,75,1,1,100,0,1,0,2,12,16.7
Rajon Rondo,NOP,32,65,41,24,1705,537,231,494,46.8,50,150,33.3,25,46,54.3,31,232,263,533,151,70,10,119,1741.1,15,2,19,128,219,58.4,6,30,20,12,35,34.3,32,85,37.6
Ramon Sessions,WAS,32,28,10,18,392,136,42,117,35.9,8,26,30.8,44,57,77.2,6,32,38,77,30,14,2,29,315.1,0,0,-83,21,44,47.7,2,5,40,1,4,25,5,17,29.4
Rashad Vaughn,ORL,21,28,13,15,212,64,23,56,41.1,14,37,37.8,4,6,66.7,3,18,21,13,6,5,3,15,126.7,0,0,-12,4,8,50,3,6,50,3,4,75,8,27,29.6
Raul Neto,UTA,26,41,28,13,498,183,69,151,45.7,19,47,40.4,26,35,74.3,7,42,49,75,36,13,4,38,369.3,0,0,119,36,57,63.2,4,10,40,3,4,75,12,28,42.9
Raymond Felton,OKC,34,82,48,34,1365,565,224,552,40.6,81,230,35.2,36,44,81.8,25,131,156,203,76,49,16,91,1175.7,0,0,-46,54,102,52.9,5,14,35.7,15,28,53.6,61,178,34.3
Reggie Bullock,DET,27,62,32,30,1732,698,267,546,48.9,125,281,44.5,39,49,79.6,27,127,154,95,47,47,13,70,1158.3,0,0,23,85,124,68.5,16,35,45.7,18,43,41.9,91,202,45
Reggie Hearn,DET,26,3,3,0,7,3,1,2,50,1,2,50,0,0,0,0,0,0,0,0,0,0,0,3,0,0,-5,0,0,0,0,0,0,1,1,100,0,1,0
Reggie Jackson,DET,28,45,27,18,1201,656,246,577,42.6,52,169,30.8,112,134,83.6,29,96,125,238,99,27,4,87,1157,0,0,15,63,115,54.8,6,13,46.2,4,12,33.3,42,140,30
Richard Jefferson,DEN,38,20,10,10,163,30,12,27,44.4,2,7,28.6,4,7,57.1,2,15,17,15,5,2,1,11,76.9,0,0,-42,4,8,50,0,0,0,0,0,0,2,7,28.6
Richaun Holmes,PHI,24,48,30,18,746,311,135,241,56,4,31,12.9,37,56,66.1,57,154,211,61,25,20,29,97,777.7,1,0,-38,104,136,76.5,0,2,0,0,1,0,4,27,14.8
Ricky Rubio,UTA,27,77,44,33,2254,1008,346,827,41.8,96,273,35.2,220,254,86.6,44,307,351,410,207,121,11,206,2233.2,11,0,209,84,165,50.9,21,50,42,8,29,27.6,67,194,34.5
Robert Covington,PHI,27,80,51,29,2532,1009,345,836,41.3,203,550,36.9,116,136,85.3,55,378,433,156,126,137,72,238,2263.6,7,0,525,107,167,64.1,11,39,28.2,13,24,54.2,179,483,37.1
Robin Lopez,CHI,30,64,23,41,1690,756,342,645,53,4,14,28.6,68,90,75.6,134,156,290,124,107,14,53,109,1384,3,0,-200,166,243,68.3,0,0,0,0,0,0,4,14,28.6
Rodney Hood,CLE,25,60,29,31,1615,882,322,751,42.9,127,333,38.1,111,129,86,22,143,165,95,70,45,12,105,1323.5,0,0,-69,53,87,60.9,11,33,33.3,12,24,50,104,274,38
Rodney McGruder,MIA,26,18,11,7,299,91,36,73,49.3,15,35,42.9,4,8,50,11,21,32,17,4,8,3,21,183.9,0,0,33,14,18,77.8,2,10,20,6,13,46.2,7,12,58.3
Rodney Purvis,ORL,24,16,5,11,290,96,35,107,32.7,13,52,25,13,15,86.7,1,26,27,17,10,3,3,26,161.9,0,0,-58,7,13,53.8,3,10,30,0,5,0,10,36,27.8
Ron Baker,NYK,25,29,12,17,385,71,20,59,33.9,11,33,33.3,20,26,76.9,5,25,30,47,18,26,6,33,255.5,0,0,16,8,20,40,2,6,33.3,2,5,40,7,22,31.8
Rondae Hollis-Jefferson,BKN,23,68,26,42,1920,946,342,724,47.2,13,54,24.1,249,316,78.8,101,358,459,167,121,65,48,145,1965.3,12,0,-185,184,313,58.8,6,19,31.6,3,10,30,4,23,17.4
Royce O'Neale,UTA,25,69,43,26,1150,343,120,284,42.3,42,118,35.6,61,76,80.3,25,211,236,95,55,36,16,105,869.7,1,0,193,56,108,51.9,13,31,41.9,10,26,38.5,19,58,32.8
Rudy Gay,SAS,31,57,36,21,1231,655,253,537,47.1,37,118,31.4,112,145,77.2,76,215,291,73,78,46,38,98,1287.7,1,0,81,100,153,65.4,6,16,37.5,3,13,23.1,28,83,33.7
Rudy Gobert,UTA,26,56,37,19,1816,756,276,444,62.2,0,0,0,204,299,68.2,165,436,601,80,107,44,129,153,2009.2,31,0,343,261,372,70.2,0,0,0,0,0,0,0,0,0
Russell Westbrook,OKC,29,80,47,33,2914,2028,757,1687,44.9,97,326,29.8,417,566,73.7,152,652,804,820,381,147,20,200,4342.8,59,25,384,395,667,59.2,4,9,44.4,2,10,20,90,305,29.5
Ryan Anderson,HOU,30,66,52,14,1725,617,207,480,43.1,131,339,38.6,72,93,77.4,94,237,331,60,42,24,21,126,1197.2,2,0,252,46,75,61.3,5,16,31.3,10,21,47.6,116,302,38.4
Ryan Arcidiacono,CHI,24,24,6,18,304,48,17,41,41.5,9,31,29,5,6,83.3,1,24,25,35,13,13,0,18,156.5,0,0,-24,5,5,100,4,6,66.7,3,5,60,2,19,10.5
Salah Mejri,DAL,32,61,21,40,729,214,88,137,64.2,0,3,0,38,66,57.6,85,161,246,35,39,22,67,121,789.7,1,0,20,79,113,69.9,0,0,0,0,0,0,0,3,0
Sam Dekker,LAC,24,73,36,37,883,303,128,259,49.4,10,60,16.7,37,56,66.1,44,130,174,38,33,24,9,71,634.8,0,0,59,103,157,65.6,1,8,12.5,2,9,22.2,7,42,16.7
Scotty Hopson,DAL,28,1,0,1,8,1,0,1,0,0,0,0,1,2,50,0,0,0,1,1,0,0,0,1.5,0,0,-8,0,1,0,0,0,0,-,-,-,0,0,0
Sean Kilpatrick,CHI,28,52,22,30,640,330,110,294,37.4,46,144,31.9,64,72,88.9,5,82,87,46,38,13,5,33,519.4,0,0,-112,39,72,54.2,7,27,25.9,7,16,43.8,32,99,32.3
Semi Ojeleye,BOS,23,73,50,23,1150,195,65,188,34.6,40,125,32,25,41,61,37,124,161,20,25,21,4,91,468.2,0,0,-184,17,38,44.7,8,26,30.8,15,36,41.7,17,63,27
Serge Ibaka,TOR,28,76,53,23,2093,959,379,784,48.3,107,297,36,94,118,79.7,78,400,478,62,90,29,99,209,1919.6,8,0,307,103,151,68.2,12,29,41.4,8,16,50,86,251,34.3
Shabazz Muhammad,MIL,25,43,25,18,418,214,84,188,44.7,7,27,25.9,39,50,78,23,53,76,14,6,9,3,30,356.2,0,0,-116,48,83,57.8,4,8,50,0,2,0,3,17,17.6
Shabazz Napier,POR,26,74,46,28,1535,644,223,531,42,82,218,37.6,116,138,84.1,26,144,170,150,90,81,14,84,1268,0,0,84,59,114,51.8,8,26,30.8,6,9,66.7,68,183,37.2
Shane Larkin,BOS,25,54,39,15,775,231,84,219,38.4,31,86,36,32,37,86.5,15,77,92,98,33,29,2,58,548.4,1,0,11,31,60,51.7,5,9,55.6,1,4,25,25,73,34.2
Shaquille Harrison,PHX,24,23,3,20,384,152,59,124,47.6,6,26,23.1,28,38,73.7,9,52,61,55,22,26,7,42,384.7,1,0,47,51,87,58.6,3,4,75,0,4,0,3,17,17.6
Shaun Livingston,GSW,32,71,49,22,1129,394,172,343,50.1,0,5,0,50,61,82,32,99,131,140,58,35,21,117,871.2,0,0,111,61,90,67.8,0,2,0,0,0,0,0,2,0
Shelvin Mack,ORL,28,69,21,48,1365,473,178,414,43,48,139,34.5,69,97,71.1,23,143,166,272,89,54,8,91,1177.2,1,0,-79,80,122,65.6,5,11,45.5,3,8,37.5,40,119,33.6
Sindarius Thornwell,LAC,23,73,36,37,1156,282,100,233,42.9,23,61,37.7,59,88,67,33,107,140,68,53,48,25,125,718,0,0,-102,48,105,45.7,7,16,43.8,5,13,38.5,11,29,37.9
Skal Labissiere,SAC,22,60,19,41,1240,523,205,458,44.8,18,51,35.3,95,118,80.5,99,189,288,72,73,25,49,132,1125.6,3,0,-118,91,133,68.4,0,0,0,3,3,100,15,47,31.9
Solomon Hill,NOP,27,12,8,4,187,29,11,41,26.8,4,21,19,3,6,50,9,27,36,22,9,7,1,22,120.2,0,0,-26,5,9,55.6,1,3,33.3,0,1,0,3,16,18.8
Spencer Dinwiddie,BKN,25,80,28,52,2306,1007,324,838,38.7,141,433,32.6,218,268,81.3,40,219,259,524,128,68,23,186,2248.8,7,0,-93,120,211,56.9,0,10,0,14,33,42.4,127,389,32.6
Stanley Johnson,DET,22,69,33,36,1894,599,210,560,37.5,67,234,28.6,112,145,77.2,33,219,252,112,77,95,14,169,1319.4,2,0,-46,85,145,58.6,7,24,29.2,16,52,30.8,44,153,28.8
Stephen Curry,GSW,30,51,41,10,1631,1346,428,864,49.5,212,501,42.3,278,302,92.1,36,225,261,310,153,80,8,114,2235.2,5,0,486,113,174,64.9,16,45,35.6,10,29,34.5,186,419,44.4
Sterling Brown,MIL,23,54,26,28,776,217,82,205,40,32,91,35.2,21,24,87.5,27,116,143,25,25,31,13,80,533.1,0,0,-47,32,65,49.2,9,24,37.5,6,17,35.3,17,49,34.7
Steven Adams,OKC,24,76,43,33,2487,1056,448,712,62.9,0,2,0,160,286,55.9,384,301,685,88,128,92,78,215,2392,28,0,321,359,530,67.7,0,0,0,0,0,0,0,0,0
T.J. McConnell,PHI,26,76,50,26,1706,478,210,421,49.9,27,62,43.5,31,39,79.5,37,189,226,303,112,92,13,122,1406.7,2,1,-71,75,118,63.6,3,8,37.5,11,16,68.8,13,34,38.2
TJ Leaf,IND,21,53,31,22,459,156,64,136,47.1,18,42,42.9,10,16,62.5,29,53,82,9,10,5,4,45,284.9,0,0,-82,34,56,60.7,1,7,14.3,4,7,57.1,13,28,46.4
TJ Warren,PHX,24,65,18,47,2142,1271,529,1063,49.8,20,90,22.2,193,255,75.7,125,208,333,85,85,65,41,149,2031.1,6,0,-433,289,433,66.7,5,22,22.7,3,15,20,12,53,22.6
Taj Gibson,MIN,33,82,47,35,2726,999,425,737,57.7,7,35,20,142,185,76.8,194,390,584,99,89,62,59,218,2122.3,18,0,239,282,392,71.9,5,19,26.3,2,9,22.2,0,6,0
Tarik Black,HOU,26,51,40,11,537,180,75,127,59.1,1,11,9.1,29,63,46,63,100,163,13,35,21,30,107,513.1,2,0,-74,71,101,70.3,0,2,0,1,1,100,0,7,0
Taurean Prince,ATL,24,82,24,58,2464,1158,415,975,42.6,176,457,38.5,152,180,84.4,50,339,389,214,191,85,42,168,2135.8,5,0,-366,148,257,57.6,24,56,42.9,28,51,54.9,124,349,35.5
Terrance Ferguson,OKC,20,61,37,24,763,189,70,169,41.4,40,120,33.3,9,10,90,19,28,47,19,11,24,10,83,364.9,0,0,-84,20,29,69,19,36,52.8,7,26,26.9,14,58,24.1
Terrence Ross,ORL,27,24,10,14,600,209,76,191,39.8,30,93,32.3,27,36,75,10,63,73,38,29,27,11,45,438.6,0,0,-47,20,28,71.4,7,11,63.6,4,9,44.4,19,70,27.1
Terry Rozier,BOS,24,80,54,26,2068,900,316,800,39.5,153,402,38.1,115,149,77.2,63,313,376,232,80,80,19,123,1916.2,1,1,118,83,166,50,20,43,46.5,4,24,16.7,128,331,38.7
Thabo Sefolosha,UTA,34,38,16,22,806,312,118,240,49.2,32,84,38.1,44,54,81.5,29,132,161,33,30,52,12,59,716.7,2,0,56,61,91,67,12,28,42.9,9,18,50,10,37,27
Thaddeus Young,IND,30,81,48,33,2607,955,421,864,48.7,58,181,32,55,92,59.8,184,328,512,152,105,135,36,175,2205.4,9,0,213,232,372,62.4,14,40,35,5,20,25,39,119,32.8
Thomas Bryant,LAL,20,15,7,8,72,22,8,21,38.1,1,10,10,5,9,55.6,3,14,17,6,2,1,2,6,58.4,0,0,-9,5,6,83.3,0,2,0,0,1,0,1,7,14.3
Thon Maker,MIL,21,74,40,34,1238,356,130,316,41.1,31,104,29.8,65,93,69.9,75,150,225,46,44,38,53,162,924,0,0,-162,52,100,52,5,10,50,11,37,29.7,15,55,27.3
Tim Frazier,WAS,27,59,31,28,838,176,68,172,39.5,17,56,30.4,23,30,76.7,18,97,115,194,57,47,7,97,710,0,0,-84,20,33,60.6,1,2,50,0,1,0,16,53,30.2
Tim Hardaway Jr.,NYK,26,57,19,38,1885,996,360,856,42.1,130,410,31.7,146,179,81.6,32,192,224,155,92,62,10,123,1621.3,2,0,-74,132,214,61.7,11,26,42.3,9,28,32.1,110,354,31.1
Tim Quarterman,HOU,23,3,2,1,13,4,1,3,33.3,0,2,0,2,2,100,0,3,3,1,2,0,0,1,7.1,0,0,-10,0,0,0,0,0,0,0,0,0,0,2,0
Timofey Mozgov,BKN,31,31,12,19,359,131,52,93,55.9,4,18,22.2,23,30,76.7,32,66,98,11,33,5,13,39,286.1,0,0,-89,41,59,69.5,1,7,14.3,3,8,37.5,0,2,0
Timothe Luwawu-Cabarrot,PHI,23,52,29,23,806,299,100,267,37.5,53,158,33.5,46,58,79.3,14,58,72,54,38,12,5,97,479.4,0,0,-5,43,85,50.6,8,27,29.6,9,23,39.1,36,108,33.3
Tobias Harris,LAC,25,80,39,41,2668,1486,562,1221,46,183,445,41.1,179,216,82.9,58,379,437,192,105,71,35,164,2511.4,3,0,-113,179,293,61.1,21,48,43.8,28,58,48.3,134,337,39.8
Tomas Satoransky,WAS,26,73,39,34,1643,524,201,384,52.3,47,101,46.5,75,96,78.1,72,161,233,286,83,52,15,131,1350.6,0,0,79,81,122,66.4,3,11,27.3,18,31,58.1,26,57,45.6
Tony Allen,NOP,36,22,12,10,273,103,44,91,48.4,4,12,33.3,11,21,52.4,20,27,47,9,19,11,3,49,195.9,0,0,-19,37,65,56.9,2,2,100,1,2,50,1,7,14.3
Tony Bradley,UTA,20,9,6,3,29,8,3,11,27.3,0,1,0,2,2,100,4,7,11,1,0,0,0,1,22.7,0,0,1,2,4,50,0,0,0,0,0,0,0,1,0
Tony Parker,SAS,36,55,32,23,1071,421,178,388,45.9,10,37,27,55,78,70.5,7,88,95,195,68,28,1,52,846.5,0,0,-10,88,143,61.5,8,16,50,0,12,0,2,8,25
Tony Snell,MIL,26,75,42,33,2053,516,185,425,43.5,108,268,40.3,38,48,79.2,9,132,141,98,36,47,28,115,1021.2,0,0,-57,49,79,62,20,43,46.5,25,61,41,63,164,38.4
Torrey Craig,DEN,27,39,22,17,629,163,62,137,45.3,17,58,29.3,22,35,62.9,40,87,127,25,20,12,15,63,413.9,0,0,-61,40,66,60.6,5,11,45.5,3,11,27.3,9,33,27.3
Travis Wear,LAL,27,17,7,10,228,75,25,72,34.7,17,47,36.2,8,8,100,0,38,38,7,6,4,5,30,152.1,0,0,11,1,1,100,1,1,100,4,6,66.7,12,39,30.8
Treveon Graham,CHA,24,63,28,35,1050,273,96,221,43.4,40,97,41.2,41,59,69.5,42,79,121,59,27,33,2,109,584.7,0,0,-96,31,58,53.4,6,14,42.9,10,25,40,24,58,41.4
Trevor Ariza,HOU,32,67,51,16,2269,782,268,651,41.2,170,462,36.8,76,89,85.4,33,261,294,105,52,98,13,132,1573.3,1,0,371,93,153,60.8,32,75,42.7,49,113,43.4,89,272,32.7
Trevor Booker,IND,30,68,36,32,1158,428,177,343,51.6,8,33,24.2,66,93,71,117,201,318,82,59,28,21,119,1020.6,4,0,-23,107,168,63.7,1,4,25,1,5,20,6,24,25
Trey Burke,NYK,25,36,10,26,785,461,193,384,50.3,38,105,36.2,37,57,64.9,13,58,71,170,43,24,4,43,842.2,3,0,-81,46,64,71.9,5,10,50,2,5,40,31,87,35.6
Trey Lyles,DEN,22,73,41,32,1391,724,270,550,49.1,83,218,38.1,101,143,70.6,55,292,347,91,61,30,34,111,1407.9,6,0,7,131,197,66.5,8,30,26.7,9,14,64.3,66,171,38.6
Trey McKinney-Jones,IND,27,1,1,0,1,0,0,0,0,0,0,0,0,0,0,0,0,0,0,0,0,0,0,0,0,0,0,0,0,0,-,-,-,-,-,-,0,0,0
Tristan Thompson,CLE,27,53,27,26,1072,307,132,235,56.2,0,0,0,43,79,54.4,126,226,352,33,36,16,17,102,841.9,3,0,-138,109,167,65.3,0,0,0,0,0,0,0,0,0
Troy Daniels,PHX,26,79,20,59,1622,703,232,575,40.3,183,458,40,56,64,87.5,12,115,127,48,56,26,5,137,964.4,0,0,-409,13,29,44.8,28,55,50.9,28,59,47.5,127,342,37.1
Troy Williams,NYK,23,21,7,14,307,133,51,109,46.8,11,38,28.9,20,30,66.7,22,41,63,16,19,20,4,34,285.6,0,0,-31,35,58,60.3,2,4,50,0,3,0,9,31,29
Tyler Cavanaugh,ATL,24,39,11,28,518,183,67,152,44.1,32,89,36,17,21,81,45,82,127,27,14,9,4,61,400.9,0,0,-25,24,44,54.5,4,15,26.7,9,18,50,19,56,33.9
Tyler Dorsey,ATL,22,56,15,41,974,405,144,382,37.7,72,199,36.2,45,63,71.4,17,113,130,79,37,17,5,63,708.5,0,0,-151,40,78,51.3,5,18,27.8,6,13,46.2,61,165,37
Tyler Ennis,LAL,23,54,22,32,683,224,94,224,42,14,56,25,22,29,75.9,19,76,95,105,38,30,10,75,577.5,1,0,-21,56,103,54.4,3,6,50,3,4,75,8,44,18.2
Tyler Johnson,MIA,26,72,39,33,2052,843,309,711,43.5,119,324,36.7,106,129,82.2,34,214,248,165,81,60,34,148,1589.1,0,0,46,99,155,63.9,12,34,35.3,24,62,38.7,83,227,36.6
Tyler Lydon,DEN,22,1,1,0,2,0,0,0,0,0,0,0,0,0,0,0,0,0,0,0,0,0,0,0,0,0,-6,0,0,0,-,-,-,-,-,-,0,0,0
Tyler Ulis,PHX,22,71,20,51,1658,554,214,551,38.8,42,146,28.8,84,101,83.2,24,104,128,311,127,70,7,120,1278.1,4,0,-316,32,78,41,5,14,35.7,0,6,0,37,123,30.1
Tyler Zeller,MIL,28,66,27,39,1108,441,187,334,56,10,28,35.7,57,79,72.2,110,195,305,47,47,15,35,126,980.5,0,0,26,137,205,66.8,8,15,53.3,2,7,28.6,0,6,0
Tyreke Evans,MEM,28,52,19,33,1607,1010,366,809,45.2,114,286,39.9,164,209,78.5,44,221,265,269,117,57,17,96,1836.5,7,0,27,200,375,53.3,2,6,33.3,2,9,22.2,109,269,40.5
Tyrone Wallace,LAC,24,30,17,13,851,291,110,247,44.5,10,40,25,61,78,78.2,21,84,105,71,46,27,13,83,597.5,0,0,-24,61,101,60.4,5,11,45.5,3,11,27.3,2,17,11.8
Tyson Chandler,PHX,35,46,15,31,1151,300,121,187,64.7,0,0,0,58,93,62.4,134,284,418,53,59,16,27,106,951.1,4,0,-244,118,179,65.9,0,0,0,0,0,0,0,0,0
Tyus Jones,MIN,22,82,47,35,1467,416,150,328,45.7,45,129,34.9,71,81,87.7,16,116,132,232,59,95,6,110,1166.4,0,0,178,54,86,62.8,13,35,37.1,3,10,30,29,82,35.4
Udonis Haslem,MIA,38,14,9,5,72,8,3,15,20,1,8,12.5,1,2,50,3,7,10,5,2,0,2,3,31.5,0,0,-4,0,0,0,0,0,0,1,3,33.3,0,5,0
Vander Blue,LAL,25,5,1,4,45,3,1,5,20,0,2,0,1,2,50,0,1,1,3,3,1,0,2,8.7,0,0,15,1,3,33.3,0,0,0,0,0,0,0,2,0
Victor Oladipo,IND,26,75,48,27,2552,1735,640,1342,47.7,161,434,37.1,294,368,79.9,47,343,390,323,219,177,57,175,3170.5,3,0,334,254,380,66.8,14,26,53.8,11,19,57.9,136,387,35.1
Vince Carter,SAC,41,58,20,38,1026,313,114,283,40.3,57,165,34.5,28,37,75.7,18,130,148,69,36,42,26,96,762.1,0,0,-67,29,51,56.9,3,13,23.1,5,13,38.5,49,137,35.8
Vincent Hunter,MEM,23,4,0,4,7,6,3,5,60,0,0,0,0,0,0,2,1,3,0,1,0,1,0,11.6,0,0,6,2,3,66.7,-,-,-,-,-,-,0,0,0
Wade Baldwin IV,POR,22,7,4,3,80,38,14,21,66.7,4,5,80,6,10,60,1,7,8,5,4,2,1,12,60.1,0,0,5,6,7,85.7,0,0,0,0,0,0,4,5,80
Walter Lemon Jr.,NOP,25,5,4,1,35,17,7,16,43.8,1,1,100,2,3,66.7,0,2,2,5,4,0,1,5,25.9,0,0,-15,4,10,40,0,0,0,0,0,0,1,1,100
Wayne Ellington,MIA,30,77,42,35,2041,864,285,700,40.7,227,579,39.2,67,78,85.9,23,195,218,79,52,53,8,94,1375.1,0,0,127,38,61,62.3,29,60,48.3,33,69,47.8,165,449,36.7
Wayne Selden,MEM,23,35,10,25,692,325,116,269,43.1,49,122,40.2,44,59,74.6,16,40,56,66,54,18,5,59,506.2,0,0,-103,34,64,53.1,6,16,37.5,2,9,22.2,41,97,42.3
Wes Iwundu,ORL,23,62,18,44,1020,229,93,218,42.7,9,46,19.6,34,47,72.3,36,101,137,57,30,33,12,81,583.9,0,0,-105,58,94,61.7,4,19,21.1,2,6,33.3,3,21,14.3
Wesley Johnson,LAC,30,74,38,36,1486,403,150,368,40.8,60,177,33.9,43,58,74.1,29,187,216,61,55,76,62,146,1112.7,1,0,-61,38,62,61.3,24,63,38.1,14,35,40,22,78,28.2
Wesley Matthews,DAL,31,63,20,43,2131,802,283,697,40.6,153,402,38.1,83,101,82.2,28,170,198,172,83,76,16,140,1490.6,0,0,-323,36,74,48.6,21,51,41.2,18,35,51.4,114,315,36.2
Will Barton,DEN,27,81,46,35,2683,1268,465,1028,45.2,156,422,37,182,226,80.5,70,339,409,331,149,82,52,168,2508.3,2,0,123,229,357,64.1,14,27,51.9,4,13,30.8,138,377,36.6
Willie Cauley-Stein,SAC,24,73,23,50,2044,932,388,773,50.2,3,12,25,153,247,61.9,131,379,510,172,109,77,67,185,2125,12,0,-323,263,409,64.3,1,3,33.3,0,0,0,2,5,40
Willie Reed,DET,28,42,20,22,428,195,81,121,66.9,1,2,50,32,55,58.2,35,86,121,10,19,9,22,56,429.2,1,0,16,57,80,71.3,0,0,0,0,0,0,1,2,50
Willy Hernangomez,CHA,24,48,20,28,494,246,91,164,55.5,5,12,41.7,59,90,65.6,61,122,183,33,35,18,16,64,582.1,4,0,-1,67,101,66.3,2,2,100,0,1,0,3,9,33.3
Wilson Chandler,DEN,31,74,41,33,2346,738,281,631,44.5,88,246,35.8,88,114,77.2,102,296,398,159,92,43,39,156,1608.1,4,0,56,134,219,61.2,5,18,27.8,14,44,31.8,69,183,37.7
Xavier Munford,MIL,26,6,2,4,21,3,1,6,16.7,0,2,0,1,2,50,1,0,1,4,2,1,0,4,11.2,0,0,-12,0,1,0,0,0,0,0,0,0,0,2,0
Xavier Rathan-Mayes,MEM,24,5,0,5,118,29,12,42,28.6,1,14,7.1,4,9,44.4,0,5,5,18,11,6,3,18,78,0,0,-59,5,7,71.4,0,0,0,0,0,0,1,14,7.1
Xavier Silas,BOS,30,2,1,1,7,0,0,3,0,0,2,0,0,0,0,1,1,2,0,0,1,0,1,5.4,0,0,1,0,0,0,0,0,0,-,-,-,0,2,0
Yogi Ferrell,DAL,25,82,24,58,2281,838,311,730,42.6,134,359,37.3,82,103,79.6,26,223,249,201,78,64,9,153,1579.3,3,0,3,67,124,54,17,35,48.6,14,25,56,103,298,34.6
Zach Collins,POR,20,66,41,25,1045,292,115,289,39.8,35,113,31,27,42,64.3,45,176,221,52,58,17,31,133,721.2,0,0,16,50,88,56.8,6,15,40,7,18,38.9,22,79,27.8
Zach LaVine,CHI,23,24,9,15,656,401,136,355,38.3,42,123,34.1,87,107,81.3,9,85,94,72,43,24,4,55,662.8,0,0,-172,66,131,50.4,1,8,12.5,2,6,33.3,39,108,36.1
Zach Randolph,SAC,36,59,18,41,1508,857,361,763,47.3,51,147,34.7,84,107,78.5,97,300,397,127,116,42,10,119,1563.9,8,0,-353,139,214,65,3,11,27.3,7,11,63.6,41,124,33.1
Zaza Pachulia,GSW,34,69,47,22,972,373,149,264,56.4,0,1,0,75,93,80.6,89,232,321,109,72,38,17,122,1014.7,2,0,195,114,178,64,0,0,0,0,0,0,0,0,0
Zhou Qi,HOU,22,18,14,4,124,22,6,32,18.8,2,19,10.5,8,12,66.7,6,16,22,2,10,2,14,14,89.4,0,0,-67,3,7,42.9,0,1,0,1,2,50,1,16,6.3