,PID,PLAYER,EFG_PCT,FGA,FGA_PG,UAST_PCT,VT_FGA_FREQ,T_FGA_FREQ,O_FGA_FREQ,WO_FGA_FREQ,RA_AST_PCT,NON_RA_PCT,RA_UAST_PCT,GROUP,SCORER_TYPE
0,203518,"Abrines, Alex",0.54,291,3.9,0.12173913043478261,0.04,0.154,0.36,0.445,0.11299999999999999,0.8,0.08700000000000001,5,Catch and Shoot
1,203112,"Acy, Quincy",0.496,365,5.2,0.038461538461538464,0.026000000000000002,0.124,0.29100000000000004,0.5589999999999999,0.13843846153846154,0.8384615384615385,0.023100000000000002,5,Catch and Shoot
2,203500,"Adams, Steven",0.629,712,9.4,0.3080357142857143,0.22899999999999998,0.5670000000000001,0.166,0.038,0.5264799107142857,0.1986607142857143,0.27485937499999996,2,Rim Runner
3,1628389,"Adebayo, Bam",0.512,340,4.9,0.2988505747126437,0.272,0.47200000000000003,0.155,0.1,0.5865172413793104,0.16091954022988508,0.25256321839080453,2,Rim Runner
4,201167,"Afflalo, Arron",0.485,162,3.1,0.24615384615384617,0.057999999999999996,0.35100000000000003,0.39,0.201,0.13843076923076922,0.8307692307692307,0.03080000000000001,5,Catch and Shoot
5,200746,"Aldridge, LaMarcus",0.52,1347,18.0,0.48180494905385735,0.125,0.503,0.22399999999999998,0.14800000000000002,0.23869577874818046,0.5691411935953421,0.19216302765647747,1,Skilled Finesse
6,1628386,"Allen, Jarrett",0.596,397,5.5,0.15384615384615385,0.198,0.524,0.17300000000000001,0.105,0.6752777777777778,0.2008547008547008,0.1238675213675214,2,Rim Runner
7,2754,"Allen, Tony",0.505,91,4.1,0.2727272727272727,0.213,0.488,0.125,0.175,0.6138636363636363,0.15909090909090906,0.22704545454545455,2,Rim Runner
8,202329,"Aminu, Al-Farouq",0.503,582,8.4,0.2565217391304348,0.073,0.264,0.245,0.418,0.1739391304347826,0.6391304347826087,0.1869304347826087,5,Catch and Shoot
9,1626147,"Anderson, Justin",0.515,202,5.3,0.21839080459770116,0.086,0.285,0.306,0.32299999999999995,0.35635632183908045,0.5057471264367817,0.13789655172413795,3,Skilled Paint Dweller
10,203937,"Anderson, Kyle",0.5489999999999999,438,5.9,0.45021645021645024,0.128,0.47700000000000004,0.204,0.192,0.2898268398268398,0.4372294372294372,0.27294372294372293,1,Skilled Finesse
11,201583,"Anderson, Ryan",0.568,480,7.3,0.2463768115942029,0.064,0.113,0.332,0.49,0.0628888888888889,0.7777777777777778,0.15933333333333333,5,Catch and Shoot
12,203507,"Antetokounmpo, Giannis",0.545,1402,18.7,0.5431266846361186,0.154,0.431,0.253,0.161,0.32345013477088946,0.3261455525606469,0.3504043126684636,1,Skilled Finesse
13,2546,"Anthony, Carmelo",0.47600000000000003,1168,15.0,0.4449152542372881,0.075,0.358,0.35700000000000004,0.209,0.06566949152542373,0.8220338983050848,0.11229661016949152,1,Skilled Finesse
14,1628384,"Anunoby, OG",0.5770000000000001,346,4.7,0.18404907975460122,0.078,0.228,0.191,0.503,0.3865521472392638,0.4601226993865031,0.15332515337423316,3,Skilled Paint Dweller
15,2772,"Ariza, Trevor",0.542,651,9.7,0.1791044776119403,0.063,0.271,0.295,0.37,0.20890298507462685,0.6529850746268657,0.13811194029850749,5,Catch and Shoot
16,201571,"Augustin, D.J.",0.557,540,7.2,0.5614754098360656,0.09699999999999999,0.312,0.349,0.24100000000000002,0.10666393442622953,0.6270491803278688,0.26628688524590166,1,Skilled Finesse
17,202337,"Babbitt, Luke",0.563,215,4.3,0.16483516483516483,0.015,0.11199999999999999,0.28600000000000003,0.5870000000000001,0.054923076923076915,0.9340659340659341,0.011010989010989014,5,Catch and Shoot
18,1628407,"Bacon, Dwayne",0.40399999999999997,192,3.6,0.4027777777777778,0.064,0.37799999999999995,0.335,0.223,0.15269444444444444,0.6805555555555556,0.16675,0,Assisted Finesse
19,1628366,"Ball, Lonzo",0.44,564,10.8,0.49261083743842365,0.084,0.247,0.363,0.306,0.13793103448275862,0.6059113300492611,0.2561576354679803,1,Skilled Finesse
20,200826,"Barea, J.J.",0.522,690,10.0,0.6666666666666666,0.059000000000000004,0.29100000000000004,0.369,0.281,0.0691980198019802,0.7128712871287128,0.21793069306930693,4,Creative Scorer
21,203084,"Barnes, Harrison",0.494,1208,15.7,0.5307262569832403,0.105,0.344,0.317,0.23399999999999999,0.1414022346368715,0.6703910614525139,0.1882067039106145,1,Skilled Finesse
22,203115,"Barton, Will",0.528,1028,12.7,0.4946236559139785,0.105,0.37200000000000005,0.324,0.198,0.21915053763440862,0.5075268817204301,0.27332258064516124,1,Skilled Finesse
23,201587,"Batum, Nicolas",0.486,650,10.2,0.45555555555555555,0.071,0.425,0.305,0.2,0.0814111111111111,0.8111111111111111,0.10747777777777777,1,Skilled Finesse
24,201573,"Bayless, Jerryd",0.519,262,6.7,0.1559633027522936,0.033,0.31,0.314,0.34299999999999997,0.24770642201834864,0.6697247706422018,0.08256880733944955,5,Catch and Shoot
25,203382,"Baynes, Aron",0.474,446,5.5,0.2523809523809524,0.214,0.348,0.179,0.259,0.29070476190476197,0.5047619047619047,0.2045333333333333,3,Skilled Paint Dweller
26,203145,"Bazemore, Kent",0.5,676,10.4,0.3908450704225352,0.098,0.285,0.28,0.337,0.16197887323943663,0.6408450704225352,0.19717605633802812,0,Assisted Finesse
27,203078,"Beal, Bradley",0.527,1484,18.1,0.5197657393850659,0.08800000000000001,0.33799999999999997,0.32899999999999996,0.245,0.1243909224011713,0.664714494875549,0.21089458272327966,1,Skilled Finesse
28,201563,"Beasley, Michael",0.528,807,10.9,0.4963325183374083,0.21,0.517,0.191,0.083,0.2667432762836186,0.5158924205378973,0.21736430317848407,1,Skilled Finesse
29,201158,"Belinelli, Marco",0.539,764,9.6,0.1661721068249258,0.063,0.364,0.374,0.19899999999999998,0.178026706231454,0.7893175074183976,0.032655786350148375,5,Catch and Shoot
30,1628395,"Bell, Jordan",0.627,185,3.2,0.2672413793103448,0.14800000000000002,0.556,0.172,0.124,0.5948793103448275,0.19827586206896552,0.2068448275862069,2,Rim Runner
31,1627761,"Bembry, DeAndre'",0.457,128,4.9,0.4716981132075472,0.214,0.41,0.205,0.171,0.26399999999999996,0.37735849056603776,0.35864150943396234,1,Skilled Finesse
32,1627733,"Bender, Dragan",0.508,484,5.9,0.18716577540106952,0.087,0.18,0.228,0.504,0.16051336898395724,0.7005347593582888,0.138951871657754,5,Catch and Shoot
33,202722,"Bertans, Davis",0.568,366,4.8,0.06832298136645963,0.042,0.214,0.353,0.392,0.2235465838509317,0.7329192546583851,0.04353416149068321,5,Catch and Shoot
34,202687,"Biyombo, Bismack",0.52,352,4.3,0.19672131147540983,0.221,0.516,0.188,0.075,0.5848633879781421,0.2404371584699454,0.17469945355191258,2,Rim Runner
35,202357,"Bjelica, Nemanja",0.563,371,5.5,0.25146198830409355,0.121,0.282,0.187,0.409,0.26321637426900585,0.5906432748538012,0.146140350877193,5,Catch and Shoot
36,202339,"Bledsoe, Eric",0.536,989,13.4,0.5961538461538461,0.052000000000000005,0.327,0.335,0.28600000000000003,0.1451303418803419,0.5363247863247863,0.3185448717948718,1,Skilled Finesse
37,203992,"Bogdanovic, Bogdan",0.529,772,9.9,0.49127906976744184,0.075,0.313,0.397,0.21600000000000003,0.10173546511627905,0.7703488372093024,0.12791569767441863,1,Skilled Finesse
38,202711,"Bogdanovic, Bojan",0.565,852,10.7,0.3118811881188119,0.10400000000000001,0.298,0.29600000000000004,0.302,0.20792079207920797,0.6287128712871287,0.16336633663366334,0,Assisted Finesse
39,1626164,"Booker, Devin",0.501,1054,19.5,0.5736263736263736,0.096,0.43799999999999994,0.322,0.14400000000000002,0.09221538461538462,0.7230769230769231,0.18470769230769232,1,Skilled Finesse
40,202344,"Booker, Trevor",0.528,343,5.0,0.384180790960452,0.16899999999999998,0.54,0.17300000000000001,0.11800000000000001,0.3953559322033899,0.3954802259887006,0.2091638418079096,3,Skilled Paint Dweller
41,202340,"Bradley, Avery",0.474,625,13.6,0.2471042471042471,0.09300000000000001,0.33899999999999997,0.314,0.254,0.24318532818532815,0.6332046332046333,0.12361003861003864,5,Catch and Shoot
42,201147,"Brewer, Corey",0.498,316,4.4,0.30985915492957744,0.127,0.32,0.313,0.24100000000000002,0.4224929577464789,0.28873239436619713,0.28877464788732393,3,Skilled Paint Dweller
43,1627763,"Brogdon, Malcolm",0.547,503,10.5,0.5204918032786885,0.122,0.354,0.179,0.345,0.25022950819672135,0.47540983606557374,0.27436065573770485,1,Skilled Finesse
44,1628415,"Brooks, Dillon",0.501,772,9.4,0.36470588235294116,0.084,0.35700000000000004,0.355,0.205,0.259,0.5647058823529412,0.17629411764705885,0,Assisted Finesse
45,1627759,"Brown, Jaylen",0.54,803,11.5,0.32439678284182305,0.156,0.316,0.285,0.243,0.2923672922252011,0.4932975871313673,0.2143351206434316,3,Skilled Paint Dweller
46,1628425,"Brown, Sterling",0.478,205,3.8,0.2804878048780488,0.098,0.315,0.27699999999999997,0.31,0.25599999999999995,0.6097560975609756,0.13424390243902443,0,Assisted Finesse
47,203493,"Bullock, Reggie",0.603,546,8.8,0.11235955056179775,0.076,0.28800000000000003,0.284,0.35200000000000004,0.25850187265917607,0.6816479400749064,0.059850187265917586,5,Catch and Shoot
48,203504,"Burke, Trey",0.552,384,10.7,0.6632124352331606,0.059000000000000004,0.35,0.385,0.20600000000000002,0.06745077720207254,0.7616580310880829,0.17089119170984457,4,Creative Scorer
49,202692,"Burks, Alec",0.467,414,6.5,0.5058823529411764,0.085,0.392,0.308,0.215,0.2409823529411765,0.5823529411764705,0.17666470588235292,1,Skilled Finesse
50,202710,"Butler, Jimmy",0.512,921,15.6,0.5995423340961098,0.11800000000000001,0.43200000000000005,0.311,0.139,0.17605491990846683,0.6270022883295194,0.19694279176201374,1,Skilled Finesse
51,202779,"Buycks, Dwight",0.452,198,6.8,0.6951219512195121,0.11,0.312,0.353,0.225,0.19492682926829272,0.5487804878048781,0.2562926829268293,4,Creative Scorer
52,101181,"Calderon, Jose",0.624,185,3.2,0.4838709677419355,0.062,0.22,0.35600000000000004,0.36200000000000004,0.06451612903225806,0.7311827956989247,0.20430107526881722,1,Skilled Finesse
53,203484,"Caldwell-Pope, Kentavious",0.526,798,10.8,0.2647058823529412,0.077,0.29600000000000004,0.292,0.33399999999999996,0.19995294117647058,0.6705882352941177,0.1294588235294118,5,Catch and Shoot
54,203991,"Capela, Clint",0.652,676,9.1,0.18140589569160998,0.252,0.5660000000000001,0.13,0.052000000000000005,0.7668888888888888,0.07936507936507942,0.1537460317460318,2,Rim Runner
55,201960,"Carroll, DeMarre",0.506,785,10.8,0.3292307692307692,0.105,0.33299999999999996,0.34700000000000003,0.215,0.16913846153846154,0.6461538461538461,0.18470769230769232,0,Assisted Finesse
56,1713,"Carter, Vince",0.504,283,4.9,0.2719298245614035,0.047,0.281,0.40299999999999997,0.27,0.1490701754385965,0.7456140350877193,0.10531578947368421,5,Catch and Shoot
57,203487,"Carter-Williams, Michael",0.36200000000000004,229,4.4,0.5657894736842105,0.174,0.34700000000000003,0.196,0.28300000000000003,0.24977631578947365,0.4605263157894737,0.28969736842105265,1,Skilled Finesse
58,1627936,"Caruso, Alex",0.48700000000000004,116,3.1,0.46,0.139,0.278,0.204,0.38,0.28,0.43999999999999995,0.28,1,Skilled Finesse
59,201956,"Casspi, Omri",0.604,207,3.9,0.19166666666666668,0.221,0.436,0.159,0.185,0.4915166666666666,0.3583333333333333,0.15015000000000006,2,Rim Runner
60,1626161,"Cauley-Stein, Willie",0.504,773,10.6,0.31958762886597936,0.185,0.473,0.17800000000000002,0.165,0.48194072164948454,0.3221649484536082,0.19589432989690722,3,Skilled Paint Dweller
61,1628463,"Cavanaugh, Tyler",0.546,152,3.9,0.16417910447761194,0.065,0.201,0.158,0.5760000000000001,0.22388059701492538,0.6417910447761195,0.13432835820895522,5,Catch and Shoot
62,201596,"Chalmers, Mario",0.439,443,6.7,0.5476190476190477,0.114,0.292,0.29,0.304,0.10111904761904762,0.6309523809523809,0.2679285714285714,1,Skilled Finesse
63,2199,"Chandler, Tyson",0.647,187,4.1,0.3305785123966942,0.23199999999999998,0.525,0.166,0.077,0.6524132231404959,0.024793388429752095,0.322793388429752,2,Rim Runner
64,201163,"Chandler, Wilson",0.515,631,8.5,0.3701067615658363,0.14,0.395,0.331,0.135,0.26323131672597866,0.5231316725978647,0.21363701067615656,0,Assisted Finesse
65,1627737,"Chriss, Marquese",0.48200000000000004,477,6.6,0.22277227722772278,0.106,0.262,0.182,0.451,0.3809554455445544,0.44059405940594054,0.17845049504950497,3,Skilled Paint Dweller
66,203546,"Clark, Ian",0.511,495,6.7,0.3783783783783784,0.087,0.287,0.222,0.40399999999999997,0.18471171171171175,0.7387387387387387,0.07654954954954954,0,Assisted Finesse
67,203903,"Clarkson, Jordan",0.509,954,11.8,0.5883720930232558,0.094,0.373,0.33899999999999997,0.19399999999999998,0.11382325581395347,0.6255813953488372,0.2605953488372093,1,Skilled Finesse
68,1628381,"Collins, John",0.591,545,7.4,0.24522292993630573,0.247,0.444,0.17600000000000002,0.133,0.5796178343949044,0.20382165605095537,0.21656050955414013,2,Rim Runner
69,1628380,"Collins, Zach",0.45799999999999996,289,4.4,0.25217391304347825,0.11900000000000001,0.316,0.16,0.405,0.3130434782608696,0.5652173913043479,0.12173913043478263,3,Skilled Paint Dweller
70,1627858,"Collinsworth, Kyle",0.40399999999999997,99,3.1,0.631578947368421,0.29100000000000004,0.395,0.09300000000000001,0.221,0.15805263157894736,0.4473684210526315,0.39457894736842103,4,Creative Scorer
71,201954,"Collison, Darren",0.5710000000000001,638,9.2,0.5506329113924051,0.057999999999999996,0.255,0.341,0.34600000000000003,0.12967088607594937,0.6708860759493671,0.19944303797468357,1,Skilled Finesse
72,1626192,"Connaughton, Pat",0.518,390,4.8,0.2,0.068,0.281,0.377,0.273,0.2788121212121212,0.6242424242424243,0.09694545454545454,5,Catch and Shoot
73,1626188,"Cook, Quinn",0.575,252,7.6,0.45901639344262296,0.052000000000000005,0.3,0.318,0.33,0.12304918032786885,0.7786885245901639,0.09826229508196721,1,Skilled Finesse
74,202326,"Cousins, DeMarcus",0.53,864,18.0,0.45320197044334976,0.179,0.349,0.218,0.254,0.25889162561576357,0.43349753694581283,0.3076108374384236,1,Skilled Finesse
75,203496,"Covington, Robert",0.534,836,10.5,0.09565217391304348,0.066,0.303,0.37799999999999995,0.253,0.24935652173913045,0.6898550724637681,0.06078840579710143,5,Catch and Shoot
76,203459,"Crabbe, Allen",0.529,827,11.0,0.1394658753709199,0.076,0.32299999999999995,0.33,0.271,0.1365578635014837,0.8219584569732937,0.04148367952522255,5,Catch and Shoot
77,1628470,"Craig, Torrey",0.515,137,3.5,0.25806451612903225,0.138,0.293,0.366,0.203,0.3870967741935484,0.3548387096774194,0.25806451612903225,3,Skilled Paint Dweller
78,2037,"Crawford, Jamal",0.485,742,9.3,0.6006493506493507,0.081,0.47600000000000003,0.342,0.10099999999999999,0.016194805194805192,0.9058441558441559,0.07796103896103897,4,Creative Scorer
79,203109,"Crowder, Jae",0.486,671,8.4,0.14391143911439114,0.047,0.259,0.38799999999999996,0.305,0.35778597785977856,0.5571955719557196,0.08501845018450187,3,Skilled Paint Dweller
80,201967,"Cunningham, Dante",0.53,364,5.0,0.10365853658536585,0.068,0.313,0.204,0.41600000000000004,0.4268536585365854,0.47560975609756095,0.09753658536585363,3,Skilled Paint Dweller
81,201939,"Curry, Stephen",0.618,864,16.9,0.48364485981308414,0.11,0.292,0.307,0.29100000000000004,0.12857710280373832,0.735981308411215,0.1354415887850467,1,Skilled Finesse
82,203584,"Daniels, Troy",0.563,575,7.3,0.125,0.03,0.275,0.45299999999999996,0.242,0.03877586206896552,0.9439655172413793,0.017258620689655172,5,Catch and Shoot
83,203076,"Davis, Anthony",0.552,1462,19.5,0.2846153846153846,0.162,0.44,0.24100000000000002,0.157,0.4246038461538461,0.4346153846153846,0.1407807692307693,3,Skilled Paint Dweller
84,1627738,"Davis, Deyonta",0.608,265,4.3,0.22981366459627328,0.153,0.45899999999999996,0.22699999999999998,0.161,0.5591552795031057,0.24844720496894412,0.19239751552795023,2,Rim Runner
85,202334,"Davis, Ed",0.5820000000000001,292,3.7,0.4235294117647059,0.309,0.602,0.077,0.012,0.46503529411764694,0.15294117647058825,0.3820235294117648,3,Skilled Paint Dweller
86,201942,"DeRozan, DeMar",0.488,1413,17.7,0.6806201550387597,0.134,0.46799999999999997,0.316,0.08199999999999999,0.11017054263565892,0.6759689922480621,0.213860465116279,4,Creative Scorer
87,203473,"Dedmon, Dewayne",0.5770000000000001,477,7.7,0.16,0.098,0.34299999999999997,0.295,0.264,0.34408,0.54,0.11592,3,Skilled Paint Dweller
88,1626155,"Dekker, Sam",0.514,259,3.5,0.2734375,0.166,0.369,0.22,0.245,0.593859375,0.1953125,0.210828125,2,Rim Runner
89,1627098,"Delaney, Malcolm",0.46299999999999997,285,5.3,0.45871559633027525,0.038,0.308,0.395,0.259,0.1101467889908257,0.7339449541284404,0.15590825688073398,1,Skilled Finesse
90,203521,"Dellavedova, Matthew",0.457,152,4.0,0.4,0.027999999999999997,0.254,0.303,0.415,0.0364,0.8727272727272728,0.09087272727272726,0,Assisted Finesse
91,1627767,"Diallo, Cheick",0.58,176,3.4,0.17647058823529413,0.174,0.503,0.20600000000000002,0.11599999999999999,0.568921568627451,0.3137254901960784,0.11735294117647055,2,Rim Runner
92,203476,"Dieng, Gorgui",0.504,388,4.9,0.20430107526881722,0.075,0.256,0.259,0.409,0.23125806451612904,0.6397849462365591,0.12895698924731183,5,Catch and Shoot
93,203915,"Dinwiddie, Spencer",0.47100000000000003,838,10.5,0.6604938271604939,0.096,0.345,0.365,0.19399999999999998,0.05851851851851852,0.6296296296296297,0.3118518518518518,4,Creative Scorer
94,1628416,"Dorsey, Tyler",0.47100000000000003,382,6.8,0.3680555555555556,0.065,0.29,0.33799999999999997,0.307,0.1388888888888889,0.7222222222222222,0.1388888888888889,0,Assisted Finesse
95,1628422,"Dotson, Damyean",0.516,161,3.7,0.25,0.051,0.268,0.45899999999999996,0.223,0.18054166666666668,0.7083333333333333,0.11112499999999999,5,Catch and Shoot
96,201609,"Dragic, Goran",0.502,1075,14.3,0.609504132231405,0.102,0.361,0.377,0.161,0.14457024793388432,0.5950413223140496,0.2603884297520661,1,Skilled Finesse
97,203083,"Drummond, Andre",0.529,881,11.3,0.45493562231759654,0.276,0.573,0.107,0.044000000000000004,0.4503862660944207,0.15021459227467815,0.39939914163090123,3,Skilled Paint Dweller
98,1627739,"Dunn, Kris",0.462,666,12.8,0.7587412587412588,0.10300000000000001,0.34299999999999997,0.295,0.259,0.0699020979020979,0.6433566433566433,0.2867412587412588,4,Creative Scorer
99,201142,"Durant, Kevin",0.586,1222,18.0,0.45714285714285713,0.076,0.5,0.312,0.11199999999999999,0.1746031746031746,0.7206349206349206,0.10476190476190476,1,Skilled Finesse
100,201961,"Ellington, Wayne",0.569,700,9.1,0.11228070175438597,0.053,0.309,0.35200000000000004,0.287,0.0912,0.8666666666666667,0.04213333333333332,5,Catch and Shoot
101,203954,"Embiid, Joel",0.514,1056,16.8,0.4980392156862745,0.153,0.32299999999999995,0.29100000000000004,0.23199999999999998,0.2744,0.5333333333333333,0.1922666666666667,1,Skilled Finesse
102,203898,"Ennis, Tyler",0.451,224,4.1,0.6170212765957447,0.14400000000000002,0.418,0.214,0.22399999999999998,0.18110638297872342,0.4042553191489362,0.4146382978723404,1,Skilled Finesse
103,203516,"Ennis III, James",0.54,384,5.3,0.21978021978021978,0.106,0.281,0.319,0.294,0.3956043956043956,0.4505494505494505,0.15384615384615385,3,Skilled Paint Dweller
104,1628393,"Evans, Jawun",0.381,253,5.3,0.550561797752809,0.10099999999999999,0.379,0.256,0.264,0.16870786516853933,0.6067415730337078,0.2245505617977528,1,Skilled Finesse
105,201936,"Evans, Tyreke",0.523,809,15.6,0.6939890710382514,0.14800000000000002,0.359,0.309,0.184,0.13387978142076504,0.45355191256830596,0.412568306010929,4,Creative Scorer
106,202702,"Faried, Kenneth",0.514,148,4.6,0.3026315789473684,0.20600000000000002,0.507,0.17600000000000002,0.11,0.5265000000000001,0.2894736842105263,0.1840263157894737,2,Rim Runner
107,202324,"Favors, Derrick",0.573,702,9.1,0.20759493670886076,0.155,0.419,0.244,0.182,0.5186708860759494,0.30379746835443033,0.17753164556962026,2,Rim Runner
108,1626245,"Felicio, Cristiano",0.591,215,3.9,0.2440944881889764,0.222,0.51,0.155,0.113,0.6614173228346457,0.17322834645669294,0.1653543307086614,2,Rim Runner
109,101109,"Felton, Raymond",0.479,552,6.7,0.6875,0.057,0.282,0.344,0.317,0.02675892857142857,0.7589285714285714,0.2143125,4,Creative Scorer
110,1627812,"Ferrell, Yogi",0.518,730,8.9,0.45016077170418006,0.054000000000000006,0.23399999999999999,0.364,0.348,0.09005144694533762,0.7845659163987138,0.12538263665594856,1,Skilled Finesse
111,1627827,"Finney-Smith, Dorian",0.46299999999999997,121,5.8,0.2391304347826087,0.071,0.159,0.292,0.478,0.2172608695652174,0.5869565217391304,0.19578260869565217,5,Catch and Shoot
112,1627854,"Forbes, Bryn",0.51,497,6.2,0.20574162679425836,0.033,0.32799999999999996,0.36,0.278,0.0861244019138756,0.8803827751196173,0.03349282296650718,5,Catch and Shoot
113,203095,"Fournier, Evan",0.5379999999999999,802,14.1,0.3342391304347826,0.098,0.317,0.32899999999999996,0.255,0.22554347826086957,0.6603260869565217,0.11413043478260868,0,Assisted Finesse
114,1628368,"Fox, De'Aaron",0.441,797,10.9,0.725609756097561,0.102,0.371,0.31,0.217,0.10988719512195122,0.5945121951219512,0.29560060975609753,4,Creative Scorer
115,101112,"Frye, Channing",0.583,212,4.0,0.15384615384615385,0.063,0.26,0.245,0.433,0.25009615384615386,0.6730769230769231,0.07682692307692307,5,Catch and Shoot
116,201568,"Gallinari, Danilo",0.469,256,12.2,0.3137254901960784,0.087,0.228,0.49,0.195,0.20580392156862742,0.6862745098039216,0.107921568627451,0,Assisted Finesse
117,204038,"Galloway, Langston",0.48100000000000004,340,5.9,0.2698412698412698,0.033,0.284,0.414,0.26899999999999996,0.031714285714285716,0.9285714285714286,0.039714285714285716,5,Catch and Shoot
118,201188,"Gasol, Marc",0.473,1033,14.2,0.26036866359447003,0.08900000000000001,0.287,0.253,0.371,0.18900691244239634,0.7442396313364055,0.06675345622119813,5,Catch and Shoot
119,2200,"Gasol, Pau",0.49200000000000005,627,8.1,0.27526132404181186,0.142,0.359,0.19699999999999998,0.302,0.31365853658536585,0.5121951219512195,0.17414634146341462,3,Skilled Paint Dweller
120,200752,"Gay, Rudy",0.506,537,9.4,0.5296442687747036,0.11900000000000001,0.47100000000000003,0.25,0.16,0.18972332015810275,0.6047430830039526,0.20553359683794467,1,Skilled Finesse
121,202331,"George, Paul",0.521,1340,17.0,0.453125,0.081,0.302,0.369,0.248,0.12322916666666667,0.6840277777777778,0.19274305555555554,1,Skilled Finesse
122,201959,"Gibson, Taj",0.581,737,9.0,0.2847058823529412,0.21899999999999997,0.436,0.22399999999999998,0.121,0.4445647058823529,0.3364705882352941,0.21896470588235292,3,Skilled Paint Dweller
123,1938,"Ginobili, Manu",0.503,463,7.1,0.4577114427860697,0.12300000000000001,0.32,0.247,0.311,0.19880597014925375,0.5522388059701493,0.24895522388059704,1,Skilled Finesse
124,203497,"Gobert, Rudy",0.622,444,7.9,0.22826086956521738,0.28300000000000003,0.546,0.11,0.061,0.7205869565217391,0.05434782608695654,0.22506521739130433,2,Rim Runner
125,203932,"Gordon, Aaron",0.5,865,14.9,0.4053333333333333,0.08199999999999999,0.315,0.302,0.301,0.27180799999999994,0.504,0.22419200000000006,0,Assisted Finesse
126,201569,"Gordon, Eric",0.54,970,14.1,0.3710843373493976,0.096,0.249,0.276,0.379,0.1544024096385542,0.616867469879518,0.22873012048192773,0,Assisted Finesse
127,101162,"Gortat, Marcin",0.518,560,6.8,0.24482758620689654,0.152,0.6,0.201,0.047,0.4620000000000001,0.43103448275862066,0.10696551724137929,3,Skilled Paint Dweller
128,1626203,"Graham, Treveon",0.525,221,3.5,0.23958333333333334,0.077,0.255,0.298,0.37,0.15629166666666666,0.6770833333333333,0.166625,5,Catch and Shoot
129,203924,"Grant, Jerami",0.57,456,5.6,0.24180327868852458,0.20600000000000002,0.371,0.14400000000000002,0.27899999999999997,0.5694344262295082,0.23770491803278693,0.19286065573770492,2,Rim Runner
130,1626170,"Grant, Jerian",0.47600000000000003,503,6.8,0.6985645933014354,0.06,0.345,0.39799999999999996,0.19699999999999998,0.057473684210526316,0.6842105263157895,0.2583157894736842,4,Creative Scorer
131,201980,"Green, Danny",0.49,561,8.0,0.17972350230414746,0.07200000000000001,0.28300000000000003,0.305,0.34,0.16123041474654376,0.728110599078341,0.11065898617511521,5,Catch and Shoot
132,203110,"Green, Draymond",0.516,619,8.8,0.2313167259786477,0.12300000000000001,0.271,0.233,0.37200000000000005,0.43046263345195723,0.43060498220640564,0.13893238434163707,3,Skilled Paint Dweller
133,101123,"Green, Gerald",0.54,413,10.1,0.32142857142857145,0.039,0.318,0.374,0.268,0.1130654761904762,0.8273809523809523,0.05955357142857142,0,Assisted Finesse
134,203210,"Green, JaMychal",0.501,488,8.9,0.34080717488789236,0.13699999999999998,0.368,0.276,0.22,0.34526457399103144,0.38565022421524664,0.2690852017937219,3,Skilled Paint Dweller
135,201145,"Green, Jeff",0.52,618,7.9,0.34915254237288135,0.16399999999999998,0.37799999999999995,0.207,0.25,0.41369491525423724,0.38983050847457623,0.19647457627118647,3,Skilled Paint Dweller
136,201933,"Griffin, Blake",0.493,996,17.2,0.5412844036697247,0.146,0.33299999999999996,0.28,0.24100000000000002,0.20206880733944954,0.5022935779816513,0.2956376146788991,1,Skilled Finesse
137,203501,"Hardaway Jr., Tim",0.496,856,15.0,0.39166666666666666,0.109,0.318,0.379,0.193,0.19726666666666665,0.6333333333333333,0.16940000000000002,0,Assisted Finesse
138,201935,"Harden, James",0.541,1449,20.1,0.8417818740399385,0.092,0.433,0.387,0.08900000000000001,0.04445929339477727,0.5683563748079877,0.38718433179723505,4,Creative Scorer
139,203090,"Harkless, Maurice",0.5770000000000001,297,5.0,0.272108843537415,0.136,0.36200000000000004,0.21899999999999997,0.28300000000000003,0.3808571428571428,0.41496598639455784,0.20417687074829938,3,Skilled Paint Dweller
140,1626149,"Harrell, Montrezl",0.636,548,7.2,0.3333333333333333,0.22399999999999998,0.589,0.127,0.06,0.5636120689655172,0.19827586206896552,0.2381120689655173,2,Rim Runner
141,2734,"Harris, Devin",0.499,454,6.4,0.36363636363636365,0.128,0.28600000000000003,0.307,0.27899999999999997,0.2781176470588235,0.5294117647058824,0.19247058823529414,0,Assisted Finesse
142,203914,"Harris, Gary",0.57,908,13.6,0.31136363636363634,0.085,0.28600000000000003,0.37799999999999995,0.251,0.24313181818181817,0.5954545454545455,0.16141363636363637,0,Assisted Finesse
143,203925,"Harris, Joe",0.612,621,8.0,0.2098360655737705,0.099,0.292,0.327,0.282,0.2689868852459017,0.5967213114754099,0.1342918032786885,5,Catch and Shoot
144,202699,"Harris, Tobias",0.535,1221,15.3,0.40747330960854095,0.13,0.35,0.299,0.221,0.16912633451957296,0.6814946619217082,0.14937900355871886,0,Assisted Finesse
145,1626150,"Harrison, Andrew",0.47700000000000004,429,7.7,0.7071823204419889,0.08,0.38299999999999995,0.303,0.235,0.08274033149171271,0.569060773480663,0.3481988950276243,4,Creative Scorer
146,1627885,"Harrison, Shaquille",0.5,124,5.4,0.6101694915254238,0.17,0.396,0.245,0.18899999999999997,0.2878474576271186,0.13559322033898302,0.5765593220338984,1,Skilled Finesse
147,1628404,"Hart, Josh",0.573,375,6.0,0.23295454545454544,0.045,0.27699999999999997,0.373,0.305,0.30136363636363633,0.5170454545454546,0.1815909090909091,3,Skilled Paint Dweller
148,203089,"Henson, John",0.573,502,6.6,0.18466898954703834,0.15,0.573,0.165,0.113,0.5751219512195122,0.2682926829268293,0.1565853658536586,2,Rim Runner
149,1626195,"Hernangomez, Willy",0.57,164,3.4,0.3076923076923077,0.18,0.58,0.12,0.12,0.5271648351648351,0.2637362637362637,0.2090989010989011,2,Rim Runner
150,1626209,"Hezonja, Mario",0.515,617,8.2,0.32967032967032966,0.079,0.34,0.297,0.285,0.25653846153846155,0.5787545787545787,0.16470695970695973,0,Assisted Finesse
151,1627741,"Hield, Buddy",0.54,933,11.7,0.4182692307692308,0.07,0.263,0.35200000000000004,0.315,0.1082139423076923,0.7379807692307692,0.15380528846153846,0,Assisted Finesse
152,2403,Nene,0.569,239,4.6,0.21323529411764705,0.213,0.514,0.11599999999999999,0.157,0.639639705882353,0.21323529411764708,0.14712500000000006,2,Rim Runner
153,201588,"Hill, George",0.5429999999999999,513,7.7,0.5254237288135594,0.065,0.33899999999999997,0.248,0.34700000000000003,0.13139830508474576,0.7033898305084746,0.16521186440677968,1,Skilled Finesse
154,201950,"Holiday, Jrue",0.5429999999999999,1244,15.4,0.5853658536585366,0.146,0.35700000000000004,0.287,0.21,0.19189756097560975,0.5463414634146342,0.26176097560975603,1,Skilled Finesse
155,203200,"Holiday, Justin",0.474,782,10.9,0.15517241379310345,0.055999999999999994,0.266,0.391,0.287,0.1518,0.8,0.0482,5,Catch and Shoot
156,1626178,"Hollis-Jefferson, Rondae",0.48100000000000004,724,10.6,0.4298245614035088,0.11699999999999999,0.461,0.314,0.10800000000000001,0.35939181286549704,0.4619883040935673,0.1786198830409357,3,Skilled Paint Dweller
157,1626158,"Holmes, Richaun",0.568,241,5.0,0.2222222222222222,0.171,0.45,0.171,0.207,0.6001185185185186,0.22962962962962963,0.17025185185185185,2,Rim Runner
158,203918,"Hood, Rodney",0.513,751,12.5,0.48757763975155277,0.102,0.377,0.314,0.207,0.09003416149068325,0.8354037267080745,0.07456211180124223,1,Skilled Finesse
159,201143,"Horford, Al",0.5529999999999999,753,10.5,0.328804347826087,0.14300000000000002,0.29,0.212,0.354,0.22017391304347828,0.6521739130434783,0.12765217391304348,0,Assisted Finesse
160,1627863,"House, Danuel",0.49200000000000005,129,5.6,0.39285714285714285,0.10300000000000001,0.29100000000000004,0.308,0.299,0.375,0.375,0.25,3,Skilled Paint Dweller
161,2730,"Howard, Dwight",0.556,911,11.2,0.4308300395256917,0.23399999999999999,0.513,0.131,0.121,0.4349407114624506,0.22332015810276684,0.3417391304347826,3,Skilled Paint Dweller
162,201586,"Ibaka, Serge",0.552,784,10.3,0.22955145118733508,0.055,0.358,0.27399999999999997,0.313,0.18480211081794196,0.7282321899736148,0.08696569920844326,5,Catch and Shoot
163,2738,"Iguodala, Andre",0.514,320,5.0,0.35135135135135137,0.062,0.38,0.27899999999999997,0.27899999999999997,0.33087837837837836,0.43918918918918914,0.22993243243243244,3,Skilled Paint Dweller
164,101141,"Ilyasova, Ersan",0.526,613,8.9,0.17689530685920576,0.087,0.35100000000000003,0.326,0.23600000000000002,0.3066425992779784,0.552346570397112,0.14101083032490974,5,Catch and Shoot
165,204060,"Ingles, Joe",0.609,718,8.8,0.34328358208955223,0.053,0.195,0.294,0.45799999999999996,0.11946268656716419,0.7253731343283583,0.1551641791044776,0,Assisted Finesse
166,1627742,"Ingram, Brandon",0.49700000000000005,761,12.9,0.5698324022346368,0.128,0.47200000000000003,0.264,0.13699999999999998,0.23179608938547488,0.44413407821229045,0.32406983240223464,1,Skilled Finesse
167,202681,"Irving, Kyrie",0.568,1087,18.1,0.653558052434457,0.134,0.45,0.294,0.122,0.10113857677902623,0.6779026217228464,0.22095880149812733,4,Creative Scorer
168,1628371,"Isaac, Jonathan",0.434,145,5.4,0.23636363636363636,0.109,0.304,0.275,0.312,0.3456727272727273,0.49090909090909096,0.16341818181818182,3,Skilled Paint Dweller
169,1628411,"Iwundu, Wes",0.447,218,3.5,0.3978494623655914,0.163,0.36700000000000005,0.18899999999999997,0.281,0.3442580645161291,0.3763440860215054,0.27939784946236557,3,Skilled Paint Dweller
170,101127,"Jack, Jarrett",0.455,443,7.1,0.7513227513227513,0.07200000000000001,0.426,0.34,0.163,0.04766666666666667,0.7936507936507937,0.15868253968253968,4,Creative Scorer
171,1628367,"Jackson, Josh",0.44799999999999995,932,12.1,0.5578406169665809,0.175,0.361,0.261,0.20199999999999999,0.22857069408740358,0.47814910025706936,0.29328020565552704,1,Skilled Finesse
172,1628382,"Jackson, Justin",0.51,419,6.2,0.2,0.092,0.29,0.21100000000000002,0.40700000000000003,0.2703891891891892,0.6594594594594594,0.07015135135135134,5,Catch and Shoot
173,202704,"Jackson, Reggie",0.47100000000000003,577,12.8,0.8089430894308943,0.131,0.364,0.322,0.184,0.0366219512195122,0.7439024390243902,0.21947560975609756,4,Creative Scorer
174,2544,"James, LeBron",0.59,1580,19.3,0.6896149358226371,0.106,0.397,0.35200000000000004,0.145,0.21933255542590435,0.37689614935822635,0.40377129521586924,4,Creative Scorer
175,1628455,"James, Mike",0.424,321,8.9,0.8780487804878049,0.077,0.452,0.341,0.13,0.04892682926829269,0.5853658536585367,0.3657073170731707,4,Creative Scorer
176,2744,"Jefferson, Al",0.534,208,5.8,0.40540540540540543,0.212,0.45,0.20600000000000002,0.132,0.18007207207207207,0.6576576576576576,0.16227027027027027,0,Assisted Finesse
177,201973,"Jerebko, Jonas",0.562,341,4.6,0.18238993710691823,0.102,0.259,0.17600000000000002,0.46299999999999997,0.3083522012578616,0.5723270440251572,0.11932075471698114,3,Skilled Paint Dweller
178,101161,"Johnson, Amir",0.5579999999999999,260,3.5,0.32142857142857145,0.253,0.46799999999999997,0.124,0.155,0.42171428571428565,0.3571428571428571,0.2211428571428572,3,Skilled Paint Dweller
179,201949,"Johnson, James",0.55,614,8.4,0.49514563106796117,0.141,0.36700000000000005,0.2,0.292,0.27211650485436895,0.4110032362459547,0.3168802588996764,1,Skilled Finesse
180,2207,"Johnson, Joe",0.461,360,6.5,0.5684931506849316,0.087,0.275,0.322,0.317,0.013664383561643836,0.8972602739726028,0.08907534246575342,4,Creative Scorer
181,1626169,"Johnson, Stanley",0.435,560,8.1,0.4380952380952381,0.08199999999999999,0.27,0.302,0.34600000000000003,0.14773809523809522,0.5952380952380952,0.25702380952380954,0,Assisted Finesse
182,204020,"Johnson, Tyler",0.518,711,9.9,0.3074433656957929,0.079,0.251,0.342,0.32799999999999996,0.18774757281553398,0.6796116504854368,0.13264077669902913,0,Assisted Finesse
183,202325,"Johnson, Wesley",0.489,368,5.0,0.18666666666666668,0.042,0.259,0.35700000000000004,0.34299999999999997,0.20672,0.7466666666666666,0.04661333333333335,5,Catch and Shoot
184,203999,"Jokic, Nikola",0.5539999999999999,1010,13.5,0.37896825396825395,0.17,0.375,0.29100000000000004,0.163,0.1766904761904762,0.6408730158730158,0.18243650793650795,0,Assisted Finesse
185,1626145,"Jones, Tyus",0.526,328,4.0,0.4533333333333333,0.081,0.35200000000000004,0.21899999999999997,0.348,0.15983999999999998,0.64,0.20016,1,Skilled Finesse
186,201599,"Jordan, DeAndre",0.645,578,7.5,0.3351206434316354,0.24100000000000002,0.555,0.14400000000000002,0.06,0.6270563002680966,0.04557640750670244,0.32736729222520106,2,Rim Runner
187,202709,"Joseph, Cory",0.479,604,7.4,0.5625,0.057999999999999996,0.28800000000000003,0.363,0.29100000000000004,0.086,0.75,0.164,1,Skilled Finesse
188,1626163,"Kaminsky, Frank",0.501,716,9.1,0.32247557003257327,0.09699999999999999,0.341,0.217,0.344,0.17269055374592834,0.6938110749185668,0.13349837133550488,0,Assisted Finesse
189,202683,"Kanter, Enes",0.5920000000000001,713,10.0,0.509478672985782,0.27699999999999997,0.536,0.122,0.064,0.3532511848341232,0.27014218009478674,0.37660663507109005,1,Skilled Finesse
190,1628379,"Kennard, Luke",0.53,465,6.4,0.2961165048543689,0.068,0.273,0.32299999999999995,0.336,0.09215048543689319,0.8009708737864077,0.10687864077669905,0,Assisted Finesse
191,203077,"Kidd-Gilchrist, Michael",0.504,560,7.6,0.3262411347517731,0.14,0.512,0.25,0.098,0.3651063829787234,0.4148936170212766,0.22,3,Skilled Paint Dweller
192,203930,"Kilpatrick, Sean",0.452,294,5.7,0.4090909090909091,0.07200000000000001,0.264,0.365,0.3,0.19996363636363634,0.6454545454545455,0.15458181818181818,0,Assisted Finesse
193,1628467,"Kleber, Maxi",0.5529999999999999,309,4.3,0.152317880794702,0.109,0.27899999999999997,0.184,0.429,0.44392052980132446,0.4437086092715232,0.11237086092715236,3,Skilled Paint Dweller
194,2594,"Korver, Kyle",0.628,484,6.6,0.03153153153153153,0.047,0.28600000000000003,0.38,0.28600000000000003,0.10356756756756756,0.8918918918918919,0.004540540540540545,5,Catch and Shoot
195,201585,"Koufos, Kosta",0.5710000000000001,389,5.5,0.3108108108108108,0.191,0.565,0.19399999999999998,0.05,0.34256756756756757,0.472972972972973,0.18445945945945944,3,Skilled Paint Dweller
196,1628398,"Kuzma, Kyle",0.527,1039,13.5,0.3504273504273504,0.094,0.34299999999999997,0.326,0.237,0.2180128205128205,0.594017094017094,0.18797008547008548,0,Assisted Finesse
197,203897,"LaVine, Zach",0.442,355,14.8,0.6397058823529411,0.153,0.355,0.302,0.19,0.19120588235294117,0.5147058823529411,0.2940882352941177,4,Creative Scorer
198,1627746,"Labissiere, Skal",0.467,458,7.6,0.40487804878048783,0.182,0.473,0.185,0.159,0.24858536585365856,0.5560975609756098,0.19531707317073166,0,Assisted Finesse
199,203087,"Lamb, Jeremy",0.513,832,10.4,0.531578947368421,0.124,0.45299999999999996,0.253,0.16899999999999998,0.14998421052631578,0.6894736842105262,0.1605421052631579,1,Skilled Finesse
200,203499,"Larkin, Shane",0.45399999999999996,219,4.1,0.5476190476190477,0.071,0.27899999999999997,0.335,0.315,0.10702380952380952,0.6309523809523809,0.2620238095238095,1,Skilled Finesse
201,1627747,"LeVert, Caris",0.493,735,10.4,0.584375,0.099,0.35100000000000003,0.262,0.28800000000000003,0.1625,0.5,0.3375,1,Skilled Finesse
202,201584,"Lee, Courtney",0.529,755,9.9,0.40816326530612246,0.10099999999999999,0.307,0.302,0.29,0.12545772594752186,0.7434402332361516,0.13110204081632654,0,Assisted Finesse
203,203458,"Len, Alex",0.5670000000000001,378,5.5,0.32242990654205606,0.305,0.488,0.129,0.078,0.5837803738317756,0.11682242990654201,0.2993971962616823,2,Rim Runner
204,203081,"Lillard, Damian",0.519,1415,19.4,0.7262479871175523,0.113,0.35600000000000004,0.35100000000000003,0.179,0.05812077294685991,0.6344605475040257,0.3074186795491143,4,Creative Scorer
205,2733,"Livingston, Shaun",0.501,343,4.8,0.47093023255813954,0.15,0.63,0.171,0.049,0.31386627906976744,0.6453488372093024,0.04078488372093023,1,Skilled Finesse
206,201572,"Lopez, Brook",0.536,793,10.7,0.3224932249322493,0.092,0.366,0.193,0.35,0.19768834688346884,0.6775067750677507,0.1248048780487805,0,Assisted Finesse
207,201577,"Lopez, Robin",0.5329999999999999,645,10.1,0.26900584795321636,0.20600000000000002,0.447,0.131,0.21600000000000003,0.3072456140350877,0.5146198830409356,0.1781345029239766,3,Skilled Paint Dweller
208,201567,"Love, Kevin",0.552,729,12.4,0.218562874251497,0.077,0.305,0.292,0.327,0.23656586826347306,0.6377245508982036,0.12570958083832334,5,Catch and Shoot
209,200768,"Lowry, Kyle",0.5529999999999999,944,12.1,0.511166253101737,0.064,0.337,0.355,0.245,0.08174689826302728,0.7121588089330024,0.2060942928039702,1,Skilled Finesse
210,1627789,"Luwawu-Cabarrot, Timothe",0.474,267,5.1,0.09,0.11,0.19899999999999998,0.207,0.484,0.35991000000000006,0.5700000000000001,0.07008999999999997,3,Skilled Paint Dweller
211,1626168,"Lyles, Trey",0.5660000000000001,550,7.5,0.2518518518518518,0.14,0.35,0.271,0.23800000000000002,0.34448148148148144,0.5148148148148148,0.14070370370370372,3,Skilled Paint Dweller
212,202714,"Mack, Shelvin",0.488,414,6.0,0.5786516853932584,0.149,0.34,0.247,0.263,0.15730337078651685,0.550561797752809,0.29213483146067415,1,Skilled Finesse
213,101133,"Mahinmi, Ian",0.556,248,3.2,0.37681159420289856,0.23199999999999998,0.591,0.114,0.064,0.4562608695652174,0.21739130434782605,0.3263478260869565,3,Skilled Paint Dweller
214,1627748,"Maker, Thon",0.46,316,4.3,0.07692307692307693,0.075,0.29100000000000004,0.226,0.408,0.3232,0.6,0.07680000000000002,5,Catch and Shoot
215,1628374,"Markkanen, Lauri",0.518,862,12.7,0.232620320855615,0.12300000000000001,0.303,0.324,0.25,0.2859625668449198,0.5855614973262032,0.12847593582887704,3,Skilled Paint Dweller
216,1626185,"Martin, Jarell",0.48,496,6.8,0.3076923076923077,0.145,0.306,0.295,0.253,0.3301357466063348,0.4570135746606335,0.21285067873303168,3,Skilled Paint Dweller
217,1628412,"Mason, Frank",0.42,380,7.3,0.6944444444444444,0.1,0.493,0.248,0.16,0.11814583333333334,0.6319444444444444,0.24990972222222224,4,Creative Scorer
218,202083,"Matthews, Wesley",0.516,697,11.1,0.34275618374558303,0.06,0.235,0.33,0.375,0.056480565371024735,0.872791519434629,0.07072791519434629,0,Assisted Finesse
219,201601,"Mbah a Moute, Luc",0.5720000000000001,345,5.7,0.14457831325301204,0.14400000000000002,0.245,0.263,0.348,0.4758313253012048,0.40963855421686746,0.11453012048192776,2,Rim Runner
220,1627775,"McCaw, Patrick",0.451,225,3.9,0.2391304347826087,0.126,0.33,0.28600000000000003,0.257,0.4130978260869565,0.40217391304347827,0.18472826086956526,3,Skilled Paint Dweller
221,203468,"McCollum, CJ",0.506,1505,18.6,0.6671664167916042,0.092,0.38,0.35600000000000004,0.172,0.05095952023988006,0.7526236881559221,0.19641679160419792,4,Creative Scorer
222,204456,"McConnell, T.J.",0.531,421,5.5,0.6,0.08900000000000001,0.386,0.302,0.223,0.12392857142857144,0.6428571428571428,0.2332142857142857,1,Skilled Finesse
223,203926,"McDermott, Doug",0.557,508,6.3,0.0970464135021097,0.09300000000000001,0.345,0.311,0.252,0.3882194092827004,0.5527426160337553,0.059037974683544304,3,Skilled Paint Dweller
224,203463,"McLemore, Ben",0.495,373,6.7,0.20382165605095542,0.087,0.355,0.285,0.273,0.2803821656050955,0.6050955414012739,0.11452229299363059,5,Catch and Shoot
225,201975,"Meeks, Jodie",0.491,393,5.1,0.15286624203821655,0.10400000000000001,0.311,0.281,0.303,0.17208917197452228,0.7579617834394905,0.06994904458598727,5,Catch and Shoot
226,1626175,"Mickey, Jordan",0.488,82,3.6,0.3333333333333333,0.21100000000000002,0.447,0.105,0.237,0.5383589743589744,0.2564102564102564,0.20523076923076916,2,Rim Runner
227,203114,"Middleton, Khris",0.524,1272,15.5,0.47048903878583476,0.081,0.419,0.33399999999999996,0.16699999999999998,0.11463237774030352,0.8026981450252951,0.08266947723440135,1,Skilled Finesse
228,101139,"Miles, CJ",0.516,599,8.6,0.14977973568281938,0.078,0.335,0.35100000000000003,0.23600000000000002,0.11013215859030837,0.8237885462555066,0.06607929515418502,5,Catch and Shoot
229,203121,"Miller, Darius",0.594,487,5.9,0.1574074074074074,0.027000000000000003,0.192,0.397,0.384,0.0185,0.9583333333333334,0.02316666666666667,5,Catch and Shoot
230,201988,"Mills, Patty",0.523,682,8.3,0.3678571428571429,0.033,0.22899999999999998,0.348,0.39,0.10356785714285714,0.8321428571428572,0.06428928571428572,0,Assisted Finesse
231,200794,"Millsap, Paul",0.509,435,11.4,0.4207920792079208,0.11800000000000001,0.38,0.285,0.218,0.20779702970297026,0.6386138613861386,0.1535891089108911,0,Assisted Finesse
232,202703,"Mirotic, Nikola",0.546,684,12.4,0.24836601307189543,0.071,0.293,0.41,0.225,0.2222124183006536,0.6830065359477124,0.094781045751634,5,Catch and Shoot
233,1628378,"Mitchell, Donovan",0.506,1362,17.2,0.6235294117647059,0.08,0.379,0.3,0.24,0.12088739495798322,0.5915966386554622,0.28751596638655463,4,Creative Scorer
234,1628370,"Monk, Malik",0.45799999999999996,425,6.7,0.48366013071895425,0.049,0.303,0.381,0.267,0.0784313725490196,0.803921568627451,0.11764705882352941,1,Skilled Finesse
235,202328,"Monroe, Greg",0.565,386,7.6,0.48623853211009177,0.305,0.544,0.12,0.031,0.39880733944954133,0.26146788990825687,0.3397247706422018,3,Skilled Paint Dweller
236,202734,"Moore, E'Twaun",0.585,832,10.1,0.2553191489361702,0.094,0.374,0.295,0.237,0.2293049645390071,0.6761229314420804,0.09457210401891254,5,Catch and Shoot
237,202694,"Morris, Marcus",0.499,611,11.3,0.37404580152671757,0.064,0.33399999999999996,0.34600000000000003,0.256,0.12219847328244277,0.7786259541984732,0.09917557251908396,0,Assisted Finesse
238,202693,"Morris, Markieff",0.536,687,9.4,0.2545454545454545,0.113,0.377,0.245,0.265,0.21516060606060605,0.693939393939394,0.09090000000000001,5,Catch and Shoot
239,1626144,"Mudiay, Emmanuel",0.433,526,8.2,0.5833333333333334,0.09699999999999999,0.316,0.373,0.213,0.19105882352941175,0.5882352941176471,0.22070588235294117,1,Skilled Finesse
240,1627749,"Murray, Dejounte",0.451,609,7.5,0.6518518518518519,0.13699999999999998,0.493,0.252,0.11900000000000001,0.2074851851851852,0.44074074074074077,0.3517740740740741,4,Creative Scorer
241,1627750,"Murray, Jamal",0.529,1062,13.1,0.47390396659707723,0.091,0.301,0.306,0.303,0.14812108559498957,0.686847599164927,0.1650313152400835,1,Skilled Finesse
242,203488,"Muscala, Mike",0.5579999999999999,312,5.9,0.1958041958041958,0.099,0.212,0.18899999999999997,0.5,0.1956923076923077,0.6293706293706294,0.17493706293706293,5,Catch and Shoot
243,1627846,"Nader, Abdel",0.413,149,3.1,0.38,0.109,0.39899999999999997,0.203,0.29,0.12,0.6,0.28,0,Assisted Finesse
244,1626204,"Nance Jr., Larry",0.584,413,6.3,0.25416666666666665,0.13699999999999998,0.45899999999999996,0.165,0.239,0.5539875,0.22083333333333333,0.22517916666666668,2,Rim Runner
245,203894,"Napier, Shabazz",0.49700000000000005,531,7.2,0.5829596412556054,0.062,0.289,0.408,0.24100000000000002,0.07619730941704037,0.7354260089686099,0.18837668161434976,1,Skilled Finesse
246,2749,"Nelson, Jameer",0.473,244,4.9,0.5052631578947369,0.03,0.2,0.455,0.315,0.10536842105263158,0.7263157894736842,0.16831578947368422,1,Skilled Finesse
247,203526,"Neto, Raul",0.52,151,3.7,0.5217391304347826,0.08800000000000001,0.33799999999999997,0.25,0.324,0.1883478260869565,0.4782608695652174,0.3333913043478261,1,Skilled Finesse
248,203457,"Noel, Nerlens",0.524,105,3.5,0.2,0.177,0.49,0.24,0.094,0.545290909090909,0.2909090909090909,0.16379999999999997,2,Rim Runner
249,1717,"Nowitzki, Dirk",0.547,758,9.8,0.13583815028901733,0.045,0.359,0.359,0.23800000000000002,0.043375722543352604,0.9190751445086706,0.037549132947976877,5,Catch and Shoot
250,1628373,"Ntilikina, Frank",0.414,500,6.4,0.5384615384615384,0.059000000000000004,0.33799999999999997,0.321,0.28300000000000003,0.11,0.6978021978021978,0.19219780219780222,1,Skilled Finesse
251,203994,"Nurkic, Jusuf",0.505,951,12.0,0.30625,0.264,0.467,0.149,0.12,0.44980000000000003,0.35,0.20019999999999996,3,Skilled Paint Dweller
252,1628021,"Nwaba, David",0.499,423,6.0,0.4405940594059406,0.27,0.439,0.147,0.14400000000000002,0.3912475247524753,0.26732673267326734,0.3414257425742574,3,Skilled Paint Dweller
253,203948,"O'Bryant III, Johnny",0.439,171,4.8,0.35294117647058826,0.098,0.384,0.293,0.226,0.20576470588235293,0.6470588235294117,0.1471764705882353,0,Assisted Finesse
254,1626220,"O'Neale, Royce",0.496,284,4.1,0.375,0.077,0.303,0.184,0.43700000000000006,0.25853333333333334,0.5333333333333333,0.20813333333333336,0,Assisted Finesse
255,203124,"O'Quinn, Kyle",0.589,384,5.0,0.33482142857142855,0.213,0.396,0.263,0.127,0.41528125000000005,0.3883928571428571,0.19632589285714283,3,Skilled Paint Dweller
256,2731,"Okafor, Emeka",0.505,95,3.7,0.20833333333333334,0.14300000000000002,0.512,0.23800000000000002,0.107,0.4585416666666666,0.35416666666666663,0.18729166666666672,3,Skilled Paint Dweller
257,1626143,"Okafor, Jahlil",0.562,138,4.9,0.5194805194805194,0.177,0.589,0.16899999999999998,0.065,0.3245714285714285,0.4285714285714286,0.24685714285714289,1,Skilled Finesse
258,203506,"Oladipo, Victor",0.537,1342,17.9,0.6515625,0.08,0.33899999999999997,0.39899999999999997,0.183,0.1016,0.603125,0.295275,4,Creative Scorer
259,203482,"Olynyk, Kelly",0.58,636,8.4,0.34177215189873417,0.099,0.24,0.16899999999999998,0.49200000000000005,0.24035759493670886,0.5221518987341772,0.23749050632911392,0,Assisted Finesse
260,1626162,"Oubre Jr., Kelly",0.48200000000000004,790,9.8,0.31446540880503143,0.121,0.27699999999999997,0.28800000000000003,0.313,0.22954716981132073,0.5849056603773585,0.18554716981132077,0,Assisted Finesse
261,2585,"Pachulia, Zaza",0.564,264,3.8,0.18120805369127516,0.159,0.42700000000000005,0.16699999999999998,0.247,0.6243221476510067,0.2348993288590604,0.14077852348993292,2,Rim Runner
262,203953,"Parker, Jabari",0.529,332,10.7,0.34375,0.131,0.353,0.308,0.20800000000000002,0.3189624999999999,0.50625,0.17478750000000004,3,Skilled Paint Dweller
263,2225,"Parker, Tony",0.47200000000000003,388,7.1,0.6797752808988764,0.107,0.34700000000000003,0.342,0.205,0.1122247191011236,0.5056179775280899,0.3821573033707865,4,Creative Scorer
264,202718,"Parsons, Chandler",0.5710000000000001,234,6.5,0.4166666666666667,0.045,0.281,0.397,0.27699999999999997,0.111,0.75,0.139,0,Assisted Finesse
265,202335,"Patterson, Patrick",0.523,266,3.2,0.1509433962264151,0.068,0.184,0.252,0.496,0.11311320754716982,0.7924528301886793,0.09443396226415095,5,Catch and Shoot
266,101108,"Paul, Chris",0.55,798,13.8,0.8555858310626703,0.031,0.306,0.46799999999999997,0.196,0.035367847411444144,0.8501362397820164,0.11449591280653952,4,Creative Scorer
267,1626166,"Payne, Cameron",0.486,215,8.6,0.6551724137931034,0.063,0.304,0.304,0.33,0.0688735632183908,0.6781609195402298,0.25296551724137933,4,Creative Scorer
268,203901,"Payton, Elfrid",0.516,667,10.6,0.7355623100303952,0.193,0.44,0.226,0.141,0.16086322188449848,0.38601823708206684,0.45311854103343463,4,Creative Scorer
269,203486,"Plumlee, Mason",0.601,368,5.0,0.2850678733031674,0.275,0.521,0.133,0.071,0.6336199095022624,0.14027149321266963,0.22610859728506788,2,Rim Runner
270,203101,"Plumlee, Miles",0.583,180,3.3,0.21904761904761905,0.2,0.5820000000000001,0.182,0.036000000000000004,0.6281904761904761,0.19047619047619047,0.1813333333333334,2,Rim Runner
271,1627751,"Poeltl, Jakob",0.66,384,4.7,0.26877470355731226,0.29600000000000004,0.526,0.124,0.055,0.6280592885375496,0.12648221343873522,0.24545849802371536,2,Rim Runner
272,203490,"Porter Jr., Otto",0.581,885,11.5,0.2808988764044944,0.076,0.304,0.363,0.256,0.16396404494382022,0.7393258426966292,0.09671011235955057,0,Assisted Finesse
273,1626171,"Portis, Bobby",0.52,811,11.1,0.36387434554973824,0.184,0.294,0.27699999999999997,0.24600000000000002,0.19638743455497382,0.5942408376963351,0.20937172774869112,0,Assisted Finesse
274,204001,"Porzingis, Kristaps",0.489,889,18.5,0.2743589743589744,0.162,0.433,0.242,0.162,0.16150769230769232,0.7769230769230769,0.06156923076923075,5,Catch and Shoot
275,203939,"Powell, Dwight",0.626,430,5.4,0.15294117647058825,0.139,0.44299999999999995,0.146,0.272,0.6356549019607843,0.2313725490196078,0.13297254901960778,2,Rim Runner
276,1626181,"Powell, Norman",0.47200000000000003,374,5.3,0.4066666666666667,0.091,0.303,0.33399999999999996,0.271,0.19992,0.5466666666666666,0.25341333333333327,0,Assisted Finesse
277,1627752,"Prince, Taurean",0.516,975,11.9,0.4,0.057999999999999996,0.316,0.355,0.271,0.14693012048192772,0.6433734939759036,0.20969638554216868,0,Assisted Finesse
278,1628397,"Rabb, Ivan",0.5660000000000001,152,4.2,0.313953488372093,0.179,0.436,0.264,0.121,0.3373023255813954,0.43023255813953487,0.23246511627906974,3,Skilled Paint Dweller
279,203944,"Randle, Julius",0.563,904,11.0,0.45634920634920634,0.251,0.532,0.11900000000000001,0.098,0.46226388888888886,0.20436507936507942,0.3333710317460318,3,Skilled Paint Dweller
280,2216,"Randolph, Zach",0.507,763,12.9,0.518005540166205,0.159,0.358,0.26,0.223,0.1663379501385042,0.6149584487534626,0.21870360110803325,1,Skilled Finesse
281,200755,"Redick, JJ",0.569,879,12.6,0.16831683168316833,0.022000000000000002,0.32299999999999995,0.35700000000000004,0.299,0.10645544554455444,0.8811881188118812,0.012356435643564367,5,Catch and Shoot
282,1628432,"Reed, Davon",0.36200000000000004,76,3.6,0.2727272727272727,0.013999999999999999,0.203,0.42,0.36200000000000004,0.09090909090909091,0.7727272727272727,0.13636363636363635,5,Catch and Shoot
283,1626196,"Richardson, Josh",0.523,885,10.9,0.42606516290726815,0.092,0.348,0.315,0.245,0.1505263157894737,0.6741854636591479,0.17528822055137844,0,Assisted Finesse
284,1627781,"Richardson, Malachi",0.4,90,3.5,0.3,0.073,0.268,0.195,0.46299999999999997,0.1666,0.7666666666666666,0.06673333333333331,0,Assisted Finesse
285,203085,"Rivers, Austin",0.508,805,13.2,0.6656891495601173,0.127,0.315,0.326,0.23199999999999998,0.11142228739002932,0.563049853372434,0.32552785923753663,4,Creative Scorer
286,203460,"Roberson, Andre",0.562,162,4.2,0.21839080459770116,0.171,0.386,0.16399999999999998,0.27899999999999997,0.6892068965517241,0.09195402298850575,0.2188390804597701,2,Rim Runner
287,203922,"Robinson III, Glenn",0.506,85,3.7,0.2222222222222222,0.063,0.263,0.25,0.425,0.22233333333333338,0.6666666666666667,0.11099999999999999,5,Catch and Shoot
288,200765,"Rondo, Rajon",0.518,494,7.6,0.6796536796536796,0.11800000000000001,0.313,0.217,0.35200000000000004,0.12966233766233765,0.4458874458874459,0.42445021645021647,4,Creative Scorer
289,201565,"Rose, Derrick",0.45399999999999996,186,7.4,0.5802469135802469,0.106,0.41200000000000003,0.359,0.124,0.29640740740740734,0.345679012345679,0.3579135802469136,1,Skilled Finesse
290,203082,"Ross, Terrence",0.47600000000000003,191,8.0,0.25,0.055,0.337,0.40299999999999997,0.204,0.15789473684210525,0.736842105263158,0.10526315789473684,5,Catch and Shoot
291,1626179,"Rozier, Terry",0.491,800,10.0,0.5221518987341772,0.07400000000000001,0.294,0.34600000000000003,0.28600000000000003,0.06645253164556962,0.7373417721518987,0.19620569620253164,1,Skilled Finesse
292,201937,"Rubio, Ricky",0.47600000000000003,827,10.7,0.5520231213872833,0.07400000000000001,0.225,0.313,0.38799999999999996,0.05195375722543352,0.7572254335260116,0.1908208092485549,1,Skilled Finesse
293,1626156,"Russell, D'Angelo",0.48100000000000004,672,14.0,0.6942446043165468,0.08199999999999999,0.4,0.34,0.179,0.07900719424460431,0.7266187050359711,0.1943741007194245,4,Creative Scorer
294,1627734,"Sabonis, Domantas",0.524,661,8.9,0.2529411764705882,0.201,0.43799999999999994,0.139,0.222,0.4497058823529411,0.3529411764705882,0.19735294117647062,3,Skilled Paint Dweller
295,203960,"Sampson, JaKarr",0.574,81,3.7,0.4090909090909091,0.23,0.43200000000000005,0.17600000000000002,0.162,0.3638181818181819,0.34090909090909094,0.29527272727272724,3,Skilled Paint Dweller
296,203967,"Saric, Dario",0.541,890,11.4,0.20595533498759305,0.095,0.278,0.309,0.318,0.2953399503722085,0.5880893300248139,0.11657071960297763,3,Skilled Paint Dweller
297,203107,"Satoransky, Tomas",0.585,384,5.3,0.36318407960199006,0.098,0.405,0.196,0.302,0.2538805970149254,0.5970149253731343,0.1491044776119403,0,Assisted Finesse
298,203471,"Schroder, Dennis",0.469,1146,17.1,0.75,0.121,0.395,0.297,0.187,0.05809199999999999,0.5880000000000001,0.353908,4,Creative Scorer
299,203118,"Scott, Mike",0.59,524,6.9,0.1956521739130435,0.07200000000000001,0.324,0.272,0.332,0.19554347826086954,0.7463768115942029,0.05807971014492756,5,Catch and Shoot
300,200757,"Sefolosha, Thabo",0.5579999999999999,240,6.3,0.288135593220339,0.1,0.299,0.204,0.39799999999999996,0.3220593220338983,0.48305084745762716,0.19488983050847458,3,Skilled Paint Dweller
301,1627782,"Selden, Wayne",0.522,269,7.7,0.4051724137931034,0.07200000000000001,0.345,0.353,0.22899999999999998,0.15505172413793103,0.7068965517241379,0.13805172413793104,0,Assisted Finesse
302,201196,"Sessions, Ramon",0.39299999999999996,117,4.2,0.47619047619047616,0.20600000000000002,0.355,0.215,0.22399999999999998,0.262,0.5,0.23799999999999996,1,Skilled Finesse
303,1627783,"Siakam, Pascal",0.537,498,6.1,0.2766798418972332,0.122,0.406,0.162,0.31,0.5100790513833992,0.2964426877470355,0.19347826086956524,2,Rim Runner
304,1627732,"Simmons, Ben",0.545,998,12.3,0.65625,0.17600000000000002,0.551,0.215,0.059000000000000004,0.26125919117647056,0.31066176470588236,0.4280790441176471,1,Skilled Finesse
305,203613,"Simmons, Jonathon",0.511,761,11.0,0.5508474576271186,0.204,0.365,0.258,0.174,0.17782768361581922,0.5451977401129944,0.27697457627118643,1,Skilled Finesse
306,1628424,"Simmons, Kobi",0.452,189,5.9,0.5125,0.114,0.34700000000000003,0.29,0.25,0.2626875,0.4375,0.2998124999999999,1,Skilled Finesse
307,203935,"Smart, Marcus",0.44,515,9.5,0.4973544973544973,0.099,0.324,0.299,0.278,0.12704761904761905,0.6931216931216931,0.17983068783068787,1,Skilled Finesse
308,202397,"Smith, Ish",0.507,801,9.8,0.7583547557840618,0.106,0.353,0.36700000000000005,0.174,0.07697686375321336,0.609254498714653,0.3137686375321337,4,Creative Scorer
309,2747,"Smith, JR",0.524,595,7.4,0.325,0.043,0.27699999999999997,0.41600000000000004,0.264,0.06251666666666666,0.8708333333333333,0.06665,0,Assisted Finesse
310,1628372,"Smith Jr., Dennis",0.446,1024,14.8,0.7054455445544554,0.134,0.299,0.35,0.218,0.11635643564356436,0.48514851485148514,0.3984950495049505,4,Creative Scorer
311,203503,"Snell, Tony",0.562,425,5.7,0.15675675675675677,0.057999999999999996,0.188,0.266,0.489,0.18381621621621622,0.7351351351351352,0.08104864864864862,5,Catch and Shoot
312,201578,"Speights, Marreese",0.519,349,6.7,0.15942028985507245,0.079,0.226,0.312,0.382,0.09417391304347826,0.8623188405797102,0.04350724637681158,5,Catch and Shoot
313,203917,"Stauskas, Nik",0.519,154,3.8,0.3333333333333333,0.034,0.215,0.389,0.36200000000000004,0.1,0.75,0.15,0,Assisted Finesse
314,202362,"Stephenson, Lance",0.475,709,8.6,0.6567656765676567,0.07400000000000001,0.28800000000000003,0.348,0.29,0.13212211221122114,0.5610561056105611,0.3068217821782179,4,Creative Scorer
315,1628369,"Tatum, Jayson",0.5379999999999999,835,10.4,0.34005037783375314,0.13,0.33899999999999997,0.28300000000000003,0.248,0.26453400503778335,0.5516372795969773,0.18382871536523931,0,Assisted Finesse
316,1627819,"Taylor, Isaiah",0.444,390,5.8,0.6748466257668712,0.14400000000000002,0.465,0.158,0.23399999999999999,0.15923926380368097,0.36809815950920244,0.47266257668711653,4,Creative Scorer
317,201952,"Teague, Jeff",0.499,794,11.3,0.788135593220339,0.11699999999999999,0.401,0.228,0.254,0.039610169491525425,0.652542372881356,0.3078474576271186,4,Creative Scorer
318,202066,"Temple, Garrett",0.512,476,7.3,0.36683417085427134,0.066,0.228,0.368,0.33899999999999997,0.1105326633165829,0.7638190954773869,0.12564824120603016,0,Assisted Finesse
319,1628462,"Teodosic, Milos",0.542,360,8.0,0.46357615894039733,0.031,0.27899999999999997,0.39299999999999996,0.29600000000000004,0.019867549668874173,0.9006622516556292,0.07947019867549669,1,Skilled Finesse
320,1628464,"Theis, Daniel",0.579,233,3.7,0.20634920634920634,0.183,0.282,0.225,0.31,0.46011111111111114,0.3492063492063492,0.19068253968253962,3,Skilled Paint Dweller
321,202738,"Thomas, Isaiah",0.43799999999999994,421,13.2,0.6305732484076433,0.063,0.397,0.384,0.156,0.07643312101910828,0.694267515923567,0.22929936305732485,4,Creative Scorer
322,202498,"Thomas, Lance",0.47600000000000003,267,3.7,0.2549019607843137,0.065,0.26,0.301,0.374,0.12734313725490196,0.696078431372549,0.176578431372549,5,Catch and Shoot
323,202691,"Thompson, Klay",0.585,1178,16.1,0.17391304347826086,0.06,0.375,0.335,0.22899999999999998,0.1426295652173913,0.8243478260869566,0.03302260869565217,5,Catch and Shoot
324,202684,"Thompson, Tristan",0.562,235,4.4,0.2878787878787879,0.16699999999999998,0.62,0.14400000000000002,0.069,0.560689393939394,0.1742424242424242,0.2650681818181818,2,Rim Runner
325,1628414,"Thornwell, Sindarius",0.479,233,3.2,0.24,0.152,0.40399999999999997,0.16699999999999998,0.278,0.34992000000000006,0.52,0.13007999999999995,3,Skilled Paint Dweller
326,201229,"Tolliver, Anthony",0.632,472,6.0,0.0730593607305936,0.040999999999999995,0.188,0.349,0.42100000000000004,0.1598173515981735,0.771689497716895,0.06849315068493152,5,Catch and Shoot
327,1626157,"Towns, Karl-Anthony",0.596,1172,14.3,0.29577464788732394,0.179,0.392,0.21899999999999997,0.209,0.31590610328638496,0.511737089201878,0.17235680751173707,3,Skilled Paint Dweller
328,200782,"Tucker, PJ",0.52,441,5.4,0.1511627906976744,0.055,0.138,0.214,0.594,0.12209302325581395,0.7558139534883721,0.12209302325581395,5,Catch and Shoot
329,202323,"Turner, Evan",0.484,577,7.3,0.6434108527131783,0.063,0.369,0.324,0.244,0.10083333333333332,0.7868217054263567,0.11234496124031008,4,Creative Scorer
330,1626167,"Turner, Myles",0.523,639,9.8,0.21895424836601307,0.083,0.255,0.212,0.449,0.2223627450980392,0.6372549019607843,0.14038235294117649,5,Catch and Shoot
331,1627755,"Ulis, Tyler",0.426,551,7.8,0.7429906542056075,0.069,0.261,0.32,0.35,0.037383177570093455,0.8504672897196262,0.11214953271028037,4,Creative Scorer
332,202685,"Valanciunas, Jonas",0.59,687,8.9,0.3435897435897436,0.203,0.502,0.135,0.16,0.38995384615384615,0.3897435897435897,0.22030256410256407,3,Skilled Paint Dweller
333,1627756,"Valentine, Denzel",0.517,721,9.4,0.3687707641196013,0.028999999999999998,0.27,0.295,0.406,0.12956478405315613,0.8039867109634551,0.06644850498338872,0,Assisted Finesse
334,1627832,"VanVleet, Fred",0.525,545,7.2,0.5086206896551724,0.121,0.332,0.185,0.36200000000000004,0.12083620689655174,0.5387931034482758,0.34037068965517236,1,Skilled Finesse
335,203943,"Vonleh, Noah",0.48700000000000004,234,4.3,0.4230769230769231,0.18600000000000003,0.326,0.21899999999999997,0.27,0.23074038461538465,0.45192307692307687,0.3173365384615385,0,Assisted Finesse
336,202696,"Vucevic, Nikola",0.513,840,14.7,0.2756892230576441,0.111,0.33,0.22399999999999998,0.335,0.2281203007518797,0.6290726817042607,0.14280701754385966,0,Assisted Finesse
337,2548,"Wade, Dwyane",0.462,682,10.2,0.5852842809364549,0.08800000000000001,0.461,0.32799999999999996,0.12300000000000001,0.25411371237458197,0.5150501672240803,0.23083612040133777,1,Skilled Finesse
338,203079,"Waiters, Dion",0.461,410,13.7,0.6380368098159509,0.076,0.331,0.396,0.19699999999999998,0.043122699386503066,0.5644171779141105,0.3924601226993865,4,Creative Scorer
339,202689,"Walker, Kemba",0.516,1363,17.0,0.7193877551020408,0.1,0.324,0.358,0.217,0.04750850340136054,0.685374149659864,0.2671173469387755,4,Creative Scorer
340,202322,"Wall, John",0.466,667,16.3,0.7785714285714286,0.09300000000000001,0.312,0.401,0.193,0.06056428571428571,0.5035714285714286,0.4358642857142857,4,Creative Scorer
341,1627820,"Wallace, Tyrone",0.466,247,8.2,0.38181818181818183,0.147,0.517,0.171,0.166,0.3726545454545455,0.44545454545454544,0.18189090909090908,3,Skilled Paint Dweller
342,203933,"Warren, TJ",0.507,1063,16.4,0.3686200378071834,0.141,0.479,0.251,0.13,0.35892816635160685,0.45368620037807184,0.18738563327032134,3,Skilled Paint Dweller
343,2561,"West, David",0.575,378,5.2,0.24074074074074073,0.131,0.341,0.253,0.275,0.35180555555555554,0.5277777777777778,0.12041666666666667,3,Skilled Paint Dweller
344,201566,"Westbrook, Russell",0.47700000000000004,1687,21.1,0.7965653896961691,0.124,0.37799999999999995,0.37200000000000005,0.126,0.10592470277410833,0.4782034346103038,0.41587186261558784,4,Creative Scorer
345,202355,"Whiteside, Hassan",0.542,578,10.7,0.41025641025641024,0.196,0.509,0.20199999999999999,0.09300000000000001,0.36242948717948714,0.3685897435897436,0.26898076923076925,3,Skilled Paint Dweller
346,203952,"Wiggins, Andrew",0.48100000000000004,1300,15.9,0.45518453427065025,0.135,0.42100000000000004,0.265,0.18,0.22135325131810196,0.5975395430579965,0.18110720562390156,1,Skilled Finesse
347,203710,"Williams, C.J.",0.49700000000000005,197,5.2,0.2988505747126437,0.065,0.33299999999999996,0.29,0.312,0.27597701149425286,0.5977011494252873,0.1263218390804598,3,Skilled Paint Dweller
348,101150,"Williams, Lou",0.505,1337,16.9,0.627147766323024,0.105,0.382,0.348,0.165,0.08063573883161512,0.6735395189003437,0.2458247422680412,4,Creative Scorer
349,101107,"Williams, Marvin",0.57,563,7.2,0.1821705426356589,0.081,0.28,0.278,0.361,0.18984496124031006,0.6937984496124031,0.11635658914728682,5,Catch and Shoot
350,1627786,"Williams, Troy",0.518,109,5.2,0.3137254901960784,0.10099999999999999,0.32299999999999995,0.303,0.273,0.4117647058823529,0.3137254901960784,0.27450980392156865,3,Skilled Paint Dweller
351,1626159,"Winslow, Justise",0.474,488,7.2,0.4057971014492754,0.08199999999999999,0.44,0.18,0.298,0.2654492753623189,0.4492753623188406,0.2852753623188406,0,Assisted Finesse
352,201148,"Wright, Brandan",0.578,102,3.6,0.1864406779661017,0.295,0.495,0.18899999999999997,0.021,0.6779661016949152,0.15254237288135597,0.16949152542372878,2,Rim Runner
353,1626153,"Wright, Delon",0.53,432,6.3,0.6019900497512438,0.153,0.37200000000000005,0.14800000000000002,0.32799999999999996,0.15402985074626865,0.4029850746268657,0.44298507462686565,1,Skilled Finesse
354,1626202,"Young, Joe",0.49700000000000005,186,3.5,0.55,0.08,0.257,0.337,0.326,0.0623875,0.7125,0.2251125,1,Skilled Finesse
355,201156,"Young, Nick",0.5379999999999999,488,6.1,0.208955223880597,0.033,0.361,0.40299999999999997,0.203,0.08453731343283581,0.8805970149253731,0.03486567164179105,5,Catch and Shoot
356,201152,"Young, Thaddeus",0.521,864,10.7,0.3824228028503563,0.168,0.42200000000000004,0.16699999999999998,0.243,0.32568171021377673,0.44893111638954875,0.2253871733966746,3,Skilled Paint Dweller
357,203469,"Zeller, Cody",0.551,156,4.7,0.2,0.163,0.563,0.08900000000000001,0.185,0.5295529411764706,0.2705882352941177,0.19985882352941176,2,Rim Runner
358,203092,"Zeller, Tyler",0.575,334,5.1,0.22994652406417113,0.21899999999999997,0.47700000000000004,0.134,0.17,0.5348128342245989,0.267379679144385,0.19780748663101605,2,Rim Runner
359,1627835,"Zipser, Paul",0.425,234,4.3,0.2345679012345679,0.064,0.295,0.295,0.345,0.17274074074074075,0.7283950617283951,0.09886419753086419,5,Catch and Shoot
